# https://github.com/mikedh/trimesh
v 0.04663874 1.68874276 0.06330592
v 0.04085452 1.67516220 0.07296694
v 0.05212027 1.67007029 0.06462564
v 0.05824419 1.67930484 0.05367719
v 0.04819582 1.66167116 0.07226694
v 0.03797065 1.66402972 0.07888503
v 0.05932267 1.66215253 0.05545148
v 0.06506382 1.66702485 0.04421902
v 0.06615122 1.62384331 0.05109812
v 0.07073849 1.61741805 0.04237771
v 0.07031049 1.63012719 0.04178371
v 0.06444971 1.63324344 0.05016617
v 0.06624984 1.59688962 0.05304467
v 0.06011950 1.58937430 0.06315129
v 0.06272161 1.57838321 0.05496930
v 0.06749384 1.58541536 0.04367141
v 0.02580002 1.60776711 0.08399159
v 0.03151014 1.60098398 0.08421180
v 0.03552369 1.60763395 0.08192859
v 0.02917572 1.61353517 0.08164901
v 0.01633382 1.61894298 0.08822422
v 0.01756184 1.62367058 0.08382504
v 0.01256681 1.62858033 0.08825622
v 0.01229662 1.62340271 0.09390405
v 0.02027573 1.60243404 0.08528988
v 0.02631648 1.59535539 0.08524318
v 0.02103017 1.61385870 0.08454014
v 0.01894023 1.60983288 0.08767008
v 0.01612862 1.60608840 0.09964615
v 0.01764290 1.61052072 0.09715547
v 0.01413781 1.61302364 0.10374860
v 0.01285336 1.60738516 0.10431825
v 0.01894321 1.60315967 0.09029438
v 0.01954848 1.60683489 0.09259751
v 0.01704148 1.60355043 0.09569731
v 0.01546067 1.60058963 0.09294475
v 0.01575757 1.61511731 0.09217356
v 0.01279072 1.61863434 0.09883580
v 0.00871570 1.62153494 0.10571663
v 0.00971581 1.61401892 0.11090930
v 0.04290907 1.58602631 0.08043212
v 0.03759889 1.59377003 0.08326576
v 0.03229380 1.58885419 0.08465576
v 0.03729856 1.58270931 0.08280062
v 0.01663366 1.59669363 0.09014834
v 0.02048935 1.58036506 0.09392105
v 0.02081698 1.58449066 0.09321816
v 0.01464026 1.58614337 0.09730874
v 0.01493258 1.58221507 0.09778000
v 0.04841993 1.56991529 0.07380894
v 0.04239852 1.56955194 0.07895347
v 0.04286735 1.56207883 0.07764640
v 0.04833550 1.56090426 0.07133099
v 0.04052093 1.55595863 0.07791001
v 0.04687272 1.55236769 0.07000440
v 0.03681977 1.53778696 0.07346714
v 0.04209865 1.54426551 0.07142203
v 0.03619573 1.55035472 0.07967135
v 0.03044180 1.54567075 0.08390390
v 0.01802373 1.55153680 0.09238893
v 0.01190115 1.55069184 0.09573622
v 0.01673739 1.53794348 0.09573279
v 0.02342265 1.54106832 0.09042677
v 0.01983614 1.57346702 0.09051699
v 0.02388629 1.57299757 0.08760886
v 0.02430171 1.57499886 0.08964960
v 0.02011235 1.57664335 0.09291247
v 0.02778967 1.57243776 0.08553032
v 0.02953174 1.57211971 0.08475105
v 0.02931562 1.57372940 0.08585671
v 0.02768551 1.57324696 0.08604643
v 0.02566443 1.57291460 0.08668111
v 0.02445330 1.57099700 0.08738472
v 0.02681163 1.57165909 0.08611481
v 0.02077872 1.57062697 0.09048321
v 0.00795839 1.56987095 0.09959762
v 0.01184597 1.56996894 0.09791613
v 0.01039459 1.57438159 0.09615729
v 0.00707849 1.57458854 0.09742752
v 0.02763917 1.57582366 0.08747894
v 0.03021743 1.57755065 0.08665334
v 0.02641965 1.58093894 0.08959094
v 0.02510003 1.57790983 0.08971877
v 0.03302261 1.57951820 0.08541925
v 0.03171208 1.57488918 0.08479679
v 0.03497253 1.57560909 0.08349235
v 0.02883055 1.57026589 0.08495793
v 0.03171898 1.56836092 0.08353741
v 0.03240244 1.57135057 0.08410693
v 0.02943333 1.56512570 0.08457174
v 0.02619430 1.56847715 0.08636449
v 0.02252552 1.56703138 0.08960821
v 0.01796404 1.56589818 0.09386493
v 0.02032815 1.56052554 0.09135986
v 0.02546886 1.56247544 0.08748648
v 0.02842558 1.58479834 0.08759807
v 0.03674943 1.57044697 0.08197941
v 0.04025909 1.57689524 0.08056027
v 0.03657668 1.56534278 0.08164399
v 0.03430913 1.56069434 0.08221704
v 0.02992008 1.55691588 0.08449401
v 0.02414643 1.55384731 0.08843555
v 0.01918555 1.52714932 0.08519846
v 0.02760280 1.53186333 0.08001155
v 0.03576497 1.65591514 0.07779792
v 0.04448719 1.65456140 0.07467391
v 0.04497804 1.64590728 0.07134921
v 0.04674346 1.64826012 0.07063267
v 0.04149931 1.65020251 0.07397039
v 0.04091030 1.64715457 0.07389025
v 0.05828588 1.63607180 0.05572980
v 0.05340401 1.63863659 0.06039182
v 0.05384889 1.63451147 0.05956364
v 0.06017303 1.62924755 0.05629273
v 0.04658255 1.62797689 0.06843679
v 0.05084715 1.62872005 0.06467930
v 0.04697965 1.63581026 0.06658082
v 0.04405134 1.63532674 0.06947158
v 0.04026756 1.63524628 0.07162461
v 0.03594553 1.63562858 0.07288612
v 0.03642246 1.63004005 0.07324470
v 0.04155247 1.62866330 0.07140508
v 0.03478654 1.65142274 0.07527106
v 0.02753766 1.65090048 0.07516293
v 0.02892756 1.64767587 0.07464480
v 0.03514646 1.64805067 0.07531596
v 0.01874736 1.64055324 0.07073408
v 0.01988657 1.64321053 0.07132980
v 0.01639174 1.64482665 0.07254560
v 0.01553926 1.64019418 0.07230099
v 0.01793104 1.63713384 0.07289294
v 0.02005776 1.63892794 0.07145751
v 0.03776364 1.71074510 0.05850816
v 0.03293674 1.69420671 0.07030922
v 0.05379756 1.70103073 0.04820585
v 0.06417030 1.68837833 0.03915061
v 0.07154849 1.67244530 0.03114305
v 0.05579334 1.57306170 0.06554618
v 0.05681563 1.56303000 0.06057989
v 0.06425993 1.56830239 0.04688831
v 0.06242692 1.55713010 0.04355390
v 0.05471354 1.55213904 0.05857769
v 0.04087013 1.53257716 0.06000844
v 0.04954190 1.54146266 0.05851029
v 0.05790938 1.54582167 0.03989255
v 0.06548773 1.55578637 0.02162115
v 0.06805713 1.56468892 0.02843293
v 0.06923076 1.56953132 0.00640092
v 0.06210529 1.54626989 0.01162237
v 0.06674138 1.56690037 -0.00256563
v 0.04580026 1.51252127 0.02156871
v 0.04728882 1.50178242 0.01860199
v 0.05897225 1.50785589 0.00315579
v 0.05817715 1.51827145 0.00601047
v 0.06909715 1.57434356 0.03500083
v 0.07220984 1.64000654 0.03225195
v 0.06769806 1.64155161 0.04372427
v 0.07464149 1.62576079 0.03060653
v 0.07446162 1.69731593 0.00483003
v 0.07040831 1.69513655 0.02321463
v 0.07691368 1.67808306 0.01834316
v 0.08109181 1.68221498 0.00176816
v 0.04537788 1.73271394 0.00849664
v 0.04394062 1.72394907 0.03581003
v 0.05763534 1.71227694 0.03006806
v 0.06040237 1.71841669 0.00770455
v 0.08275386 1.68196940 -0.01262990
v 0.08348642 1.68008184 -0.03133497
v 0.07905460 1.69548130 -0.03986385
v 0.07669361 1.69922876 -0.01723966
v 0.06674986 1.71446228 -0.04939682
v 0.06436311 1.71992815 -0.02182914
v 0.06437929 1.55193853 -0.01148941
v 0.06543967 1.57083464 -0.01637838
v 0.05763252 1.53106368 0.01038405
v 0.06365696 1.53669834 -0.00910517
v 0.04808348 1.72986782 -0.05681064
v 0.04585396 1.73632491 -0.02399257
v 0.07265548 1.64990807 -0.07787803
v 0.07542054 1.66940057 -0.07155643
v 0.08164856 1.65868366 -0.05416223
v 0.07899356 1.64194882 -0.06217584
v 0.06140956 1.65747380 -0.09413438
v 0.06544949 1.68027592 -0.08761608
v 0.05985848 1.59336317 -0.07243514
v 0.05231751 1.57785606 -0.06357697
v 0.04386343 1.57789469 -0.07695618
v 0.04985771 1.59371471 -0.08723227
v 0.05526694 1.65691733 0.06490563
v 0.05070898 1.65162039 0.06970662
v 0.05459238 1.64770770 0.06410896
v 0.05927954 1.65048611 0.05796694
v 0.06397197 1.65255797 0.04844271
v 0.06923948 1.65411615 0.03687536
v 0.07869080 1.66303337 0.01285465
v 0.08224370 1.66868889 -0.00175045
v 0.08484307 1.66664839 -0.02736833
v 0.08429250 1.66856825 -0.01287884
v 0.08335870 1.64671612 -0.04488183
v 0.08158700 1.63625765 -0.04999054
v 0.06496349 1.57974672 -0.03425729
v 0.06212641 1.55818176 -0.03041799
v 0.05561557 1.56110597 -0.04589664
v 0.05907708 1.57912874 -0.05009501
v 0.03865558 1.56174707 -0.06816043
v 0.04748537 1.56214416 -0.05783583
v 0.06144229 1.52783537 -0.02884263
v 0.06185201 1.51599741 -0.03143571
v 0.05625558 1.51952183 -0.04846820
v 0.05507413 1.53031433 -0.04509800
v 0.04748894 1.51939702 -0.06169087
v 0.03662305 1.51900315 -0.07101310
v 0.03686368 1.53135252 -0.06867740
v 0.04612858 1.53193343 -0.05849176
v 0.02188389 1.49375021 0.03688288
v 0.02280167 1.48473454 0.03327359
v 0.03616367 1.48773503 0.02659509
v 0.03378632 1.49732542 0.02935810
v 0.06309196 1.50656176 -0.03591290
v 0.05809727 1.51123452 -0.05303405
v 0.06575447 1.59395838 -0.05602608
v 0.07003741 1.59607720 -0.04440852
v 0.04998719 1.51038849 -0.06672671
v 0.04633251 1.54557228 -0.05622492
v 0.05494489 1.54331684 -0.04481688
v 0.02871875 1.56222916 -0.07700145
v 0.03294791 1.57691538 -0.08744549
v 0.02321912 1.61867237 0.08166979
v 0.02615649 1.63340342 0.07387244
v 0.02676590 1.63724363 0.07307173
v 0.02282054 1.63813078 0.07232292
v 0.02162220 1.63507509 0.07341184
v 0.01436636 1.67663872 0.08310260
v 0.01289042 1.65918756 0.08486017
v 0.02604530 1.66327572 0.08355107
v 0.02780817 1.67728949 0.07951609
v 0.05469890 1.60317624 0.07099082
v 0.04509884 1.60982394 0.07696903
v 0.04233343 1.60078311 0.08069786
v 0.04877366 1.59256983 0.07677194
v 0.05054417 1.64026821 0.06352044
v 0.05215029 1.64251399 0.06324471
v 0.04954885 1.64236403 0.06586510
v 0.04594032 1.57859516 0.07732825
v 0.05294130 1.58289146 0.07138576
v 0.07416678 1.61057806 0.03142657
v 0.06183461 1.64270580 0.05248417
v 0.02337943 1.74372530 0.01099144
v 0.02322042 1.73266590 0.04221497
v 0.02615149 1.74140549 -0.06097034
v 0.02471416 1.74656320 -0.02517834
v 0.04756045 1.68874359 -0.10032701
v 0.04392871 1.66464210 -0.10735877
v 0.02457492 1.66704118 -0.11613564
v 0.02429204 1.69716883 -0.10721059
v 0.03696511 1.59350681 -0.09888393
v 0.02541203 1.51816201 -0.07649234
v 0.02516350 1.53269148 -0.07496364
v 0.02173153 1.71454477 0.06257156
v 0.01760827 1.69495440 0.07557202
v 0.07426924 1.65801239 0.02410135
v 0.06565498 1.61491990 0.05540746
v 0.06064301 1.62299013 0.05976096
v 0.05822428 1.61914468 0.06466735
v 0.06293739 1.60847664 0.06106817
v 0.06896642 1.60534847 0.04688240
v 0.07129779 1.59607887 0.03503700
v 0.07358238 1.58710527 0.02097642
v 0.07133555 1.57572126 0.01343296
v 0.08263893 1.67293859 -0.04649279
v 0.07706007 1.68595290 -0.05980681
v 0.06583235 1.70053554 -0.07275344
v 0.04921995 1.71356511 -0.08307822
v 0.08408450 1.66242886 -0.04036907
v 0.02587288 1.72194970 -0.08938941
v 0.01383634 1.59081197 0.09566836
v 0.02105977 1.59023952 0.09036025
v 0.01198620 1.59524369 0.09495000
v 0.01306493 1.56507230 0.09715200
v 0.00863038 1.56470406 0.09899673
v 0.00943965 1.55881882 0.09592312
v 0.01465247 1.55938756 0.09429219
v 0.01978825 1.52128863 0.06970301
v 0.02997502 1.52593184 0.06458611
v 0.02139934 1.50236058 0.04182429
v 0.03244885 1.50654006 0.03343014
v 0.01170392 1.60470045 0.09832568
v 0.00992255 1.60501420 0.09871429
v 0.00968066 1.60380316 0.09657443
v 0.01192770 1.60372281 0.09618653
v 0.02615814 1.57422066 0.08762356
v 0.00985051 1.58248675 0.10013846
v 0.00652651 1.58223879 0.10080339
v 0.00675834 1.57842505 0.09945573
v 0.01009971 1.57854187 0.09865780
v 0.04799965 1.53279376 0.03740547
v 0.04567135 1.52304351 0.02690366
v 0.06306683 1.51074731 -0.01222738
v 0.06309007 1.52288723 -0.01025203
v 0.06127355 1.54109371 -0.02841522
v 0.03643734 1.54767644 -0.06689598
v 0.02680261 1.54693532 -0.07487890
v 0.00072363 1.54933977 -0.08178563
v 0.00088877 1.56281030 -0.08636001
v 0.01507851 1.56249702 -0.08333728
v 0.01344094 1.54864383 -0.08001124
v 0.03269411 1.52108872 0.04963595
v 0.02139406 1.51624775 0.05632122
v 0.02195593 1.51046276 0.04755040
v 0.03267263 1.51522541 0.03936354
v 0.00602270 1.60162807 0.10011494
v 0.00466098 1.60065126 0.10190114
v 0.00518700 1.59816551 0.09919724
v 0.00701258 1.60036325 0.09816529
v 0.01283156 1.60159564 0.09443395
v 0.01042150 1.60050368 0.09477839
v 0.01090149 1.59843683 0.09476705
v 0.01333271 1.60458350 0.09896983
v 0.01380241 1.60306525 0.09620658
v 0.00827442 1.60566640 0.10392413
v 0.01131552 1.60543370 0.10214566
v 0.00844583 1.60602665 0.10907422
v 0.00762659 1.60272110 0.09843451
v 0.00825617 1.60134685 0.09687248
v 0.01162996 1.60260785 0.09492750
v 0.00985303 1.60224509 0.09524219
v 0.00852889 1.60555327 0.10172948
v 0.01050565 1.60522413 0.10037725
v 0.00805893 1.62745929 0.09960821
v 0.00166393 1.62872052 0.10232124
v 0.00173178 1.62227905 0.10862459
v 0.00188465 1.61444819 0.11411472
v 0.00190647 1.60590613 0.11241418
v 0.01222034 1.50788832 0.05173254
v 0.01180528 1.49996698 0.04626257
v 0.00109573 1.69422865 0.07658884
v 0.00130788 1.67490876 0.08343044
v 0.02699019 1.57281697 0.08597649
v 0.02663615 1.65497613 0.07791262
v 0.05195866 1.61775100 0.07046179
v 0.03062369 1.61951089 0.07840572
v 0.03730294 1.61507952 0.07826281
v 0.03710280 1.62273657 0.07514858
v 0.03093843 1.62568164 0.07563554
v 0.01747261 1.65206313 0.07811172
v 0.00867675 1.64857292 0.08377938
v 0.01223649 1.64652932 0.07705112
v 0.01169710 1.63981998 0.07722519
v 0.00885827 1.63963437 0.08595540
v 0.01323222 1.63237476 0.08226702
v 0.01484443 1.63461626 0.07620633
v 0.04760956 1.64431274 0.06849867
v 0.05000177 1.64574862 0.06700136
v 0.01850082 1.62752044 0.07945292
v 0.02432293 1.62343168 0.07825390
v 0.02508878 1.62837458 0.07544001
v 0.01967001 1.63106370 0.07547355
v 0.04406815 1.61977816 0.07366680
v 0.05664371 1.64249039 0.05907648
v 0.05324299 1.63100648 0.06142724
v 0.07283936 1.60278571 -0.03539997
v 0.06894274 1.59146094 -0.02831811
v 0.07645996 1.58132029 -0.00644891
v 0.07409338 1.57741332 -0.00350340
v 0.06897604 1.58003616 -0.00854530
v 0.07411797 1.58369517 -0.01160497
v 0.08416743 1.63641834 -0.02701215
v 0.08395646 1.64383435 -0.03055102
v 0.08412904 1.64500129 -0.02298898
v 0.08353316 1.63734698 -0.02401177
v 0.08329188 1.64084160 -0.01761250
v 0.08312850 1.64386380 -0.01493809
v 0.08245417 1.63583636 -0.01365848
v 0.08266676 1.63620329 -0.01719994
v 0.08397488 1.65557563 -0.01393087
v 0.08180229 1.65331841 -0.00362646
v 0.08072376 1.64129853 -0.00704108
v 0.07589702 1.63869870 0.01704004
v 0.07669684 1.62662649 0.00464467
v 0.07808718 1.63560390 -0.00075343
v 0.07848664 1.64803612 0.00679319
v 0.07464506 1.58266199 0.00109955
v 0.07431113 1.59037077 0.00471293
v 0.06768319 1.58370817 -0.01795686
v 0.00407070 1.67325330 -0.12012750
v 0.00296179 1.70321786 -0.11087611
v 0.07029680 1.63028216 -0.08042493
v 0.05790242 1.63490343 -0.09542692
v 0.07593271 1.62602997 -0.06468792
v 0.07831647 1.62375128 -0.05115529
v 0.04315352 1.63939929 -0.10868239
v 0.02517497 1.64140797 -0.11800361
v 0.07692837 1.62041640 0.01822115
v 0.07603951 1.61433363 0.00646142
v 0.06498638 1.61107898 -0.07810935
v 0.05347877 1.61359429 -0.09312636
v 0.07167619 1.60966635 -0.06232694
v 0.07501549 1.61042702 -0.04943961
v 0.03993835 1.61627603 -0.10593946
v 0.01924304 1.59350228 -0.10552610
v 0.02125554 1.61505270 -0.11396636
v 0.07782571 1.59248126 -0.00742559
v 0.07616606 1.59122479 -0.00259504
v 0.07585449 1.58495307 -0.00389931
v 0.07927088 1.58673608 -0.00560997
v 0.07608903 1.60459328 0.01855321
v 0.07586112 1.60195243 0.00588932
v 0.00846171 1.63333941 0.09370446
v 0.00176388 1.64195955 0.09068145
v 0.00179282 1.63522696 0.09648751
v 0.00184046 1.64965165 0.08638510
v 0.00084699 1.75000000 -0.02310664
v 0.00062729 1.74723661 0.01283245
v 0.00090491 1.72892165 -0.09045145
v 0.00082625 1.74474549 -0.05951979
v 0.00687971 1.55058599 0.09772598
v 0.00954900 1.53654158 0.09867688
v 0.00873442 1.59090352 0.09850094
v 0.00555589 1.59017324 0.09919406
v 0.00614281 1.58609641 0.10034995
v 0.00945639 1.58668053 0.09970194
v 0.02084176 1.64855778 0.07386437
v 0.01764938 1.57644343 -0.09444445
v 0.01213147 1.53367686 -0.07827789
v 0.01244555 1.51902413 -0.07974131
v 0.03869276 1.50860643 -0.07608302
v 0.02618687 1.50731528 -0.08172613
v 0.00510891 1.59425664 0.09870675
v 0.00796029 1.59487891 0.09767106
v 0.00766510 1.60478592 0.10030203
v 0.01481197 1.57805324 0.09647740
v 0.00771563 1.59790194 0.09713648
v 0.00841252 1.60008073 0.09664094
v 0.00309787 1.59756255 0.09994653
v 0.00343356 1.59383333 0.09888801
v 0.03116342 1.63171685 0.07404105
v 0.03133760 1.63641930 0.07337672
v 0.00551587 1.60274136 0.10547237
v 0.00623459 1.60373545 0.10267955
v 0.00205435 1.60174906 0.10625103
v 0.04951277 1.49177325 0.01566273
v 0.06016908 1.49698973 0.00006548
v 0.00425424 1.58203113 0.10090673
v 0.00438007 1.57815790 0.09969832
v 0.00106266 1.73500061 0.04427703
v -0.00105224 1.59153223 -0.10565483
v 0.00008568 1.61293125 -0.11496685
v 0.07753315 1.61893797 -0.00306199
v 0.07934213 1.61468458 -0.00818648
v 0.08032832 1.62225652 -0.01074140
v 0.07881518 1.62703347 -0.00576254
v 0.01178818 1.49161410 0.04106582
v 0.06413128 1.50142002 -0.01784133
v 0.01241476 1.50696683 -0.08498093
v 0.05034771 1.63837385 0.06311960
v 0.04919606 1.63682890 0.06435709
v 0.02353792 1.64598787 0.07288314
v 0.00327941 1.64116108 -0.11914264
v 0.01639225 1.57018518 0.09478778
v 0.01470548 1.57408631 0.09390035
v -0.00021661 1.53461325 -0.07942536
v 0.01194011 1.51354802 0.05986616
v 0.00311128 1.60010517 0.10280058
v 0.00053154 1.57592559 -0.09549658
v 0.08280014 1.62903047 -0.01928665
v 0.08435317 1.62744796 -0.01592945
v 0.08389452 1.62392831 -0.01615755
v 0.08243234 1.62466574 -0.01751552
v 0.08533373 1.63089263 -0.01186222
v 0.08644065 1.62730598 -0.01360184
v 0.08814549 1.63045859 -0.01493812
v 0.08702621 1.63437760 -0.01390984
v 0.08092131 1.63272834 -0.00934241
v 0.08306891 1.62692249 -0.01076873
v 0.08931542 1.63263166 -0.01698738
v 0.08948985 1.63556278 -0.01596001
v 0.08685228 1.63724351 -0.01714458
v 0.08323228 1.63714671 -0.02063761
v 0.09204122 1.63631046 -0.01965903
v 0.08839460 1.63848591 -0.02168114
v 0.09500590 1.63525796 -0.02473001
v 0.09026467 1.63776124 -0.02712344
v 0.09640915 1.63198900 -0.03063659
v 0.09068132 1.63385832 -0.03305022
v 0.07753763 1.59863663 -0.00212718
v 0.07791551 1.59908295 -0.00934636
v 0.09698436 1.62625694 -0.03414026
v 0.09024003 1.62706125 -0.03631444
v 0.09631473 1.61889100 -0.03572467
v 0.09011247 1.61906481 -0.03748900
v 0.09473768 1.61127591 -0.03488628
v 0.08970826 1.61005938 -0.03644774
v 0.09328860 1.60389996 -0.03258242
v 0.08812460 1.60254288 -0.03398417
v 0.09117468 1.59696698 -0.02800718
v 0.08588339 1.59319854 -0.02941045
v 0.09130031 1.63326573 -0.02569622
v 0.09259016 1.62988091 -0.02972318
v 0.08231873 1.63237441 -0.02906068
v 0.08996778 1.63440812 -0.02086684
v 0.08235932 1.61853564 -0.02278997
v 0.08041570 1.62130857 -0.02354997
v 0.08125623 1.61945474 -0.02279590
v 0.08026139 1.61798155 -0.02519051
v 0.07900081 1.60669434 -0.00806281
v 0.08003300 1.60670221 -0.01207576
v 0.08009719 1.61242640 -0.01196755
v 0.07866845 1.60228860 -0.01254219
v 0.07748039 1.60384321 -0.01378227
v 0.07700584 1.60760403 -0.01355885
v 0.07652251 1.61242270 -0.01400915
v 0.07783024 1.60231888 -0.01597582
v 0.07953627 1.60044050 -0.01496734
v 0.07673677 1.60359120 -0.01629502
v 0.07624836 1.60444951 -0.01517266
v 0.07533052 1.60695708 -0.01612138
v 0.07601913 1.61062205 -0.01868182
v 0.07784611 1.60894859 -0.00175597
v 0.07745248 1.60626221 -0.02838931
v 0.07486263 1.59692788 -0.02453292
v 0.08815812 1.59175301 -0.02187719
v 0.08479167 1.58546114 -0.02217923
v 0.08275573 1.58312118 -0.00809566
v 0.08457660 1.58097816 -0.01432723
v 0.08103421 1.62686622 -0.03088689
v 0.08093567 1.62016022 -0.03246787
v 0.07376548 1.59023178 -0.01772808
v 0.08009744 1.61333835 -0.03237256
v 0.08917548 1.60120046 -0.02672875
v 0.08608995 1.59780288 -0.02253443
v 0.09142298 1.60624719 -0.03023952
v 0.08058037 1.59704304 -0.01316067
v 0.08192194 1.59056151 -0.01103045
v 0.08545960 1.58995700 -0.01605012
v 0.08282180 1.59631622 -0.01813497
v 0.08764222 1.60461295 -0.02440006
v 0.08414771 1.60202193 -0.02204876
v 0.08437610 1.60756755 -0.02433632
v 0.08100741 1.60528684 -0.02230736
v 0.07901821 1.60310125 -0.01891737
v 0.08109419 1.60057044 -0.01870675
v 0.07691851 1.60786963 -0.02269296
v 0.08045199 1.61114836 -0.02456132
v 0.07645660 1.60499787 -0.01869141
v 0.08712340 1.61067629 -0.02522251
v 0.08917848 1.61462605 -0.02629151
v 0.08688533 1.61734295 -0.02357536
v 0.08377108 1.61403477 -0.02437254
v 0.09217840 1.61228859 -0.03265448
v 0.09177469 1.61300504 -0.02895639
v 0.08994205 1.60837054 -0.02708341
v 0.09225130 1.61866164 -0.03012124
v 0.09270976 1.61905062 -0.03355508
v 0.09028559 1.61883581 -0.02747052
v 0.08864023 1.62001038 -0.02528050
v 0.09156818 1.62789845 -0.02758466
v 0.09232391 1.62375903 -0.02953825
v 0.09326945 1.62530184 -0.03249305
v 0.09085769 1.62261069 -0.02690483
v 0.09001455 1.62587655 -0.02566259
v 0.08848020 1.62405944 -0.02464180
v 0.08939083 1.62232733 -0.02584688
v 0.08711912 1.63218760 -0.01835257
v 0.08572048 1.63049090 -0.01648783
v 0.08838090 1.63220882 -0.02134762
v 0.08610357 1.63278782 -0.02045192
v 0.08683098 1.62993765 -0.02136765
v 0.08461516 1.63172483 -0.01999014
v 0.08576669 1.62785518 -0.02051927
v 0.08383243 1.62481010 -0.01999996
v 0.02614637 1.46446109 0.02958819
v 0.02437782 1.47467685 0.03083118
v 0.01193311 1.47225153 0.03432157
v 0.01250427 1.46273708 0.03196506
v 0.08724473 1.62577629 -0.02237047
v 0.08839978 1.62812495 -0.02362458
v 0.09003010 1.63087785 -0.02485787
v 0.08490454 1.62102199 -0.02211062
v 0.08645391 1.62013221 -0.02284775
v 0.08737880 1.62185335 -0.02345042
v 0.08574126 1.62327981 -0.02184836
v 0.07998580 1.61696255 -0.01295416
v 0.07849139 1.61539745 -0.01657864
v 0.07890008 1.61307168 -0.02063880
v 0.06307311 1.45517111 0.01103687
v 0.07827054 1.46446836 -0.00289923
v 0.07234845 1.47076821 -0.00617651
v 0.05838121 1.46307492 0.00759460
v 0.07437951 1.43421292 0.02999711
v 0.07657854 1.41721249 0.04258489
v 0.09713759 1.42220795 0.03534047
v 0.09762599 1.44327843 0.01388711
v 0.09618706 1.40345216 0.05065870
v 0.07689705 1.39949572 0.05459505
v 0.09088612 1.35191941 0.08502408
v 0.09276070 1.36818552 0.07387879
v 0.07448786 1.36701369 0.07762446
v 0.07306269 1.35111237 0.08888111
v 0.11366290 1.27158117 0.11701834
v 0.10094228 1.27334189 0.12144929
v 0.09357801 1.25645411 0.12144852
v 0.10770907 1.25242984 0.11542384
v 0.16357206 1.37263727 0.04767884
v 0.17321193 1.36065125 0.04416262
v 0.17667840 1.37894928 0.03805494
v 0.16628034 1.39134347 0.03961158
v 0.11173800 1.48218715 -0.03654749
v 0.10144944 1.48485613 -0.03966760
v 0.09592175 1.46936226 -0.01745759
v 0.10707931 1.46550560 -0.01178156
v 0.15803692 1.28622198 0.06317953
v 0.15248868 1.29624581 0.07358950
v 0.14900897 1.28363204 0.08154704
v 0.15387513 1.27332544 0.07277492
v 0.13241336 1.18692732 0.07038315
v 0.11649446 1.18633735 0.08807468
v 0.11656723 1.16518664 0.09042171
v 0.13296749 1.16573000 0.07152039
v 0.17109999 1.20927727 -0.00591725
v 0.16873291 1.18992364 -0.00546999
v 0.16777132 1.18999600 -0.03592718
v 0.17016549 1.20761633 -0.03696321
v 0.12179488 1.35168362 0.07604627
v 0.12475862 1.36827064 0.06552599
v 0.10970362 1.36862278 0.06989933
v 0.10728025 1.35237503 0.08071287
v 0.28182933 1.26505566 -0.00532320
v 0.26769149 1.28572643 -0.00241239
v 0.25431576 1.27438772 -0.00071963
v 0.26839149 1.25441575 -0.00428673
v 0.16554120 1.09545827 0.01254077
v 0.16704528 1.07767475 0.01580701
v 0.16763011 1.08208966 -0.01460646
v 0.16526093 1.09955502 -0.01666228
v 0.22407289 1.40157127 0.00486818
v 0.23243557 1.41538846 -0.01489263
v 0.22241758 1.43205345 -0.01501115
v 0.21491137 1.41756654 0.00624213
v 0.16340180 1.33387399 0.05212562
v 0.16835527 1.34625328 0.04821654
v 0.15982932 1.35659850 0.05347770
v 0.15567251 1.34212911 0.05903269
v 0.17813975 1.24100506 -0.04409800
v 0.18106972 1.25821972 -0.04910989
v 0.18039799 1.26092362 -0.02502985
v 0.17876093 1.24372578 -0.01732816
v 0.17559783 1.22621167 -0.01104621
v 0.17430229 1.22400248 -0.03976696
v 0.14600895 1.34658122 0.06503338
v 0.14915316 1.36341000 0.05690495
v 0.13799049 1.36642468 0.06102167
v 0.13470216 1.34957266 0.07076345
v 0.08480041 1.24048424 0.11855578
v 0.10219808 1.23559308 0.11026339
v 0.15849301 1.07211816 0.04442184
v 0.15832900 1.09055459 0.04079275
v 0.14507081 1.08532882 0.06483219
v 0.14434600 1.06639576 0.06840488
v 0.09850256 1.20575678 0.10030439
v 0.11554481 1.20496774 0.08779408
v 0.11570638 1.22032273 0.09373616
v 0.09913278 1.22131562 0.10433662
v 0.12626393 1.06213057 0.08879146
v 0.12734991 1.08107543 0.08542953
v 0.10739212 1.07825065 0.10444744
v 0.10609478 1.05714560 0.10867292
v 0.09482670 1.38547277 0.06271648
v 0.07618254 1.38299155 0.06623073
v 0.13386028 1.27168238 0.10193621
v 0.12488132 1.27106452 0.11017239
v 0.12056541 1.25162494 0.10774609
v 0.13137144 1.25308943 0.09943062
v 0.17994864 1.32876992 0.02136366
v 0.18469884 1.33849168 0.01748995
v 0.18485025 1.36104226 0.03147253
v 0.17936073 1.34495652 0.03573134
v 0.16993967 1.06478059 -0.01223384
v 0.16832100 1.06006277 0.01876411
v 0.12540352 1.04157221 0.09138580
v 0.10544066 1.03582716 0.11085346
v 0.18872997 1.32001686 -0.06017112
v 0.18988952 1.32332742 -0.04460488
v 0.18775588 1.31757772 -0.04243154
v 0.18817176 1.31468260 -0.05854949
v 0.05897107 1.27539706 0.12630117
v 0.06865662 1.25342464 0.12475945
v 0.08186481 1.26738667 0.12543033
v 0.07498612 1.28488088 0.12490605
v 0.12937616 1.23623431 0.09143179
v 0.11690781 1.23465574 0.10099356
v 0.12985806 1.22226858 0.08228006
v 0.04167683 1.26484644 0.12403195
v 0.05362904 1.23679841 0.12158558
v 0.05653679 1.37955618 0.06924866
v 0.05558054 1.36470592 0.08080790
v 0.05676768 1.39570761 0.05859118
v 0.05556560 1.41211152 0.04849511
v 0.03539118 1.40886033 0.05269582
v 0.03646073 1.39216471 0.06205828
v 0.05316325 1.42772019 0.03844428
v 0.03332517 1.42378032 0.04348184
v 0.04521703 1.44846749 0.02178806
v 0.04241064 1.45776653 0.01955003
v 0.17411806 1.33336151 0.03884237
v 0.16882768 1.32264400 0.04221471
v 0.14395930 1.04732871 0.07085385
v 0.11999639 1.40679884 -0.13578242
v 0.13913710 1.41233993 -0.12920552
v 0.13617986 1.39354992 -0.13479441
v 0.11714612 1.38704813 -0.14111929
v 0.12248231 1.46796656 -0.00778283
v 0.12299968 1.48272038 -0.03472419
v 0.17876634 1.33846104 -0.11052141
v 0.17844184 1.32901156 -0.10619726
v 0.17413606 1.32165241 -0.11081526
v 0.17365745 1.33365393 -0.11589506
v 0.18623495 1.32154417 -0.08506650
v 0.18510862 1.32638693 -0.09308250
v 0.18610643 1.31980658 -0.09557830
v 0.18657713 1.31458461 -0.08785009
v 0.16122721 1.08574820 -0.04213895
v 0.15815924 1.10302365 -0.04470811
v 0.14017911 1.22083366 -0.10873049
v 0.14816350 1.23828065 -0.10746045
v 0.16046138 1.23063636 -0.08878009
v 0.15437607 1.21326411 -0.08855785
v 0.01715118 1.37653208 -0.13911965
v 0.03608170 1.37989354 -0.14382696
v 0.03576199 1.36355484 -0.14632484
v 0.01683169 1.36045063 -0.14117795
v 0.07888775 1.41000521 -0.14113382
v 0.05726540 1.40214312 -0.14296220
v 0.05668895 1.41784573 -0.13813657
v 0.07930619 1.42701316 -0.13507764
v 0.09910172 1.39966643 -0.14225596
v 0.09741998 1.37973762 -0.14702541
v 0.17403939 1.24282181 -0.06810345
v 0.17823420 1.25907409 -0.07066485
v 0.18116039 1.28147566 -0.07302439
v 0.18221970 1.28976989 -0.07321222
v 0.18393788 1.28994071 -0.05563452
v 0.18318672 1.28171682 -0.05471756
v 0.09223748 1.48843503 -0.04283754
v 0.10092596 1.49181938 -0.06478985
v 0.08993971 1.49480438 -0.06788051
v 0.05281987 1.46888757 -0.11353429
v 0.06409989 1.47408319 -0.10893872
v 0.06707506 1.46865106 -0.11324544
v 0.05245998 1.46229553 -0.11833026
v 0.04138029 1.28777289 -0.15055385
v 0.04466293 1.26472235 -0.14737540
v 0.02053531 1.26577687 -0.14345953
v 0.01912304 1.28754747 -0.14681120
v 0.18065511 1.29924786 -0.08659089
v 0.17761530 1.30430055 -0.09673863
v 0.18040986 1.31182730 -0.09435675
v 0.18241689 1.30575621 -0.08549530
v 0.17531165 1.29720891 -0.09869064
v 0.17883204 1.29220426 -0.08727333
v 0.17700186 1.28400195 -0.08792188
v 0.17175998 1.28912067 -0.10040185
v 0.15647362 1.25467610 -0.10553919
v 0.16375376 1.26943469 -0.10336220
v 0.17180905 1.26361716 -0.08808841
v 0.16700526 1.24763489 -0.08847968
v 0.02214152 1.19402504 -0.12916976
v 0.02172558 1.21819746 -0.13516684
v 0.04367391 1.21556783 -0.13836500
v 0.04305693 1.19104373 -0.13279873
v 0.19343138 1.32703495 -0.01637364
v 0.19395304 1.31530929 -0.02108869
v 0.19642924 1.32304311 -0.00304618
v 0.19475791 1.33254480 0.00105654
v 0.19754100 1.33069396 -0.10911985
v 0.20111328 1.33692384 -0.11111706
v 0.20800160 1.33029914 -0.11140168
v 0.20424084 1.32507420 -0.11022089
v 0.19399002 1.29219723 -0.04140411
v 0.19898608 1.27550542 -0.04537319
v 0.20287400 1.28312325 -0.02773564
v 0.19632857 1.30038571 -0.02438201
v 0.13361622 1.48452222 -0.06388117
v 0.12214535 1.48673034 -0.06359923
v 0.13550967 1.48438334 -0.03308674
v 0.18809146 1.30020797 -0.06735837
v 0.18661447 1.30199325 -0.08074751
v 0.18989532 1.28982115 -0.08567125
v 0.18927598 1.28687704 -0.07239054
v 0.29410502 1.27518082 -0.01410606
v 0.27997378 1.29620016 -0.01227895
v 0.20638503 1.25614285 -0.06487221
v 0.19600497 1.27150524 -0.06185555
v 0.19594628 1.27170467 -0.07683009
v 0.20914853 1.25709665 -0.07980749
v 0.14957820 1.19614697 -0.08819329
v 0.13347322 1.20312226 -0.10807504
v 0.13147049 1.08970809 -0.08367050
v 0.12795675 1.10855377 -0.08716340
v 0.14484026 1.10612249 -0.06845124
v 0.14855497 1.08813405 -0.06548464
v 0.16360776 1.06792140 -0.04039914
v 0.13404267 1.07069278 -0.08118720
v 0.15107189 1.06997347 -0.06346126
v 0.07134104 1.49987638 -0.06377307
v 0.08040319 1.49742663 -0.06718703
v 0.06896464 1.49456942 -0.08541703
v 0.06160567 1.49911463 -0.07987610
v 0.18159926 0.95202363 -0.03873849
v 0.18581292 0.94884968 -0.00575459
v 0.18597648 0.92198414 -0.01110135
v 0.18025029 0.92376465 -0.04341098
v 0.03538091 1.48143160 -0.10354200
v 0.03151363 1.48993742 -0.09628798
v 0.04720055 1.49469268 -0.08992518
v 0.05340065 1.48783863 -0.09649837
v 0.18059015 0.97889590 -0.03622092
v 0.18410879 0.97417140 -0.00485727
v 0.07473195 1.49398422 -0.04245880
v 0.08384506 1.49109602 -0.04365467
v 0.07308800 1.48538017 -0.02365329
v 0.08137041 1.48054361 -0.02381471
v 0.06598915 1.47813880 -0.00653145
v 0.18391621 0.94034916 0.02326206
v 0.18673030 0.91276163 0.02074714
v 0.05443805 1.50359523 -0.07326390
v 0.04198899 1.50057483 -0.08330289
v 0.02865805 1.49853063 -0.08938871
v 0.01358118 1.49725020 -0.09198267
v -0.00211178 1.49665308 -0.09282182
v -0.00226621 1.50676227 -0.08587773
v 0.17223798 1.04752707 -0.01032282
v 0.16702758 1.05050039 -0.03977246
v 0.12255473 0.81894225 -0.11339207
v 0.12324066 0.80163252 -0.10256651
v 0.09135740 0.80249941 -0.11214891
v 0.09465485 0.81629115 -0.12126501
v 0.02704415 0.82923901 -0.12637377
v 0.06284899 0.81962848 -0.12590668
v 0.05718077 0.80776596 -0.11361140
v 0.02242576 0.81727588 -0.11170582
v 0.03598288 0.94961286 -0.14814682
v 0.03651187 0.97157919 -0.14234489
v 0.06653456 0.97179502 -0.14124361
v 0.06630989 0.94989347 -0.14766784
v 0.15457387 1.05185926 -0.06352037
v 0.13787287 1.05221522 -0.08185803
v 0.16920806 1.04220450 0.02081048
v 0.18284476 0.77330124 0.03540340
v 0.17978220 0.73757613 0.03249273
v 0.18217893 0.74499285 -0.00896489
v 0.18755816 0.78122139 -0.00782885
v 0.14753185 0.75225365 -0.07256317
v 0.11597092 0.75413227 -0.08963375
v 0.12001716 0.77958518 -0.09514283
v 0.15231030 0.78178751 -0.07648697
v 0.08490204 1.03127265 0.12882371
v 0.08414207 1.00872183 0.12821496
v 0.10475002 1.01466417 0.11116059
v 0.01954505 1.02122819 0.15483911
v 0.01787466 0.99755800 0.15339708
v 0.04028941 1.00028896 0.14991353
v 0.04308054 1.02402747 0.15149681
v 0.02464969 0.87624258 0.13235261
v 0.02971078 0.90208542 0.13372482
v 0.01246836 0.89974153 0.13673444
v 0.01074397 0.87547958 0.13430110
v 0.17511915 0.93070197 0.05019795
v 0.17127658 0.95503116 0.05140423
v 0.15319169 0.94478893 0.07434986
v 0.15536441 0.92123991 0.07422800
v 0.04996718 0.79595268 -0.09948709
v 0.01974607 0.80775052 -0.09354099
v 0.16519639 0.76872551 0.07523634
v 0.16412847 0.73231733 0.07225282
v 0.13579650 0.72859228 0.10096972
v 0.13718784 0.76414138 0.10371366
v 0.10323389 0.76204610 0.11529137
v 0.10070805 0.72924405 0.11168869
v 0.00798046 0.80020964 0.07877760
v 0.00699639 0.79330522 0.07590049
v 0.02383463 0.80763102 0.10236956
v 0.02084992 0.81898642 0.10633525
v 0.03060943 0.86170590 -0.14442667
v 0.06344970 0.85694599 -0.14547840
v 0.06345539 0.83743489 -0.13749540
v 0.02952315 0.84350407 -0.13632607
v 0.11800436 1.05164325 -0.09546894
v 0.11431470 1.07097638 -0.09408688
v 0.09363128 1.07099319 -0.10260837
v 0.09098621 1.09211731 -0.10448391
v 0.11192594 1.09103358 -0.09640443
v 0.09235433 1.22354054 -0.13315967
v 0.10040092 1.24268866 -0.13653594
v 0.12201049 1.22997475 -0.12426422
v 0.11423601 1.21243167 -0.12258837
v 0.05696028 1.38523340 -0.14731738
v 0.05599061 1.36771965 -0.15043436
v 0.07928836 0.76162982 -0.09654512
v 0.08112484 0.73055667 -0.09048459
v 0.04530664 0.73620999 -0.08378678
v 0.03626542 0.77587152 -0.08638851
v 0.14328943 0.72147423 -0.06951845
v 0.17148530 0.75083405 -0.04552721
v 0.16480309 0.71772540 -0.04508118
v 0.17522003 0.70276314 0.03083537
v 0.17636292 0.71049678 -0.00994309
v 0.13193494 0.69419348 0.09773337
v 0.09679747 0.69625282 0.10637966
v 0.01227054 0.73502189 0.07070512
v 0.01144186 0.71069884 0.05937057
v 0.03337677 0.70562708 0.08156849
v 0.03539159 0.73206133 0.09119684
v 0.06417698 0.87706685 0.11629939
v 0.07232437 0.85340047 0.11607030
v 0.10234500 0.87368906 0.10718605
v 0.10061125 0.89745533 0.10582848
v 0.04468580 1.04805839 0.15174726
v 0.02496714 1.04445124 0.15504368
v 0.08568359 1.05397546 0.12747884
v 0.06485885 1.05118310 0.14275147
v 0.06387529 1.02728856 0.14304693
v 0.05067634 1.14506960 0.14093176
v 0.04751403 1.12128997 0.14534543
v 0.07130666 1.12130761 0.13374151
v 0.07510459 1.14442575 0.12930915
v 0.07770356 1.16746402 0.12310109
v 0.05334185 1.16842818 0.13408364
v 0.05365309 1.21296775 0.11820109
v 0.07781874 1.20850742 0.11039615
v 0.07852394 1.22562540 0.11423443
v 0.03644504 1.37622428 0.07248435
v 0.03600201 1.36127591 0.08298250
v 0.17730227 0.90418303 0.04937994
v 0.00617497 0.76724029 -0.05661953
v 0.01439110 0.73554397 -0.06214508
v -0.00119984 0.72981811 -0.03154244
v -0.00334955 0.75624239 -0.02195563
v 0.18093082 0.96476352 0.02460498
v 0.15883845 1.05386436 0.04714152
v 0.15861583 1.03540957 0.04861152
v 0.16293772 1.21546900 0.02952073
v 0.16111721 1.19172418 0.02494181
v 0.09102672 1.27762055 0.12374896
v 0.08936071 1.29064202 0.12174366
v 0.17738689 0.78475797 -0.04699394
v 0.12704600 0.66269338 0.09243373
v 0.09249473 0.66463721 0.09911239
v 0.08733989 0.63453776 0.09096626
v 0.12105151 0.63324803 0.08578601
v 0.00166809 0.68853164 0.02084964
v 0.00648377 0.65913159 0.00953798
v 0.01479399 0.65502340 0.03632838
v 0.01231611 0.68347371 0.04734181
v 0.01068681 0.62919825 0.00117934
v 0.01362860 0.60033453 -0.00665166
v 0.01792027 0.59478271 0.01830160
v 0.01719911 0.62412602 0.02769773
v 0.16041237 0.69654369 0.07053853
v 0.16318163 0.64021605 0.03020397
v 0.16940570 0.67033029 0.03184983
v 0.15469536 0.66465342 0.06720665
v 0.14899953 0.63457561 0.06344807
v 0.11442276 0.72487438 -0.08462584
v -0.00147204 0.73895019 0.04519544
v -0.00077885 0.71598589 0.03322891
v 0.01378953 0.66528374 -0.04383071
v 0.00576456 0.69748974 -0.03857580
v 0.02311072 0.70038188 -0.06531839
v 0.03115901 0.66757452 -0.06791002
v 0.14011045 0.66161942 -0.06523454
v 0.14101265 0.69101685 -0.06695365
v 0.16071472 0.68618846 -0.04139637
v 0.15767512 0.65618581 -0.03985837
v 0.17020418 0.67848468 -0.00684809
v 0.16468607 0.64844602 -0.00607719
v 0.15168598 0.58254832 0.02688104
v 0.15714358 0.61103565 0.02858049
v 0.14203653 0.60555834 0.05941655
v 0.13499294 0.57773679 0.05515109
v 0.15494101 0.59078753 -0.00719173
v 0.15947448 0.61980706 -0.00643807
v 0.15188825 0.59904230 -0.03758711
v 0.15452811 0.62766749 -0.03862566
v 0.13716091 0.60533756 -0.06011429
v 0.13899313 0.63345277 -0.06291109
v 0.11708586 0.60946977 -0.07566462
v 0.11653147 0.63692296 -0.07921106
v 0.08988198 0.63902557 -0.08526973
v 0.09294059 0.61150187 -0.08200321
v 0.06795252 0.61201227 -0.07952384
v 0.06233274 0.63980424 -0.08182964
v 0.02701741 0.60775846 -0.05285864
v 0.02099241 0.63551301 -0.04843885
v 0.03793933 0.63835579 -0.06962128
v 0.04441785 0.61055905 -0.07033978
v 0.05269219 0.49993837 -0.06684101
v 0.04432290 0.52791178 -0.06504217
v 0.06420249 0.53056365 -0.07113381
v 0.07111732 0.50298601 -0.07089104
v 0.08889711 0.50532365 -0.07652430
v 0.08342440 0.53205872 -0.07435031
v 0.10226906 0.53211844 -0.07514049
v 0.10753459 0.50590092 -0.07719785
v 0.13407829 0.52565986 -0.05278442
v 0.13777512 0.49895710 -0.05373877
v 0.12454075 0.50389445 -0.06973816
v 0.11985704 0.53034699 -0.06802132
v 0.14878701 0.51919377 -0.03405362
v 0.14950453 0.49295503 -0.03427633
v 0.14957581 0.51108950 -0.00780976
v 0.14615127 0.48522615 -0.00815041
v 0.13576105 0.50381839 0.02065635
v 0.13436836 0.47846514 0.01986159
v 0.02012009 0.51243782 -0.01217580
v 0.01921758 0.51811951 -0.03272641
v 0.02648235 0.49124336 -0.04040705
v 0.02505384 0.48522919 -0.01990598
v 0.04894790 0.50276309 0.02859991
v 0.05099809 0.47680324 0.01792929
v 0.06747712 0.47518742 0.03998355
v 0.06733061 0.50086659 0.05075096
v 0.14620426 0.55517274 0.02494671
v 0.15132846 0.56364471 -0.00752860
v 0.14919627 0.57170695 -0.03620786
v 0.13470761 0.57827008 -0.05665524
v 0.03267728 0.58119380 -0.05739925
v 0.05135004 0.58402449 -0.07117382
v 0.01839175 0.56632358 0.00839899
v 0.01509628 0.57230276 -0.01490534
v 0.09712947 0.52353084 0.06415381
v 0.12396659 0.52468580 0.04959495
v 0.12846941 0.55103064 0.05195382
v 0.10189522 0.54997420 0.06704620
v 0.15085106 0.53720421 -0.00769282
v 0.14806350 0.54546106 -0.03497006
v 0.13324399 0.55207676 -0.05355356
v 0.09870780 0.55846137 -0.07567914
v 0.11778331 0.55662340 -0.06878781
v 0.07849994 0.55854404 -0.07497862
v 0.03825627 0.55503047 -0.06149047
v 0.05773234 0.55763495 -0.07159282
v 0.01925622 0.53879231 -0.00212819
v 0.01637959 0.54494375 -0.02375594
v 0.09360013 0.47398955 0.05043805
v 0.11986152 0.47468668 0.04150331
v 0.12124908 0.49931705 0.04636607
v 0.09481485 0.49767393 0.05947414
v 0.09329860 0.45239222 0.03832804
v 0.07168719 0.45330894 0.02857297
v 0.11325430 0.47791749 -0.07960352
v 0.09489873 0.47776270 -0.08120155
v 0.12963350 0.47571486 -0.07187241
v 0.14533120 0.45832312 -0.00663970
v 0.15089431 0.46615678 -0.03464818
v 0.13101165 0.45210481 0.01842099
v 0.11471421 0.45299643 0.03442540
v 0.04262005 0.43474734 -0.04940609
v 0.04064573 0.43067050 -0.03034949
v 0.03346686 0.45943964 -0.02545249
v 0.03677310 0.46389717 -0.04442620
v 0.06391381 0.44162327 -0.07819773
v 0.06097995 0.47139370 -0.06725688
v 0.07723234 0.47477812 -0.07498983
v 0.08049090 0.44556308 -0.08896671
v 0.11989300 0.44791389 -0.08866066
v 0.10038952 0.44784063 -0.09218099
v 0.13760832 0.44692522 -0.07902949
v 0.15308195 0.43708932 -0.03481214
v 0.15121795 0.44359159 -0.06075471
v 0.14410616 0.47216231 -0.05706071
v 0.14686199 0.43001181 -0.00336513
v 0.12480923 0.39328682 0.01491569
v 0.14921968 0.39960533 -0.00321739
v 0.12301894 0.42352891 0.01755371
v 0.09877341 0.29322898 0.00042590
v 0.09883559 0.25790828 -0.00542399
v 0.12158241 0.26030266 -0.00442724
v 0.12473217 0.29536235 0.00218004
v 0.04277505 0.40360749 -0.05686561
v 0.04268634 0.40082932 -0.03498465
v 0.08317734 0.41399890 -0.09982996
v 0.06416638 0.41004354 -0.08941414
v 0.16333599 0.37497789 -0.03918973
v 0.16207005 0.38029027 -0.06784458
v 0.15804477 0.41284668 -0.06363671
v 0.15924112 0.40676147 -0.03559527
v 0.04257217 0.30146360 -0.04878423
v 0.03924913 0.33518589 -0.04490282
v 0.04045387 0.33746618 -0.06848160
v 0.04373414 0.30331981 -0.07039142
v 0.08257703 0.38030040 -0.10735854
v 0.08317342 0.34578919 -0.11144623
v 0.06350808 0.34284967 -0.10174252
v 0.06287105 0.37675369 -0.09686678
v 0.15960352 0.30435497 -0.04421924
v 0.15888530 0.30792242 -0.07097387
v 0.16249712 0.34525549 -0.07070787
v 0.16342260 0.34073347 -0.04191393
v 0.12625559 0.36257458 0.01190310
v 0.12734540 0.32969028 0.00710303
v 0.15168646 0.33545309 -0.01206162
v 0.15180245 0.36835593 -0.00750501
v 0.09794102 0.36036360 0.01081090
v 0.09914917 0.32778615 0.00641003
v 0.05888293 0.22920829 -0.06880566
v 0.05753117 0.22541612 -0.05169016
v 0.05048561 0.26422745 -0.05059869
v 0.05214924 0.26732510 -0.06956938
v 0.08585000 0.30977821 -0.11020574
v 0.08865635 0.27201319 -0.10472820
v 0.07164659 0.27056020 -0.09674039
v 0.06619332 0.30747604 -0.10186075
v 0.14739715 0.22662228 -0.04836285
v 0.14547732 0.22906584 -0.07009311
v 0.15286039 0.26870525 -0.07063287
v 0.15390956 0.26625067 -0.04692904
v 0.11877795 0.22210985 -0.01145591
v 0.13930127 0.22418153 -0.02521731
v 0.14445505 0.26329988 -0.01965666
v 0.09817601 0.22039342 -0.01158739
v 0.09769474 0.18324387 -0.01582757
v 0.11488048 0.18459064 -0.01577086
v 0.06367038 0.19230449 -0.06793046
v 0.06402953 0.18945390 -0.05191006
v 0.07582004 0.19533646 -0.08964578
v 0.07527263 0.23246402 -0.09239966
v 0.08985613 0.23408186 -0.09990587
v 0.08910190 0.19732934 -0.09705316
v 0.12482525 0.23128116 -0.09639713
v 0.12133563 0.19470078 -0.09270440
v 0.10552701 0.19706923 -0.09826590
v 0.10756498 0.23363674 -0.10150585
v 0.13814822 0.19272041 -0.06906272
v 0.13111922 0.19378811 -0.08304858
v 0.13766466 0.23055142 -0.08610848
v 0.14088818 0.19053870 -0.04913911
v 0.13293208 0.18706989 -0.02771078
v -0.00193655 0.79139626 -0.02852047
v 0.00238797 0.78625333 -0.04362349
v -0.00366105 0.77219987 -0.00890195
v -0.00539859 0.77959496 0.00587655
v 0.03228139 0.64691591 0.06195641
v 0.03268372 0.67706090 0.07219987
v 0.03056565 0.58791661 0.04192156
v 0.03213380 0.61637878 0.05282128
v 0.03074562 0.56003475 0.03125060
v 0.03171129 0.50584131 0.00878410
v 0.03142842 0.53288054 0.01989402
v 0.03455319 0.47985190 -0.00042720
v 0.04144294 0.45351404 -0.00667196
v 0.04854208 0.42577833 -0.01005455
v 0.05228494 0.36673677 -0.01743025
v 0.05293470 0.39741021 -0.01399447
v 0.04075714 0.36846179 -0.04004814
v 0.05363991 0.29849023 -0.02577887
v 0.05157089 0.33361667 -0.02137514
v 0.06523008 0.22194093 -0.03396218
v 0.05901637 0.26052952 -0.02999378
v 0.07168210 0.18623960 -0.03608858
v 0.07121316 0.78622502 0.11507763
v 0.07383604 0.81001365 0.11679886
v 0.04469934 0.79665124 0.11181577
v 0.04126625 0.77852321 0.10602787
v -0.00141452 0.79503512 0.03764969
v -0.00355258 0.79161191 0.03438363
v -0.00004701 0.78989792 0.05423081
v 0.00160819 0.79414713 0.05664540
v 0.14086351 0.52947259 0.02271367
v 0.11747254 0.58272004 -0.07184871
v 0.07364179 0.58522123 -0.07698594
v 0.09588588 0.58485687 -0.07816762
v 0.04606169 0.52761847 0.04231366
v 0.06908553 0.52543741 0.05943442
v 0.07240798 0.55108672 0.06681769
v 0.04873800 0.55447185 0.05227773
v 0.09649085 0.38862860 0.01484422
v 0.07204311 0.39254963 0.00306318
v 0.07366245 0.36284441 -0.00182065
v 0.09583217 0.41370124 0.02053358
v 0.14509353 0.41661191 -0.08533531
v 0.12662533 0.41761398 -0.09805998
v 0.10648845 0.38346481 -0.11057702
v 0.10520054 0.41654491 -0.10240889
v 0.12979232 0.38472843 -0.10546375
v 0.05325450 0.60867971 0.07237761
v 0.05018654 0.58128083 0.06214134
v 0.07723209 0.57788092 0.07379393
v 0.08157449 0.60550696 0.08236085
v 0.12359798 1.12732661 -0.09009781
v 0.14010105 1.12397718 -0.07198268
v 0.15067187 1.24861169 0.07042007
v 0.14080185 1.24086857 0.08138347
v 0.14324214 1.22648644 0.06868729
v 0.15542445 1.23437190 0.05354062
v 0.16354460 1.24635077 0.04210269
v 0.15807889 1.25966763 0.06025927
v 0.16836201 1.26075935 0.03238749
v 0.16262484 1.27335727 0.05031712
v 0.17980571 1.31876993 0.00311216
v 0.18349345 1.32530260 -0.00029850
v 0.02826636 1.21233034 0.12246513
v 0.02795132 1.19040179 0.13120970
v 0.05431629 1.19112384 0.12589191
v 0.06215733 1.00398374 0.14186223
v 0.07324608 0.91050464 0.11898828
v 0.04954256 0.90520287 0.12757441
v 0.04148656 0.87586260 0.12678649
v 0.00631506 0.81386852 0.10345285
v -0.00095643 0.80488837 0.08589838
v -0.00159714 0.79624891 0.05884298
v -0.00226927 0.79590726 0.03720375
v 0.06465653 1.18600118 -0.13118580
v 0.06594846 1.21038282 -0.13626148
v 0.01741974 1.39158189 -0.13668239
v 0.03674727 1.39576757 -0.14050326
v 0.03595449 1.42460001 -0.13309893
v 0.01739542 1.41967678 -0.13015559
v 0.01668984 1.43195796 -0.12634328
v 0.03477283 1.43690276 -0.12878904
v 0.01462503 1.48728430 -0.09927996
v 0.01651618 1.47700405 -0.10664438
v -0.00464789 0.79677975 0.01333473
v -0.00517455 0.79551095 0.00235054
v -0.00525285 0.78842300 0.02857994
v 0.01418599 0.75566477 0.08056597
v 0.01693464 0.77149796 0.08907283
v 0.00146568 0.76919484 0.06531981
v -0.00040794 0.75653851 0.05650750
v 0.19053683 0.81677806 -0.00308818
v 0.18365517 0.80919743 0.03962498
v 0.08481393 0.78429353 -0.10289780
v 0.24095146 1.22619498 -0.08131508
v 0.22473453 1.24216318 -0.08104318
v 0.23271027 1.24645209 -0.09339383
v 0.24936773 1.23069060 -0.09223422
v 0.06555248 1.28859353 -0.15161592
v 0.07481917 1.26140189 -0.14569791
v 0.08810821 1.47567570 -0.02151396
v 0.16589324 1.48105323 -0.02693669
v 0.14955389 1.48404610 -0.03046485
v 0.15163389 1.47129548 -0.00247463
v 0.16527055 1.46866465 0.00048880
v 0.15766826 1.43308282 -0.11446162
v 0.14218348 1.43098259 -0.12050384
v 0.14452057 1.44993973 -0.10723082
v 0.15925828 1.44994617 -0.10019382
v 0.06510108 0.92653799 -0.15241107
v 0.03432170 0.92689180 -0.15202856
v 0.04346402 1.11912370 -0.11468197
v 0.04248470 1.14261448 -0.12027755
v 0.06396566 1.13853049 -0.11925328
v 0.06609116 1.11599314 -0.11409044
v 0.09878211 1.27509713 -0.14449431
v 0.11541414 1.25878692 -0.13474168
v 0.03721661 1.29113925 0.12028457
v 0.05506542 1.29802108 0.12128073
v 0.05399654 1.31685710 0.11248536
v 0.03593057 1.31232369 0.11252490
v 0.23396535 1.28656042 -0.10845753
v 0.22539729 1.27065241 -0.10324867
v 0.20772168 1.28393042 -0.10092307
v 0.21287030 1.29466879 -0.10655368
v 0.15457132 0.80950570 -0.08378705
v 0.18112388 0.82458985 -0.05017638
v 0.15509374 1.15541899 -0.05869765
v 0.15222988 1.13757348 -0.05331846
v 0.13845192 1.14149511 -0.07700086
v 0.14184026 1.15946376 -0.08349822
v 0.16440530 1.20914185 -0.06455776
v 0.16106661 1.19206011 -0.06390625
v 0.16920215 1.22576177 -0.06611049
v 0.18694642 1.31920826 -0.07484336
v 0.18609951 1.31510723 -0.07327106
v 0.18427628 1.31853199 -0.08385617
v 0.03815558 0.75750399 0.09954713
v 0.04640020 0.82976043 0.11588196
v 0.04043995 0.84340852 0.11902860
v -0.00316713 0.79950994 0.01969202
v -0.00244921 0.79959774 0.02091103
v 0.06196536 1.48756492 -0.00395761
v 0.06662881 1.49269211 -0.02167586
v 0.19140263 1.28752911 -0.05738361
v 0.19042017 1.30228102 -0.05277957
v 0.18506671 1.29717124 -0.05640715
v 0.18686250 1.30411506 -0.05763214
v 0.18610276 1.30802226 -0.03935187
v 0.18412970 1.30116498 -0.03695476
v 0.18360047 1.29668391 -0.07301937
v 0.18533298 1.30332589 -0.07319160
v 0.15254834 1.38058496 0.04935475
v 0.15429451 1.39877558 0.04019677
v 0.14191338 1.40284801 0.04108220
v 0.14008810 1.38456452 0.05133048
v 0.12713274 1.38644600 0.05487606
v 0.12878422 1.40451968 0.04281613
v 0.11403665 1.40500283 0.04607041
v 0.11212105 1.38646436 0.05866275
v 0.08540646 1.45637977 0.00359585
v 0.06907006 1.44721091 0.01964265
v 0.04921107 1.43980718 0.02934524
v 0.03078203 1.43589973 0.03539544
v 0.01825997 1.46649039 -0.11271802
v 0.04037868 1.47130084 -0.11140601
v 0.03503520 1.45917928 -0.11859366
v 0.01721609 1.45531356 -0.11784765
v -0.00059006 1.45220685 -0.11629740
v -0.00054359 1.46409297 -0.11181185
v 0.05493130 1.47262323 0.00842898
v 0.04081396 1.46798420 0.02139699
v 0.02715484 1.45452368 0.02850275
v 0.30373409 1.28139222 -0.02863047
v 0.28977731 1.30205441 -0.02821469
v 0.06296018 1.50419950 -0.05834277
v 0.06729332 1.49936914 -0.03984646
v 0.30912283 1.28409505 -0.04677239
v 0.29528663 1.30514109 -0.04704110
v 0.13560374 1.44755197 0.01465929
v 0.14972824 1.44918919 0.01615566
v 0.13758577 1.47073555 -0.00527644
v 0.05228823 1.48250973 0.01180629
v 0.03886408 1.47787130 0.02401569
v 0.19097070 0.85246420 0.00566179
v 0.18173313 0.84436327 0.04329438
v 0.16381089 1.11334944 0.00823075
v 0.15806265 1.10923970 0.03628517
v -0.00077823 1.14430988 0.14670506
v -0.00214641 1.12115812 0.15160789
v 0.02248802 1.12079203 0.15092576
v 0.02515946 1.14508021 0.14623615
v 0.00139087 1.20999193 0.12375408
v 0.00083254 1.18886757 0.13177741
v 0.01173983 1.48204422 0.03715678
v 0.04374071 1.07257295 0.15037720
v 0.04470490 1.09726369 0.14809453
v 0.02016165 1.09571552 0.15323555
v 0.01896880 1.06865203 0.15466364
v 0.00958797 1.04218698 0.15443610
v 0.00803635 1.03008616 0.15454285
v 0.01935221 0.85582215 0.12945642
v 0.00897132 0.85559785 0.13099104
v 0.23487164 1.34059632 0.00673382
v 0.24674544 1.35372019 -0.00494396
v 0.23839273 1.37090564 -0.00106257
v 0.22757073 1.35622871 0.00997038
v 0.08696549 1.07651031 0.12384528
v 0.06570532 1.07509220 0.14023894
v 0.17541724 1.31959629 0.02428971
v 0.17644118 1.30993581 0.00563216
v 0.02714676 1.23384869 0.12086681
v 0.07228985 1.30313516 0.11930558
v 0.07182997 1.31980908 0.11055201
v 0.08835711 1.30622172 0.11558677
v 0.08860734 1.32155240 0.10686226
v -0.00260871 0.80738175 0.00242728
v -0.00332834 0.79975206 0.01010501
v 0.23064454 1.36264229 -0.10396483
v 0.22575174 1.35396433 -0.10823047
v 0.21707904 1.36286902 -0.11084659
v 0.22269367 1.37253582 -0.10655434
v -0.00543995 0.74560899 0.01335931
v -0.00484256 0.76154518 0.02556958
v 0.01252332 0.80239522 -0.07063478
v 0.00052578 0.80364102 -0.05357421
v -0.00094032 0.80929148 -0.05848690
v -0.00182513 0.81620610 -0.07334462
v 0.06262377 0.69938433 0.09886330
v 0.06591032 0.73102534 0.10652106
v 0.05907974 0.66827947 0.09060880
v 0.05612610 0.63792068 0.08178055
v 0.05706215 0.45143235 0.01058573
v 0.06854604 0.42282504 0.01032444
v 0.07436299 0.32999152 -0.00636907
v 0.07548387 0.29523611 -0.01112641
v 0.07772996 0.25811207 -0.01618907
v 0.08338457 0.18395615 -0.02316849
v 0.08035954 0.21973932 -0.02086183
v 0.30793828 1.28183305 -0.06439500
v 0.30284894 1.27557170 -0.07991464
v 0.28778976 1.29609966 -0.08301693
v 0.29344878 1.30414164 -0.06667508
v 0.20876749 1.25933719 -0.04824061
v 0.22175580 1.24368215 -0.05025312
v 0.22619642 1.24862862 -0.03330515
v 0.21346000 1.26582348 -0.03060035
v 0.23560514 1.22678113 -0.05245351
v 0.22108844 1.24134541 -0.06663386
v 0.23639444 1.22518098 -0.06780270
v 0.26017851 1.23924124 -0.09976842
v 0.24350376 1.25463176 -0.10180529
v 0.25452867 1.26652884 -0.10530222
v 0.27188405 1.24906933 -0.10280853
v 0.29442754 1.26780879 -0.09238476
v 0.28356650 1.25839639 -0.10046287
v 0.26814082 1.27708972 -0.10266091
v 0.27934492 1.28656149 -0.09488148
v 0.25597137 1.24488354 -0.00972170
v 0.24240199 1.26442325 -0.00634908
v 0.23285411 1.25578773 -0.01788185
v 0.24590033 1.23688042 -0.02088387
v 0.25624907 1.36332154 -0.02215246
v 0.24788916 1.38226819 -0.01840037
v 0.18735702 1.34287822 0.01151051
v 0.19093634 1.34190679 0.00523954
v 0.19643742 1.35072088 0.02003788
v 0.19126120 1.35722923 0.02347786
v 0.26639539 1.31666994 -0.00990743
v 0.27673715 1.32330227 -0.02704769
v 0.26529518 1.34395862 -0.02466131
v 0.25531808 1.33575499 -0.00742108
v 0.22927660 1.28314233 -0.00232458
v 0.21664007 1.30085075 0.00286839
v 0.20855215 1.29181588 -0.01044293
v 0.22006512 1.27407956 -0.01467527
v 0.20067510 1.27618968 -0.08994900
v 0.21574059 1.26176286 -0.09290710
v 0.21538271 1.34103310 0.01564704
v 0.22135434 1.32702041 0.01182028
v 0.17123708 1.31016278 0.02740062
v 0.18294306 1.29393625 -0.03509393
v 0.18229331 1.28529346 -0.03345225
v 0.14036366 1.25686038 0.09062885
v 0.14101526 1.27278018 0.09371168
v 0.17662726 1.26682675 -0.00002750
v 0.17518771 1.25035620 0.00927643
v 0.14600673 1.27378488 0.08663709
v 0.14794807 1.26303256 0.08186740
v 0.09926552 1.18714595 0.10344434
v 0.02838077 1.44492221 0.02996473
v 0.22897150 1.31168771 0.00755186
v 0.24299964 1.32380521 0.00383634
v 0.19931020 1.30344296 -0.10355578
v 0.19422805 1.29566765 -0.09648369
v 0.18745261 1.30662465 -0.09161497
v 0.18980150 1.31225514 -0.09958890
v 0.13313214 1.29991949 -0.13526511
v 0.14340627 1.28778577 -0.12639527
v 0.13016292 1.27337933 -0.13113195
v 0.11729053 1.28730094 -0.14073238
v 0.24209140 1.37197721 -0.09068310
v 0.23419389 1.38522816 -0.09151250
v 0.24105246 1.38927794 -0.07870882
v 0.24942975 1.37329054 -0.07903221
v 0.24730662 1.39080131 -0.06159026
v 0.25203621 1.38875926 -0.04062979
v 0.26023209 1.36924887 -0.04272478
v 0.25628924 1.37224627 -0.06284586
v 0.18696429 0.89093554 -0.01854436
v 0.17868742 0.89548969 -0.05030302
v 0.12434927 1.02084291 0.09208080
v 0.14304283 1.02767932 0.07171559
v 0.10227983 0.92190075 0.10721478
v 0.00463823 0.78621775 0.07405221
v 0.02199659 0.79643357 0.10034207
v -0.00448092 0.72236359 0.00182319
v 0.18843040 0.88512146 0.01271226
v 0.00628740 0.66240913 -0.01735614
v -0.00019045 0.69315255 -0.00837271
v 0.05738254 0.66865778 -0.08290430
v 0.05161083 0.70061195 -0.08322921
v 0.08368664 0.69796026 -0.08825858
v 0.08660474 0.66755062 -0.08745807
v 0.11488070 0.69468296 -0.08280785
v 0.11557279 0.66501087 -0.08178207
v 0.10805991 0.57784641 0.07192802
v 0.10720167 0.34793514 -0.11399091
v 0.12938449 0.31068116 -0.10611684
v 0.10785124 0.31054944 -0.11206720
v 0.13038960 0.34915745 -0.10828087
v 0.14891084 0.38374460 -0.09073790
v 0.14961559 0.34825736 -0.09314188
v 0.14834625 0.30030274 -0.01473489
v 0.10845702 0.27234370 -0.10662881
v 0.12756778 0.27099341 -0.10092384
v 0.14745784 0.31024265 -0.09185417
v 0.14327161 0.27048892 -0.08894957
v -0.00444838 0.77161241 0.03673641
v -0.00111106 0.82013702 -0.08936846
v 0.16224639 0.83509707 0.07818331
v 0.16430052 0.80367959 0.07669048
v 0.07460528 0.83164859 0.11675265
v 0.10385224 0.84750915 0.11075251
v 0.12925340 1.10046852 0.08155414
v 0.10978828 1.09875000 0.10051428
v 0.13210078 1.14365339 0.07388996
v 0.13107471 1.12134886 0.07764945
v 0.14659870 1.12488830 0.05640780
v 0.14737299 1.14602673 0.05263084
v 0.16334735 1.15024066 -0.00087219
v 0.16213673 1.13159907 0.00342938
v 0.16038431 1.13421285 -0.02569539
v 0.16247882 1.15236795 -0.03057542
v 0.15379159 1.12021661 -0.04833810
v 0.16234404 1.11675489 -0.02099939
v 0.08431675 1.15685844 -0.11883102
v 0.08560723 1.17953885 -0.12523901
v 0.10551155 1.17235112 -0.11588260
v 0.10395331 1.15159261 -0.10895322
v 0.03042486 0.85196316 0.12432148
v -0.00242634 0.78507948 0.05019592
v 0.06874792 0.76015568 0.11184436
v 0.10419487 0.79277122 0.11577240
v 0.13710326 0.79696631 0.10330737
v 0.19270660 1.30753696 -0.03739158
v 0.16854408 1.31359816 -0.11537938
v 0.16649550 1.32554054 -0.12112301
v 0.27015856 1.34986627 -0.04543256
v 0.26605248 1.35338473 -0.06580834
v 0.20837438 1.31656134 0.00846650
v 0.23114812 1.38626313 0.00252061
v 0.21402456 1.38398087 0.01788277
v 0.22090815 1.37021911 0.01387300
v 0.13005851 0.91090769 0.09160532
v 0.13122788 0.88640922 0.09398779
v 0.15752856 0.89605016 0.07493664
v -0.00233476 0.80277097 -0.03581363
v -0.00065400 0.80887258 -0.04465713
v 0.04707701 0.81355608 0.11507620
v 0.01628728 0.60412109 -0.03117501
v 0.01174393 0.63246298 -0.02441942
v 0.01985421 0.57733899 -0.03801106
v 0.02349986 0.55043364 -0.04519983
v 0.02848231 0.52371484 -0.05186123
v 0.03653734 0.49669749 -0.05733600
v 0.04683264 0.46854192 -0.05837617
v 0.05136761 0.43833852 -0.06529955
v 0.04095840 0.37083036 -0.06347005
v 0.05058030 0.40684688 -0.07472449
v 0.04922927 0.37379384 -0.08225992
v 0.04925000 0.34000111 -0.08706553
v 0.05975482 0.26899838 -0.08491727
v 0.05226796 0.30543000 -0.08818495
v 0.06517696 0.23154980 -0.08186290
v 0.06823923 0.19459528 -0.07945518
v -0.00365040 0.80348516 -0.00471426
v -0.00312708 0.80312669 -0.01960221
v 0.11945585 1.44447899 0.01271612
v 0.18189241 1.30941832 -0.01656313
v 0.18443176 1.31545854 -0.01934061
v 0.20356762 1.32985401 0.01284762
v -0.00047728 0.82824230 -0.10478766
v -0.00003778 0.83963454 -0.11899439
v 0.26361644 1.30361354 -0.09836273
v 0.27223283 1.31533766 -0.08813316
v 0.20046654 1.30894995 -0.00647465
v 0.18695471 1.33288300 -0.00576203
v 0.18914208 1.33547533 -0.01199495
v 0.42010283 1.10824859 -0.04983642
v 0.42715111 1.08839130 -0.05039886
v 0.43065313 1.09139001 -0.06299812
v 0.42267638 1.11133027 -0.06350968
v 0.41194338 1.10317230 -0.03914364
v 0.41877073 1.08374536 -0.04107326
v 0.35382482 1.07234228 -0.05463478
v 0.36567909 1.05530357 -0.06036342
v 0.37344289 1.06000435 -0.04789526
v 0.36234683 1.07766628 -0.04235732
v 0.41530466 1.05944932 -0.03804831
v 0.40756708 1.07812274 -0.03550105
v 0.39525154 1.07200050 -0.03495698
v 0.40387121 1.05372596 -0.03852668
v 0.35179451 1.07255554 -0.08733650
v 0.33826211 1.08808959 -0.08213720
v 0.34493840 1.09399414 -0.09566091
v 0.35901856 1.07878959 -0.09938135
v 0.31270504 1.14944673 -0.03140807
v 0.30525616 1.16525328 -0.02653036
v 0.29588935 1.15659332 -0.03576373
v 0.30435577 1.14134204 -0.04208343
v 0.40500775 1.15009940 -0.04865868
v 0.41266608 1.12891006 -0.04913823
v 0.41408357 1.13181436 -0.06387728
v 0.40434635 1.15238345 -0.06438167
v 0.36940563 1.13102651 -0.02456362
v 0.36056623 1.15342784 -0.02379135
v 0.34490001 1.14557993 -0.02528965
v 0.35377631 1.12351930 -0.02676953
v 0.39316460 1.17225289 -0.06525339
v 0.39678580 1.17236495 -0.04982943
v 0.38674000 1.09081864 -0.03071314
v 0.37814105 1.11025858 -0.02698429
v 0.36354044 1.10338557 -0.03001070
v 0.37354636 1.08442581 -0.03464118
v 0.37949336 1.04215264 -0.09322304
v 0.36555535 1.05734396 -0.09092862
v 0.37315252 1.06358862 -0.10145264
v 0.38720775 1.04826081 -0.10229863
v 0.39343843 1.04828608 -0.04391721
v 0.38358599 1.06604338 -0.03952599
v 0.38448668 1.04308510 -0.05297404
v 0.43171534 1.07100487 -0.08753100
v 0.42105958 1.08995223 -0.09041715
v 0.42820770 1.09204185 -0.07694237
v 0.43750671 1.07279623 -0.07513650
v 0.33135962 1.10911596 -0.04258725
v 0.34219161 1.09009862 -0.04835015
v 0.35149807 1.09628296 -0.03699668
v 0.34115604 1.11598063 -0.03258640
v 0.39753202 1.14506030 -0.03546406
v 0.40478918 1.12355316 -0.03707161
v 0.40962395 1.10890877 -0.09249507
v 0.39740384 1.12755680 -0.09383595
v 0.40780860 1.13106275 -0.07922844
v 0.41850564 1.11156118 -0.07818303
v 0.36979732 1.13756502 -0.10179019
v 0.38345388 1.12079465 -0.10276594
v 0.36877507 1.11199784 -0.10489066
v 0.35467017 1.12788832 -0.10265865
v 0.31456077 1.12310302 -0.05017833
v 0.32191095 1.12971091 -0.03723584
v 0.32520890 1.10407507 -0.07571146
v 0.31237161 1.12064910 -0.06799658
v 0.31717873 1.12468457 -0.08420601
v 0.33124942 1.10932088 -0.09064180
v 0.36072657 1.20078325 -0.02877696
v 0.36847755 1.18375564 -0.02690870
v 0.38120815 1.18994975 -0.03676366
v 0.37222511 1.20717716 -0.03922933
v 0.38630524 1.19301212 -0.05180542
v 0.37586054 1.21005821 -0.05481882
v 0.34918711 1.22784388 -0.07277369
v 0.35819620 1.21852100 -0.07133843
v 0.34397739 1.21254671 -0.07934402
v 0.33632627 1.22216320 -0.08180746
v 0.33977056 1.16656530 -0.09993891
v 0.35498923 1.15303814 -0.10116939
v 0.33943525 1.14271140 -0.09988663
v 0.32410422 1.15653253 -0.09623151
v 0.29912966 1.15914631 -0.08403122
v 0.31191739 1.14716542 -0.08907522
v 0.30370450 1.13916337 -0.07706481
v 0.29217175 1.15162396 -0.07032605
v 0.26214576 1.19666910 -0.07190117
v 0.27087009 1.18575299 -0.07344715
v 0.26724765 1.18309915 -0.05849529
v 0.25927702 1.19527066 -0.05714749
v 0.27625310 1.19174409 -0.02732957
v 0.28752804 1.19929230 -0.01761372
v 0.27918550 1.21145153 -0.01521550
v 0.26848146 1.20387483 -0.02566209
v 0.33265162 1.24432695 -0.03062197
v 0.34109211 1.23310947 -0.03052324
v 0.34856310 1.23896492 -0.04503879
v 0.33833379 1.24905157 -0.04696492
v 0.32684681 1.17797804 -0.09832289
v 0.30934584 1.16986287 -0.09259492
v 0.28283712 1.18075347 -0.02930780
v 0.28879917 1.16961503 -0.03220046
v 0.29930452 1.17860186 -0.02320142
v 0.29366300 1.18885982 -0.01999671
v 0.31952947 1.20775974 -0.02016628
v 0.32484993 1.19642746 -0.02356387
v 0.33917025 1.20489728 -0.02534728
v 0.33385280 1.21529353 -0.02371818
v 0.34743780 1.22369623 -0.03032061
v 0.35373273 1.21315706 -0.02991180
v 0.36425477 1.21958888 -0.04135398
v 0.35655865 1.23003697 -0.04313757
v 0.31903604 1.18659353 -0.09782241
v 0.31114295 1.19293141 -0.09826455
v 0.32167202 1.20147800 -0.09488095
v 0.33003089 1.19504929 -0.09496523
v 0.28262326 1.16233373 -0.06462365
v 0.28849041 1.16848350 -0.07895845
v 0.33070415 1.18466461 -0.02584259
v 0.31222758 1.18807364 -0.02094389
v 0.31747103 1.17490220 -0.02414140
v 0.36623344 1.22202897 -0.05696488
v 0.26834294 1.20019376 -0.08323985
v 0.25705066 1.21079636 -0.08193201
v 0.26472583 1.21604669 -0.09163634
v 0.27593097 1.20525372 -0.09243581
v 0.25143927 1.20803797 -0.06968273
v 0.24939844 1.20822906 -0.05488954
v 0.26918617 1.22607851 -0.01263586
v 0.25906783 1.21823621 -0.02338497
v 0.28192824 1.23536313 -0.00772098
v 0.29258004 1.22034156 -0.01096273
v 0.30544439 1.22970283 -0.01251648
v 0.29463664 1.24528420 -0.00869670
v 0.31852809 1.26153266 -0.02973850
v 0.32382083 1.26479542 -0.04686737
v 0.33617243 1.24831772 -0.06264429
v 0.32236761 1.26223016 -0.06349257
v 0.26954752 1.18565547 -0.04188052
v 0.27600467 1.17444515 -0.04409461
v 0.39691326 1.10343480 -0.10244406
v 0.40957513 1.08540165 -0.10070751
v 0.39609951 1.07887042 -0.10526965
v 0.38268432 1.09569347 -0.10564678
v 0.38374180 1.07132232 -0.10599909
v 0.39754090 1.05524504 -0.10529337
v 0.39287600 1.11714792 -0.02927546
v 0.40032661 1.09717166 -0.03228742
v 0.42595240 1.06479108 -0.04204412
v 0.34524089 1.19287407 -0.02592462
v 0.35225585 1.17604983 -0.02505359
v 0.32487866 1.21582580 -0.08930729
v 0.31774539 1.22324216 -0.09265968
v 0.32849175 1.23019886 -0.08434477
v 0.34132999 1.18856132 -0.09447480
v 0.35123488 1.19992840 -0.08061825
v 0.36834380 1.18523395 -0.07989456
v 0.35576993 1.17749035 -0.09428301
v 0.30314922 1.19861448 -0.09834625
v 0.29523069 1.20515561 -0.09851110
v 0.30665967 1.21438229 -0.09828389
v 0.31421959 1.20759296 -0.09620634
v 0.31970009 1.23782289 -0.01918302
v 0.32758558 1.22553015 -0.02200076
v 0.30852288 1.25023556 -0.09009141
v 0.31694365 1.25630307 -0.07820727
v 0.32920587 1.24411511 -0.07593149
v 0.31973112 1.23878431 -0.08687070
v 0.33960342 1.23577905 -0.07436752
v 0.29788178 1.24244142 -0.09845375
v 0.30924892 1.23145747 -0.09579244
v 0.30779523 1.25477338 -0.01580485
v 0.28605637 1.21372461 -0.09899163
v 0.27483493 1.22431099 -0.09920745
v 0.28660294 1.23360384 -0.10156964
v 0.29774183 1.22263288 -0.10002653
v 0.36984405 1.08720255 -0.10513682
v 0.35574526 1.10269868 -0.10282779
v 0.29065105 1.15056801 -0.05199470
v 0.30017334 1.13644934 -0.05936838
v 0.28257352 1.16302824 -0.04711567
v 0.34942323 1.06989551 -0.07090108
v 0.36245984 1.05401039 -0.07612659
v 0.32517788 1.10432303 -0.05755693
v 0.33706775 1.08662641 -0.06453617
v 0.38446882 1.14558005 -0.09409232
v 0.28579301 1.18314588 -0.08581258
v 0.29494664 1.17641771 -0.08869017
v 0.27903101 1.17676222 -0.07581696
v 0.25210804 1.21239460 -0.03811564
v 0.26149753 1.19801748 -0.04051800
v 0.30911174 1.18069661 -0.09590942
v 0.23895913 1.23078716 -0.03580327
v 0.36781061 1.20667470 -0.06984251
v 0.34736425 1.23932087 -0.06071527
v 0.35701850 1.23131847 -0.05876062
v 0.43871215 1.07218468 -0.06193818
v 0.38471633 1.13830650 -0.02695924
v 0.33723879 1.16813278 -0.02560307
v 0.32391238 1.15846717 -0.02674590
v 0.27765554 1.19094872 -0.08429678
v 0.28496653 1.19684112 -0.09306538
v 0.29299131 1.19028950 -0.09373961
v 0.30084988 1.20851302 -0.01405804
v 0.31355220 1.21788347 -0.01645528
v 0.37584010 1.03873551 -0.07987401
v 0.30700332 1.19781566 -0.01745025
v 0.38055441 1.19092059 -0.06673601
v 0.01771449 1.40598726 -0.13367176
v -0.00019141 1.38987887 -0.13407865
v -0.00005878 1.40402901 -0.13144518
v 0.17098379 1.23374486 0.01839459
v 0.13141236 1.20621645 0.07327905
v 0.14677954 1.20947111 0.05489638
v 0.17983778 1.30169141 -0.01423230
v 0.17848159 1.29216027 -0.01154704
v 0.18898872 1.32865679 -0.02954225
v 0.18678948 1.32398331 -0.02452699
v 0.17093596 1.27519882 0.02246000
v 0.08296099 1.63915193 -0.03632651
v 0.08033427 1.63201189 -0.03972552
v 0.08501285 1.65275085 -0.03569591
v 0.00746076 1.05524874 0.15383913
v -0.00598462 1.02882385 0.15237707
v -0.00584980 1.01507819 0.15377308
v 0.08259191 1.62191284 -0.02084246
v 0.08064558 1.61561060 -0.02580534
v 0.08464412 1.61870909 -0.02268665
v 0.08257233 1.62395978 -0.01870720
v 0.08222508 1.62290406 -0.01907129
v 0.08528525 1.65535021 -0.02483944
v 0.07849614 1.62308133 -0.04010073
v 0.07633059 1.61339021 -0.03893362
v 0.08346464 1.64138627 -0.02002984
v 0.05260174 1.04844177 -0.11139707
v 0.05731745 1.02977526 -0.11608643
v 0.03003252 1.02916133 -0.11703711
v 0.02684903 1.04764652 -0.11083921
v 0.00116903 1.01408780 -0.12480811
v 0.00017841 1.03078032 -0.11670391
v 0.03396394 1.01054895 -0.12606788
v 0.15368958 0.97640967 -0.09174693
v 0.14968073 0.99855989 -0.08812997
v 0.16536850 1.00015581 -0.06430514
v 0.17014569 0.97848701 -0.06589793
v 0.17155118 1.01729953 -0.03720636
v 0.17609526 0.99970084 -0.03614897
v 0.16042840 1.01870167 -0.06363091
v 0.17607443 1.01336181 -0.00682481
v 0.17999150 0.99493700 -0.00564379
v 0.17282204 1.00617468 0.02319872
v 0.17673799 0.98624289 0.02386547
v 0.16710268 0.97631943 0.05021977
v 0.15072902 0.96668375 0.07392180
v 0.12959860 0.93412346 0.09146273
v 0.12877804 0.95665926 0.09340664
v 0.10436628 0.94760698 0.10930167
v 0.07845502 0.93902558 0.12184507
v 0.05455387 0.93331885 0.13156497
v 0.03333894 0.92909884 0.13763711
v 0.01422979 0.92656338 0.14071508
v -0.00296592 0.92461079 0.14063732
v -0.00201657 0.89808547 0.13675147
v 0.11562955 1.42382705 0.03081880
v 0.09169424 1.48723757 -0.08791308
v 0.11140250 1.48920643 -0.06297278
v 0.10241602 1.48347592 -0.08757629
v 0.12335737 1.42629385 -0.12829533
v 0.10184939 1.41911626 -0.13646919
v 0.10400240 1.43777895 -0.12784687
v 0.12580512 1.44629133 -0.11617436
v 0.08084198 1.47735882 -0.10377786
v 0.07492272 1.47989583 -0.10227119
v 0.08793190 1.47301733 -0.10653762
v 0.07120673 1.46223474 -0.11795660
v 0.05217666 1.45433199 -0.12263563
v 0.16380157 1.48015058 -0.05686301
v 0.18040898 1.47469389 -0.05228646
v 0.17481852 1.46354342 -0.07685958
v 0.16126314 1.46718311 -0.08227430
v 0.15581599 1.41608751 -0.12408245
v 0.16888086 1.41757214 -0.12020012
v 0.16704381 1.40150595 -0.12662920
v 0.15353084 1.39850128 -0.13013193
v 0.22229715 1.43863916 -0.04001734
v 0.23361409 1.42270052 -0.03879062
v 0.22808090 1.42306268 -0.06165823
v 0.21641164 1.43733394 -0.06363729
v 0.16989520 1.43342018 -0.10940174
v 0.08752693 1.29487443 -0.15034351
v 0.10698974 1.30371392 -0.14689896
v 0.12403672 1.31289744 -0.14202911
v 0.16520430 1.33890450 -0.12559338
v 0.15740465 1.31681859 -0.12630817
v 0.15468501 1.33125067 -0.13054295
v 0.17407626 1.34628928 -0.12095075
v 0.17903288 1.34924412 -0.11509899
v 0.20593627 1.39819384 0.02067167
v 0.19757327 1.37645543 0.02831792
v 0.20461845 1.36586571 0.02400764
v 0.18647598 1.34381235 -0.10578070
v 0.18499169 1.33753610 -0.10280425
v 0.18128045 1.33910918 -0.10289221
v 0.18217289 1.34580421 -0.10619938
v 0.14706536 1.48300970 -0.06091595
v 0.22197321 1.41813135 -0.07993053
v 0.21590306 1.40964592 -0.09442444
v 0.20504513 1.41977000 -0.09621906
v 0.21039975 1.42999566 -0.08186360
v 0.21054664 1.40171123 -0.10506152
v 0.20538263 1.39231956 -0.11163367
v 0.19651936 1.39820707 -0.11463288
v 0.20090103 1.40953279 -0.10764828
v 0.18913123 1.35054004 -0.10915104
v 0.18329479 1.35377538 -0.10970414
v 0.24053058 1.39918888 -0.01624913
v 0.19703740 1.46344090 -0.01873261
v 0.18232037 1.47477949 -0.02257794
v 0.17890295 1.46079767 0.00362391
v 0.19171590 1.44898820 0.00534932
v 0.19220735 1.32130730 -0.03347234
v 0.19114061 1.31525803 -0.04903923
v 0.18884683 1.31137979 -0.06450325
v 0.18230148 1.32463706 -0.09296205
v 0.18718553 1.31085205 -0.07769331
v 0.19935288 1.34061873 0.01649300
v 0.21013202 1.35418916 0.01968644
v 0.17296301 1.43723941 0.01963798
v 0.18416926 1.42596865 0.02082575
v 0.24344373 1.40640664 -0.03953287
v 0.23823424 1.40744543 -0.06156091
v 0.19476978 1.32482755 -0.10664418
v 0.18908738 1.33040464 -0.10400806
v 0.19142507 1.33663905 -0.10697608
v 0.17896557 1.31981134 -0.10110640
v 0.18059707 1.33222926 -0.09857903
v 0.19567387 1.46546698 -0.04709370
v 0.22513127 1.39768457 -0.09355918
v 0.23167150 1.40435326 -0.07940349
v 0.19090270 1.41449845 -0.11106691
v 0.18038110 1.41710174 -0.11546318
v 0.18199669 1.43121338 -0.10419986
v 0.19361208 1.42685008 -0.09980156
v 0.20893623 1.37206578 -0.11312693
v 0.21453442 1.38298237 -0.10928974
v 0.17822123 1.40258551 -0.12255965
v 0.18782935 1.40148640 -0.11860436
v 0.19463043 1.34367931 -0.10993984
v 0.16214044 1.44573939 0.01783554
v 0.14539208 1.42409527 0.02864644
v 0.15789533 1.42097223 0.02907807
v 0.16843487 1.41308224 0.03055451
v 0.17973353 1.40203083 0.03129600
v 0.18948455 1.38813806 0.03086555
v 0.13172254 1.42407167 0.02902281
v 0.30154294 1.18457818 -0.09502222
v 0.19232006 1.31831455 -0.10425637
v 0.20234849 1.31884015 -0.10889646
v 0.20135006 1.31146133 -0.10695900
v 0.25127473 1.29451215 -0.10568552
v 0.00524118 1.56462622 0.09960736
v 0.00553649 1.55880594 0.09696264
v 0.00379121 1.58966684 0.09919767
v 0.00402052 1.58582330 0.10024510
v 0.33182204 1.20789719 -0.08694328
v 0.33776397 1.20132077 -0.08710262
v 0.37076393 1.16263163 -0.09383425
v 0.38351804 1.16883552 -0.07983562
v 0.39623046 1.15044296 -0.07980189
v 0.39017743 1.16776216 -0.03494217
v 0.37685755 1.16121531 -0.02591760
v 0.33183703 1.13720512 -0.02931822
v 0.32679850 1.13301599 -0.09444533
v 0.44960386 1.03215575 -0.04784957
v 0.45688120 1.01325500 -0.04675589
v 0.46354076 1.01651263 -0.05591924
v 0.45493841 1.03509128 -0.05836672
v 0.46395704 0.99484801 -0.04452968
v 0.44755098 1.00874400 -0.04243421
v 0.45385933 0.99057621 -0.04234194
v 0.43766248 1.00441873 -0.04297394
v 0.44456762 0.98706740 -0.04430597
v 0.43673891 0.98431003 -0.05000983
v 0.42880565 1.00054693 -0.04765934
v 0.42236954 0.99700725 -0.05563199
v 0.43117446 0.98142898 -0.05867376
v 0.40665811 1.01020944 -0.06179960
v 0.40235090 1.00791657 -0.07309871
v 0.41492701 0.99271208 -0.07616241
v 0.41774356 0.99419653 -0.06552142
v 0.43305439 0.98290718 -0.09617518
v 0.42019814 0.99680388 -0.09644394
v 0.42821315 1.00187325 -0.10114878
v 0.44037938 0.98733497 -0.09998637
v 0.43582436 1.02855587 -0.09949107
v 0.44849172 1.01214814 -0.09775984
v 0.43813938 1.00696468 -0.10090435
v 0.42477146 1.02323759 -0.10265475
v 0.46011010 0.99734986 -0.09727889
v 0.45684537 1.01511526 -0.09035059
v 0.46801156 1.00048113 -0.08908805
v 0.43330649 1.04616773 -0.04211576
v 0.44210470 1.05090535 -0.04940528
v 0.43422019 1.06938744 -0.05047609
v 0.42032841 1.01767266 -0.04464439
v 0.42990795 1.02245355 -0.04115450
v 0.42258546 1.04080617 -0.03980223
v 0.41194546 1.03553176 -0.04173341
v 0.37761092 1.03910649 -0.06541811
v 0.39012426 1.02346241 -0.06949847
v 0.39543936 1.02655637 -0.05767575
v 0.41276634 1.01377058 -0.05213308
v 0.40296486 1.03082430 -0.04824171
v 0.40218380 1.00846171 -0.08525739
v 0.41554183 0.99357474 -0.08720633
v 0.45555508 1.03567863 -0.07044981
v 0.46491492 1.01757050 -0.06787035
v 0.46240363 1.01681960 -0.07965696
v 0.45213211 1.03444982 -0.08186339
v 0.38921839 1.02367032 -0.08271793
v 0.44648954 1.05402613 -0.07281543
v 0.44212857 1.05249977 -0.08464864
v 0.44548723 1.03208065 -0.09232614
v 0.43380859 1.04946840 -0.09516701
v 0.47407991 1.00109279 -0.06554149
v 0.47160813 0.99878252 -0.05329711
v 0.44694439 1.05370724 -0.06035599
v 0.40664104 1.01188111 -0.09585630
v 0.39317918 1.02710986 -0.09461443
v 0.40097219 1.03283608 -0.10223074
v 0.41468152 1.01741648 -0.10214595
v 0.40936178 1.06184626 -0.10369395
v 0.42250890 1.04490137 -0.10131735
v 0.41115820 1.03918958 -0.10394406
v 0.44966936 0.99195558 -0.10026667
v 0.42183408 1.06718326 -0.09798924
v 0.48009440 0.90736032 -0.05736431
v 0.48196575 0.90225852 -0.04789060
v 0.47308317 0.90766078 -0.04570674
v 0.47160652 0.91344082 -0.05591913
v 0.45355421 0.92045617 -0.03783936
v 0.45967749 0.91401637 -0.02802474
v 0.45892775 0.92245805 -0.02120115
v 0.45204207 0.93014431 -0.02989681
v 0.48565221 0.90009367 -0.03904026
v 0.47596928 0.90419412 -0.03706647
v 0.48954225 0.90410936 -0.03256809
v 0.49467972 0.89681351 -0.04037753
v 0.50070029 0.90141630 -0.03625422
v 0.50832868 0.89661062 -0.03829786
v 0.51524270 0.90322572 -0.04182157
v 0.50720847 0.91252792 -0.03750978
v 0.51283032 0.92472637 -0.06290156
v 0.51923728 0.91100693 -0.06319509
v 0.51814568 0.91372478 -0.07448489
v 0.51093447 0.92717147 -0.07380185
v 0.50789398 0.91855210 -0.09335510
v 0.50163239 0.93120730 -0.09102295
v 0.50659531 0.92901802 -0.08247514
v 0.51357526 0.91520107 -0.08391184
v 0.47858283 0.91442090 -0.07247406
v 0.47916818 0.91224951 -0.06625663
v 0.47138420 0.91882837 -0.06595644
v 0.47083476 0.92165554 -0.07268405
v 0.49098045 0.90865481 -0.02129005
v 0.48859552 0.90510154 -0.02327175
v 0.49552393 0.90933853 -0.03045280
v 0.49526027 0.91653299 -0.02871138
v 0.44863945 0.93920362 -0.08492021
v 0.44892997 0.93979836 -0.07690419
v 0.44428706 0.95009917 -0.07374340
v 0.44351438 0.95046884 -0.08281310
v 0.44517395 0.94413805 -0.04562706
v 0.45345923 0.95449084 -0.03754681
v 0.45105997 0.96095026 -0.04273858
v 0.44515926 0.95070255 -0.05314689
v 0.44749251 0.93749571 -0.03814486
v 0.45984831 0.93894023 -0.02527793
v 0.45568386 0.94738328 -0.03156459
v 0.46577066 0.92945325 -0.01758557
v 0.44449571 0.95394957 -0.09356210
v 0.44783762 0.94524330 -0.09732261
v 0.52685696 0.84831160 -0.04353026
v 0.52421480 0.85358489 -0.04314160
v 0.52306622 0.85212266 -0.04862235
v 0.52614534 0.84694129 -0.04887190
v 0.46301138 0.95772374 -0.10527472
v 0.45783889 0.96271145 -0.10319866
v 0.46696404 0.96705592 -0.10185043
v 0.47222659 0.96163106 -0.10196383
v 0.46921355 0.95074534 -0.10799543
v 0.47859532 0.95420027 -0.10268907
v 0.54033858 0.85339653 -0.04208191
v 0.53819454 0.85938752 -0.04261103
v 0.53348333 0.85787696 -0.04011988
v 0.53536832 0.85197014 -0.03991592
v 0.48722038 0.90069568 -0.05726993
v 0.48930269 0.89645511 -0.04825842
v 0.50121689 0.88209999 -0.05151733
v 0.50229162 0.88434470 -0.04518688
v 0.49600148 0.89037967 -0.04681326
v 0.49429128 0.89187336 -0.05645281
v 0.49104434 0.89943814 -0.07662039
v 0.49333736 0.89534014 -0.06936376
v 0.48715219 0.90446174 -0.06906803
v 0.48488346 0.90815717 -0.07665886
v 0.48021650 0.90970778 -0.08851713
v 0.47818509 0.90882570 -0.09458076
v 0.48399252 0.90198898 -0.09574928
v 0.48672852 0.90174425 -0.08906617
v 0.50032008 0.88495004 -0.08419897
v 0.49918622 0.88610077 -0.08969973
v 0.50691140 0.87976682 -0.09010278
v 0.50774384 0.87821186 -0.08511893
v 0.45336559 0.96791029 -0.10183347
v 0.46265909 0.97311211 -0.10168191
v 0.49518996 0.92228007 -0.11026082
v 0.49959782 0.91360748 -0.11372583
v 0.49052310 0.91299748 -0.12007160
v 0.48581815 0.92180729 -0.11640064
v 0.48069555 0.96310425 -0.09487243
v 0.47623393 0.96953624 -0.09543879
v 0.54327238 0.85359418 -0.04714389
v 0.54124218 0.85969567 -0.04766991
v 0.47590539 0.93327999 -0.01889088
v 0.47120607 0.94406199 -0.02730830
v 0.46736822 0.95318627 -0.03395309
v 0.46481851 0.96030754 -0.03835822
v 0.46282300 0.96702379 -0.04025618
v 0.49746454 0.88768351 -0.06162827
v 0.48454803 0.90617234 -0.06465719
v 0.47739628 0.91601318 -0.07702735
v 0.46698269 0.91647893 -0.10608424
v 0.46962753 0.91462839 -0.09867536
v 0.46425700 0.91983855 -0.09592143
v 0.46165270 0.92336488 -0.10577454
v 0.47729787 0.91769248 -0.11756950
v 0.48255813 0.90924734 -0.11997145
v 0.47893026 0.90512234 -0.11509212
v 0.47337741 0.91242790 -0.11332296
v 0.49219152 0.91240722 -0.01720905
v 0.49231130 0.92214876 -0.02441255
v 0.45419779 0.95193040 -0.10386012
v 0.44992056 0.95796382 -0.10019317
v 0.44657290 0.96444303 -0.09770703
v 0.45938268 0.93070006 -0.07549411
v 0.46018982 0.92891860 -0.07098931
v 0.44865423 0.93775427 -0.06543629
v 0.44901928 0.93990219 -0.07175477
v 0.46022990 0.91879278 -0.05376855
v 0.46269363 0.91253102 -0.04306836
v 0.44986984 0.92734736 -0.04844284
v 0.44447327 0.95031947 -0.06531538
v 0.44234014 0.95959425 -0.06227947
v 0.44155365 0.95924002 -0.07191654
v 0.44110093 0.95948654 -0.08171851
v 0.44224083 0.96132779 -0.09118053
v 0.43818027 0.96894777 -0.06079898
v 0.43665695 0.96802086 -0.07041615
v 0.43638432 0.96805495 -0.08072424
v 0.43821052 0.96941531 -0.08989401
v 0.46749872 0.98613942 -0.09665452
v 0.47200313 0.97707087 -0.09609516
v 0.45766023 0.98121101 -0.10144684
v 0.44936052 0.97235805 -0.04407924
v 0.44253567 0.97065574 -0.05161397
v 0.44530907 0.96056056 -0.05221651
v 0.45967418 0.97609162 -0.04170167
v 0.46504059 0.90979856 -0.02085422
v 0.47106358 0.90569353 -0.02646698
v 0.47410306 0.90194136 -0.02045856
v 0.46946052 0.90515518 -0.01512376
v 0.50159514 0.89268082 -0.04073865
v 0.50734949 0.88710344 -0.04093900
v 0.51408559 0.89047700 -0.03984611
v 0.45234704 0.93741506 -0.10151593
v 0.45346534 0.93235564 -0.09070104
v 0.50281459 0.88012981 -0.05738133
v 0.53508139 0.86626095 -0.04310241
v 0.52921343 0.87756938 -0.04338522
v 0.52333170 0.87561810 -0.04063810
v 0.53015703 0.86442268 -0.04032228
v 0.51172078 0.87445974 -0.06101755
v 0.51761621 0.86875582 -0.05933362
v 0.51301730 0.86876106 -0.05481382
v 0.50806695 0.87530231 -0.05559710
v 0.49674582 0.88737285 -0.09634217
v 0.50305212 0.88216841 -0.09655961
v 0.52248293 0.89541680 -0.06383399
v 0.51982659 0.90914190 -0.05143826
v 0.52445996 0.89758122 -0.05224596
v 0.48891655 0.90112394 -0.08317713
v 0.49279684 0.89356267 -0.08946110
v 0.49438810 0.89273083 -0.08373368
v 0.49976403 0.88485086 -0.06429392
v 0.49776313 0.88834584 -0.06937464
v 0.50301021 0.88198537 -0.06838652
v 0.50421977 0.87963146 -0.06237660
v 0.46951130 0.92658287 -0.11492339
v 0.48066211 0.93217063 -0.11337639
v 0.52827907 0.85580134 -0.04021733
v 0.53053582 0.85021085 -0.04050792
v 0.44847846 0.97581798 -0.10061011
v 0.44201750 0.97189879 -0.09656957
v 0.48263612 0.90960884 -0.08252691
v 0.51221669 0.92083883 -0.05058061
v 0.47523081 0.91706645 -0.08182682
v 0.51027679 0.89852655 -0.10351019
v 0.51501334 0.89172137 -0.10430622
v 0.50890130 0.88862312 -0.10588846
v 0.50423723 0.89489222 -0.10712370
v 0.52563453 0.85935426 -0.05814563
v 0.53043008 0.85346538 -0.05759526
v 0.52575296 0.85208774 -0.05401000
v 0.52079874 0.85824895 -0.05406032
v 0.50656539 0.87701428 -0.05029277
v 0.51122081 0.86966407 -0.04940239
v 0.51261872 0.87142003 -0.04416377
v 0.50750953 0.87905949 -0.04470726
v 0.51219153 0.88136888 -0.04142823
v 0.51746762 0.87356138 -0.04127517
v 0.53228098 0.86186290 -0.05895103
v 0.52508479 0.87112921 -0.05997731
v 0.53077543 0.87596941 -0.05639257
v 0.53721958 0.86511225 -0.05483081
v 0.49551469 0.94353259 -0.08877634
v 0.49616441 0.93243694 -0.09983818
v 0.49048448 0.94430113 -0.09711748
v 0.51347983 0.90659130 -0.09536047
v 0.50496346 0.90790552 -0.10444496
v 0.50167125 0.92047596 -0.10246015
v 0.49009109 0.93311590 -0.10696325
v 0.51911843 0.88104403 -0.06683410
v 0.52373731 0.88549095 -0.06837422
v 0.52419442 0.88436079 -0.05976728
v 0.47179466 0.91738057 -0.08850306
v 0.52469593 0.86244315 -0.04058353
v 0.48441157 0.96684313 -0.05039817
v 0.48752889 0.95868146 -0.04947525
v 0.49352184 0.96080565 -0.06338170
v 0.48899949 0.96962154 -0.06244447
v 0.51877052 0.85864240 -0.04860519
v 0.51999259 0.85993743 -0.04325609
v 0.49633721 0.88806468 -0.10321531
v 0.49913079 0.88817042 -0.10833221
v 0.50412822 0.88478410 -0.10641764
v 0.50234592 0.88377273 -0.10218212
v 0.48467475 0.94439656 -0.10429940
v 0.50253230 0.90739131 -0.11705097
v 0.49417153 0.90559053 -0.12296885
v 0.48529345 0.95498031 -0.09536694
v 0.48671916 0.96339476 -0.08538832
v 0.49052465 0.95482314 -0.08683638
v 0.51876265 0.89926600 -0.08470757
v 0.49997234 0.94193751 -0.08100664
v 0.49472201 0.95379436 -0.07904705
v 0.49067250 0.96334022 -0.07609904
v 0.48740777 0.97097176 -0.07494824
v 0.48326010 0.97074163 -0.08522144
v 0.53819817 0.86677372 -0.04849888
v 0.54065961 0.85835552 -0.05392414
v 0.47461289 0.98865986 -0.08693250
v 0.47915849 0.97890824 -0.08564173
v 0.47848985 0.98895031 -0.07594194
v 0.48358989 0.97920650 -0.07507443
v 0.49885237 0.94949681 -0.06068030
v 0.49785337 0.95173907 -0.07015839
v 0.50565863 0.93730783 -0.06226669
v 0.50387824 0.94010788 -0.07256915
v 0.52383077 0.90059841 -0.07485735
v 0.54342556 0.84239233 -0.05561398
v 0.53898954 0.84055287 -0.05684605
v 0.53418022 0.84790802 -0.05742292
v 0.53945315 0.84985453 -0.05654666
v 0.53622043 0.85573709 -0.05765354
v 0.54315948 0.85235560 -0.05302338
v 0.50401229 0.93273157 -0.04976788
v 0.50960314 0.87668037 -0.06772498
v 0.49318424 0.94489074 -0.04610593
v 0.49397704 0.93283194 -0.03323061
v 0.50205421 0.92505705 -0.03691430
v 0.48243222 0.94648826 -0.03318470
v 0.47863957 0.95675546 -0.03881682
v 0.47311017 0.97083771 -0.04302854
v 0.47548074 0.96435690 -0.04204710
v 0.46947473 0.98012769 -0.04362684
v 0.48546728 0.93524110 -0.02479261
v 0.53001368 0.84009898 -0.04983578
v 0.53015369 0.84104037 -0.04419474
v 0.48124722 0.97406620 -0.05070088
v 0.47726831 0.98423278 -0.05158857
v 0.46689776 0.90777266 -0.03379111
v 0.46749380 0.92396301 -0.08062711
v 0.46403599 0.92421186 -0.08571631
v 0.45900488 0.92552900 -0.09351495
v 0.45704526 0.92990279 -0.10430668
v 0.48068872 0.98784918 -0.06350949
v 0.42821729 0.97928870 -0.06841800
v 0.42731431 0.97883135 -0.07885394
v 0.47204193 1.00120437 -0.07763694
v 0.53347200 0.84253103 -0.04101195
v 0.51470107 0.88029718 -0.08910798
v 0.51486307 0.87860966 -0.08708873
v 0.46426889 0.91637921 -0.01515098
v 0.46966890 0.90997744 -0.01015953
v 0.48303813 0.91486847 -0.00729978
v 0.47944069 0.92421901 -0.01202993
v 0.47015792 0.92165565 -0.01145969
v 0.47489804 0.91317755 -0.00727764
v 0.45821720 0.93094307 -0.07901495
v 0.45661679 0.93108141 -0.08393581
v 0.47513768 0.94209319 -0.11069846
v 0.46432737 0.93644500 -0.11220225
v 0.51845467 0.88397163 -0.04075503
v 0.52419114 0.88650548 -0.04414759
v 0.52066177 0.89452088 -0.04365072
v 0.53229529 0.87847543 -0.04977090
v 0.51922017 0.87684667 -0.06189594
v 0.51584506 0.87709832 -0.06606805
v 0.46017188 0.92474025 -0.06374019
v 0.44860825 0.93304902 -0.05783233
v 0.48222449 0.90245008 -0.02453838
v 0.47889423 0.90407699 -0.03015435
v 0.49581963 0.89131838 -0.07662285
v 0.52503574 0.88805515 -0.08249909
v 0.52787954 0.89001775 -0.07499555
v 0.50117075 0.88431156 -0.07648054
v 0.53818870 0.84378147 -0.04020134
v 0.54313743 0.84520280 -0.04209402
v 0.52763993 0.88806105 -0.05137543
v 0.49020371 0.89433968 -0.09638960
v 0.52059537 0.88293016 -0.08575671
v 0.51901048 0.89025301 -0.08902986
v 0.48668596 0.90319949 -0.12148326
v 0.48522747 0.97730243 -0.06242742
v 0.52888280 0.84688568 -0.05448646
v 0.53302944 0.83990371 -0.05495051
v 0.54591680 0.84457821 -0.05240422
v 0.54601622 0.84596372 -0.04711275
v 0.45927480 0.94484299 -0.10850614
v 0.46970826 0.92327106 -0.07671799
v 0.42889717 0.98007309 -0.08848441
v 0.48780215 0.92525041 -0.01717625
v 0.48993385 0.91498113 -0.01127963
v 0.50697893 0.87835371 -0.07670978
v 0.50460577 0.90209544 -0.11036499
v 0.52202523 0.88728344 -0.09197243
v 0.52133042 0.89204288 -0.09844395
v 0.51769537 0.89835024 -0.09709464
v 0.51942384 0.88190609 -0.09036816
v 0.54895902 0.83932889 -0.04705979
v 0.54881859 0.83819366 -0.05219738
v 0.54620600 0.83833838 -0.04203560
v 0.54093337 0.83754992 -0.04061753
v 0.53625852 0.83699501 -0.04149954
v 0.54638195 0.83633655 -0.05532764
v 0.54211813 0.83501315 -0.05640537
v 0.53632194 0.83491039 -0.05468810
v 0.54864478 0.83096623 -0.05539045
v 0.55157548 0.83165377 -0.05217466
v 0.55051690 0.82534134 -0.04162787
v 0.55321032 0.82505822 -0.04373234
v 0.55198997 0.82867062 -0.04402138
v 0.54969919 0.83131820 -0.04214552
v 0.55199522 0.82037747 -0.04250461
v 0.55500787 0.82062823 -0.04421850
v 0.55492604 0.82562792 -0.04743090
v 0.55287707 0.82980299 -0.04700625
v 0.55710745 0.82097042 -0.04797611
v 0.55633575 0.82091331 -0.05192006
v 0.55410564 0.82533884 -0.05126717
v 0.55275029 0.82903153 -0.05022672
v 0.55150777 0.83347708 -0.04696948
v 0.55385441 0.81643784 -0.04463157
v 0.55591583 0.81468987 -0.04899961
v 0.55827034 0.81688976 -0.04843922
v 0.55626619 0.81757176 -0.04507031
v 0.54381818 0.83169615 -0.04093462
v 0.54628885 0.82525617 -0.04172262
v 0.54825264 0.81976080 -0.04305211
v 0.55047452 0.81580794 -0.04553967
v 0.54265350 0.82411510 -0.04308819
v 0.54550582 0.81891215 -0.04484733
v 0.54768592 0.81586152 -0.04712152
v 0.54040742 0.82294667 -0.04617818
v 0.54416221 0.81821430 -0.04754369
v 0.53906292 0.83149433 -0.04201755
v 0.53595960 0.83079982 -0.04508057
v 0.54629415 0.81632221 -0.04854612
v 0.55268395 0.81428742 -0.04989362
v 0.55280304 0.82561982 -0.05405689
v 0.55452138 0.82051104 -0.05447318
v 0.55045950 0.82508439 -0.05581985
v 0.55221480 0.81991160 -0.05572548
v 0.55784899 0.81770879 -0.05202602
v 0.55609244 0.81644356 -0.05346286
v 0.53296453 0.83607185 -0.04468672
v 0.53317839 0.83534515 -0.05027787
v 0.53602010 0.83015323 -0.05031540
v 0.54023021 0.82249588 -0.05119907
v 0.53921491 0.82992280 -0.05462110
v 0.54462427 0.82976818 -0.05635229
v 0.54740882 0.82407534 -0.05629987
v 0.54318339 0.82322824 -0.05516261
v 0.54921460 0.81924534 -0.05574319
v 0.54627150 0.81855297 -0.05455083
v 0.54441369 0.81796384 -0.05136834
v 0.55012596 0.81609178 -0.05409366
v 0.55313027 0.81603563 -0.05418074
v 0.54955411 0.81499445 -0.05065832
v 0.54707986 0.81604874 -0.05113956
v 0.54789954 0.81649441 -0.05347816
v 0.53233653 0.84343672 -0.07735649
v 0.52883089 0.85029495 -0.07584845
v 0.52779192 0.85012299 -0.08092596
v 0.53162020 0.84324640 -0.08257996
v 0.54438514 0.85011077 -0.07386313
v 0.54174894 0.85686314 -0.07311876
v 0.53658807 0.85397422 -0.07162619
v 0.53916329 0.84707487 -0.07275805
v 0.54688871 0.85212827 -0.07965076
v 0.54441583 0.85896146 -0.07901509
v 0.53800136 0.86454940 -0.07200205
v 0.52988768 0.87648910 -0.07032714
v 0.52431536 0.87305176 -0.06935823
v 0.53271443 0.86145139 -0.07061428
v 0.51951474 0.87152731 -0.08706602
v 0.51526797 0.87082934 -0.08360638
v 0.53209919 0.85174024 -0.07310019
v 0.53499168 0.84469414 -0.07421021
v 0.52779651 0.85978067 -0.08832677
v 0.53296506 0.85229325 -0.08946706
v 0.52928525 0.85072416 -0.08601694
v 0.52398551 0.85821688 -0.08481325
v 0.51398897 0.87039781 -0.07744101
v 0.51529759 0.86988860 -0.07133605
v 0.51947051 0.87079602 -0.06920364
v 0.53338230 0.86237150 -0.08873408
v 0.52603740 0.87418616 -0.08708113
v 0.53145653 0.87782711 -0.08330867
v 0.53846800 0.86512256 -0.08500700
v 0.52770144 0.85912979 -0.07148163
v 0.52262890 0.85777819 -0.07923386
v 0.52382040 0.85768044 -0.07396175
v 0.54070050 0.86672574 -0.07816017
v 0.54220319 0.85747421 -0.08583954
v 0.54644215 0.83962166 -0.09034743
v 0.54243594 0.83707118 -0.09154685
v 0.53699303 0.84565425 -0.09068264
v 0.54154593 0.84806323 -0.08996818
v 0.53773350 0.85459805 -0.08935106
v 0.54530513 0.85087478 -0.08611147
v 0.53701496 0.83365762 -0.08480309
v 0.53721744 0.83392304 -0.07934076
v 0.53951335 0.83504975 -0.07597715
v 0.53404582 0.87952340 -0.07630375
v 0.54319352 0.83746260 -0.07470129
v 0.54816294 0.84076810 -0.07534717
v 0.53318232 0.84389603 -0.08763878
v 0.53850842 0.83489841 -0.08938508
v 0.54943222 0.84209263 -0.08673549
v 0.55071068 0.84329605 -0.08073784
v 0.55393314 0.83539164 -0.08208492
v 0.55266619 0.83465606 -0.08759183
v 0.55186355 0.83311737 -0.07681133
v 0.54676884 0.83075047 -0.07598363
v 0.54296708 0.82920563 -0.07726727
v 0.55017424 0.83281720 -0.09071413
v 0.54648358 0.83100212 -0.09189688
v 0.54223943 0.82947910 -0.09008599
v 0.55358869 0.82633364 -0.09161249
v 0.55663019 0.82696217 -0.08890945
v 0.55968815 0.81391990 -0.08083440
v 0.56270391 0.81493127 -0.08227582
v 0.56010258 0.81958985 -0.08139949
v 0.55763739 0.81937432 -0.07916566
v 0.55877203 0.82327116 -0.08124904
v 0.55612773 0.82560605 -0.07870438
v 0.56186551 0.82125127 -0.08494173
v 0.55910552 0.82439363 -0.08435577
v 0.56500256 0.81579494 -0.08626360
v 0.56366152 0.81609833 -0.09007299
v 0.56023884 0.82085919 -0.08854592
v 0.55841595 0.82416081 -0.08748409
v 0.56249338 0.80979425 -0.08342896
v 0.56472576 0.81148219 -0.08345978
v 0.55729598 0.82855862 -0.08355302
v 0.55033273 0.82518423 -0.07751168
v 0.55358380 0.81852007 -0.07893993
v 0.55662745 0.81260365 -0.08117096
v 0.55937660 0.80876088 -0.08416511
v 0.54972875 0.81730103 -0.08029556
v 0.55359995 0.81173253 -0.08251616
v 0.55645031 0.80902380 -0.08547477
v 0.54717171 0.81649500 -0.08366766
v 0.55176574 0.81143439 -0.08547722
v 0.54591191 0.82433057 -0.07857593
v 0.54319686 0.82386243 -0.08181627
v 0.55462694 0.80963647 -0.08680840
v 0.56163710 0.80817103 -0.08836073
v 0.56509745 0.80879736 -0.08775620
v 0.56770104 0.81123292 -0.08703114
v 0.55855423 0.82069814 -0.09058021
v 0.56151265 0.81524551 -0.09157818
v 0.55682570 0.82006121 -0.09265026
v 0.55974281 0.81451356 -0.09304579
v 0.56623721 0.81246197 -0.09070130
v 0.56437474 0.81112236 -0.09144711
v 0.54064691 0.82847297 -0.08067090
v 0.54032397 0.82855427 -0.08560887
v 0.54279029 0.82393897 -0.08664654
v 0.54710877 0.81684333 -0.08857648
v 0.54512930 0.82485902 -0.09100418
v 0.54992741 0.82554066 -0.09270105
v 0.55370498 0.81938058 -0.09342835
v 0.54974771 0.81825209 -0.09237246
v 0.55693179 0.81408203 -0.09330601
v 0.55385160 0.81328440 -0.09245346
v 0.55167514 0.81195778 -0.08957098
v 0.55866998 0.81048089 -0.09210596
v 0.56168908 0.81035626 -0.09207943
v 0.55818868 0.80870169 -0.08906722
v 0.55522168 0.80975616 -0.08948287
v 0.55602825 0.81089771 -0.09172523
v 0.52635664 0.85374576 -0.10090365
v 0.52354133 0.85918730 -0.09928497
v 0.52042019 0.85938406 -0.10362391
v 0.52326792 0.85373688 -0.10539840
v 0.53734940 0.85949963 -0.10129162
v 0.53472251 0.86610109 -0.09900207
v 0.53182364 0.86289787 -0.09711614
v 0.53466934 0.85712147 -0.09930824
v 0.53782350 0.86126482 -0.10610058
v 0.53489435 0.86838019 -0.10444947
v 0.53130740 0.87236005 -0.09688906
v 0.52592492 0.88097751 -0.09432465
v 0.52220476 0.87667334 -0.09251111
v 0.52816063 0.86842597 -0.09487168
v 0.52785164 0.86046976 -0.09734497
v 0.53081334 0.85495645 -0.09920880
v 0.51714617 0.86856031 -0.10991218
v 0.52189940 0.86239111 -0.11172879
v 0.51998794 0.86060619 -0.10838175
v 0.51540375 0.86683416 -0.10638750
v 0.50895131 0.87572277 -0.09846421
v 0.51230508 0.87444818 -0.09405178
v 0.51713091 0.87464452 -0.09258249
v 0.52184969 0.87137175 -0.11145849
v 0.51476538 0.88109541 -0.10809940
v 0.52104241 0.88397181 -0.10641252
v 0.52755690 0.87453806 -0.10883994
v 0.52387971 0.86575711 -0.09529485
v 0.51584142 0.86517894 -0.10158838
v 0.51924771 0.86462808 -0.09718384
v 0.53114349 0.87515223 -0.10266818
v 0.53135467 0.86784673 -0.11018275
v 0.53602374 0.85007024 -0.11595668
v 0.53195977 0.84798479 -0.11614874
v 0.52561384 0.85666418 -0.11373243
v 0.53016835 0.85905755 -0.11420842
v 0.52610213 0.86509657 -0.11300245
v 0.53495640 0.86097026 -0.11139181
v 0.52831149 0.84545398 -0.10824473
v 0.53046036 0.84533226 -0.10368736
v 0.53458703 0.84660590 -0.10191216
v 0.52593625 0.88429022 -0.10029573
v 0.50971752 0.87847757 -0.10674821
v 0.53814811 0.84820664 -0.10200008
v 0.54110074 0.85015076 -0.10370776
v 0.52319050 0.85499585 -0.11035046
v 0.52867007 0.84656882 -0.11320607
v 0.53993070 0.85182905 -0.11309356
v 0.54213309 0.85224068 -0.10819834
v 0.54531580 0.84562695 -0.10976424
v 0.54344720 0.84560263 -0.11473905
v 0.54449165 0.84343129 -0.10525867
v 0.54101264 0.84176511 -0.10383439
v 0.53729206 0.84079361 -0.10380929
v 0.53968084 0.84393394 -0.11734778
v 0.53610224 0.84222817 -0.11739315
v 0.53234625 0.84150684 -0.11453980
v 0.54218674 0.83923960 -0.11880893
v 0.54621106 0.83960426 -0.11614837
v 0.55113649 0.82647347 -0.10918398
v 0.55283988 0.82735741 -0.11087611
v 0.55014884 0.83147812 -0.10975357
v 0.54904926 0.83103979 -0.10762519
v 0.54905736 0.83507180 -0.10919151
v 0.54748625 0.83729678 -0.10700547
v 0.55152512 0.83304584 -0.11322336
v 0.54934734 0.83683598 -0.11199995
v 0.55397654 0.82878268 -0.11468556
v 0.55173713 0.82953227 -0.11831390
v 0.54921579 0.83369160 -0.11667717
v 0.54828250 0.83704019 -0.11514801
v 0.55327266 0.82315177 -0.11176290
v 0.55460185 0.82468331 -0.11238359
v 0.54759085 0.84028983 -0.11109010
v 0.54345965 0.83674532 -0.10524490
v 0.54594344 0.83053923 -0.10668327
v 0.54830253 0.82553780 -0.10864728
v 0.54999143 0.82233751 -0.11164423
v 0.54236299 0.83006442 -0.10726281
v 0.54511428 0.82520491 -0.10941768
v 0.54669565 0.82259184 -0.11208320
v 0.53917587 0.82987732 -0.10902293
v 0.54262638 0.82520843 -0.11118101
v 0.53950262 0.83613694 -0.10551903
v 0.53594941 0.83616507 -0.10723946
v 0.54471451 0.82340884 -0.11281141
v 0.55052465 0.82199371 -0.11647761
v 0.55412549 0.82284606 -0.11639185
v 0.55599928 0.82512015 -0.11595512
v 0.54722917 0.83424926 -0.11887419
v 0.54947627 0.82943606 -0.12007278
v 0.54437238 0.83387601 -0.11996488
v 0.54706526 0.82880890 -0.12067705
v 0.55389977 0.82656074 -0.11881028
v 0.55224162 0.82560849 -0.11973065
v 0.53373379 0.84047806 -0.10555120
v 0.53170276 0.84086621 -0.10966742
v 0.53421628 0.83662105 -0.11087354
v 0.53784662 0.83023131 -0.11294416
v 0.53499669 0.83756495 -0.11552341
v 0.53848076 0.83820879 -0.11824310
v 0.54134411 0.83285975 -0.11942698
v 0.53863496 0.83183336 -0.11703175
v 0.54433244 0.82799327 -0.12003267
v 0.54212612 0.82700789 -0.11806709
v 0.54148042 0.82575488 -0.11459545
v 0.54640406 0.82464087 -0.11917801
v 0.54938298 0.82501608 -0.11992355
v 0.54716450 0.82244217 -0.11591914
v 0.54452431 0.82353175 -0.11540072
v 0.54428142 0.82471097 -0.11795472
v 0.50828868 0.87736309 -0.10302699
v 0.50802845 0.87231004 -0.12606555
v 0.50609863 0.87640470 -0.12325414
v 0.50320387 0.87700593 -0.12616682
v 0.50502598 0.87298691 -0.12896039
v 0.51775295 0.87762642 -0.12864631
v 0.51590765 0.88253868 -0.12555711
v 0.51384485 0.87945122 -0.12252285
v 0.51584810 0.87479186 -0.12569425
v 0.51634163 0.87998700 -0.13333350
v 0.51444614 0.88518751 -0.13059166
v 0.51285183 0.88781142 -0.12184387
v 0.50807476 0.89615178 -0.11555744
v 0.50589055 0.89123553 -0.11333434
v 0.51069355 0.88432205 -0.11881603
v 0.49012649 0.89855742 -0.12250224
v 0.49370879 0.89287400 -0.12539326
v 0.49342901 0.88994163 -0.12191758
v 0.48857874 0.89572185 -0.11852189
v 0.51006776 0.87722260 -0.12184145
v 0.51207858 0.87294376 -0.12504625
v 0.49899679 0.88536501 -0.13015234
v 0.50218266 0.88084292 -0.13327536
v 0.50182915 0.87848163 -0.12977499
v 0.49865320 0.88256538 -0.12672511
v 0.49004379 0.89268601 -0.11431154
v 0.49502075 0.88787484 -0.11828531
v 0.49787197 0.88730109 -0.11497533
v 0.49328431 0.89022577 -0.11040265
v 0.50162685 0.88798445 -0.11351975
v 0.50176060 0.88855970 -0.13203284
v 0.49627721 0.89623386 -0.12710437
v 0.50071621 0.89978099 -0.12647638
v 0.50662118 0.89083445 -0.13130352
v 0.50702572 0.88170505 -0.11852663
v 0.50017434 0.88101685 -0.12319116
v 0.50316620 0.88065958 -0.12009421
v 0.51144296 0.89089704 -0.12677282
v 0.50983548 0.88529646 -0.13441503
v 0.51004314 0.87317872 -0.14167230
v 0.50732744 0.87134087 -0.14005820
v 0.50430399 0.87669104 -0.13630027
v 0.50729454 0.87913954 -0.13826652
v 0.50506920 0.88362235 -0.13536601
v 0.51194125 0.88039047 -0.13722855
v 0.50751567 0.86782706 -0.13268369
v 0.51062077 0.86675692 -0.12986219
v 0.51441950 0.86733383 -0.12877472
v 0.50673628 0.90046126 -0.12100823
v 0.51793325 0.86870450 -0.12951729
v 0.51984656 0.87114221 -0.13218796
v 0.50372922 0.87450123 -0.13269103
v 0.50651824 0.86936760 -0.13651380
v 0.51437831 0.87418735 -0.14060876
v 0.51844859 0.87366241 -0.13662434
v 0.52082741 0.86878645 -0.13941173
v 0.51690382 0.86931962 -0.14344743
v 0.52179950 0.86632895 -0.13488433
v 0.51978254 0.86449397 -0.13211685
v 0.51600277 0.86354780 -0.13161376
v 0.51220351 0.86853814 -0.14416870
v 0.50984883 0.86722875 -0.14231211
v 0.50904346 0.86591476 -0.13889521
v 0.51469755 0.86426431 -0.14642291
v 0.51944906 0.86431938 -0.14582668
v 0.52571130 0.85278559 -0.14023465
v 0.52660394 0.85415053 -0.14185593
v 0.52510148 0.85704333 -0.14053187
v 0.52448136 0.85649848 -0.13822114
v 0.52425486 0.86029458 -0.13976875
v 0.52339816 0.86164486 -0.13731712
v 0.52505201 0.85896879 -0.14374824
v 0.52346301 0.86201346 -0.14237401
v 0.52683085 0.85563296 -0.14564505
v 0.52365917 0.85595345 -0.14887929
v 0.52230948 0.85944402 -0.14732146
v 0.52183354 0.86216140 -0.14545995
v 0.52676815 0.85016179 -0.14311484
v 0.52780944 0.85186756 -0.14362943
v 0.52242732 0.86476469 -0.14123437
v 0.52124995 0.86054647 -0.13454431
v 0.52277631 0.85574675 -0.13665652
v 0.52415526 0.85111928 -0.13944560
v 0.52444685 0.84879225 -0.14306301
v 0.51981491 0.85552847 -0.13639489
v 0.52126610 0.85118973 -0.13945515
v 0.52175415 0.84915161 -0.14266697
v 0.51657480 0.85610199 -0.13698207
v 0.51865363 0.85191631 -0.13999504
v 0.51798296 0.86035144 -0.13364732
v 0.51441902 0.86080259 -0.13432787
v 0.51986992 0.85005844 -0.14222112
v 0.52358115 0.84921455 -0.14659321
v 0.52608585 0.85022795 -0.14730006
v 0.52799249 0.85254961 -0.14731809
v 0.51985109 0.85970068 -0.14864013
v 0.52135450 0.85536373 -0.15001594
v 0.51670057 0.85963309 -0.14825536
v 0.51905310 0.85446113 -0.14940646
v 0.52533108 0.85350752 -0.14955825
v 0.52368963 0.85216707 -0.14976747
v 0.51255113 0.86344838 -0.13255268
v 0.50991797 0.86429811 -0.13503252
v 0.51158255 0.86149645 -0.13689819
v 0.51401424 0.85691619 -0.13925895
v 0.51085269 0.86267030 -0.14079133
v 0.51186776 0.86370444 -0.14426507
v 0.51439834 0.85883331 -0.14635003
v 0.51316369 0.85787928 -0.14307460
v 0.51715267 0.85388958 -0.14751714
v 0.51622707 0.85322112 -0.14485982
v 0.51676023 0.85249996 -0.14186957
v 0.51969075 0.85077739 -0.14708588
v 0.52147532 0.85107505 -0.14881814
v 0.52118844 0.84933418 -0.14534573
v 0.51921433 0.85022020 -0.14390385
v 0.51847851 0.85099494 -0.14548105
v 0.49279150 0.90073246 -0.12436347
v 0.49539936 0.90275335 -0.01119374
v 0.49382928 0.89972925 -0.01549308
v 0.48370361 0.89515948 -0.01729725
v 0.47737655 0.89539218 -0.01390372
v 0.47412837 0.89807993 -0.00849336
v 0.47592720 0.90122211 -0.00412951
v 0.48044351 0.90369916 -0.00159236
v 0.49003130 0.89677417 -0.01784105
v 0.49373001 0.90546227 -0.00563661
v 0.48739910 0.90557063 -0.00183521
v 0.49149480 0.89740843 0.00430263
v 0.49760920 0.89770150 -0.00016650
v 0.48435622 0.89573395 0.00483566
v 0.47904763 0.89388937 0.00143477
v 0.47686416 0.89207029 -0.00389698
v 0.49916500 0.89590418 -0.00656475
v 0.49696729 0.89359260 -0.01146439
v 0.49186018 0.89124668 -0.01403057
v 0.50258732 0.88956368 -0.00141064
v 0.50252301 0.88875699 0.00629609
v 0.49177074 0.87770373 0.01591285
v 0.49559370 0.87972838 0.01774954
v 0.49352491 0.88299125 0.01546865
v 0.48919937 0.88184279 0.01375351
v 0.49308059 0.88541806 0.01353174
v 0.48866332 0.88716996 0.01101923
v 0.49974576 0.88440031 0.01549042
v 0.49817121 0.88632655 0.01308247
v 0.50501919 0.88426709 0.01240074
v 0.50267690 0.88657343 0.01137688
v 0.50179994 0.88131183 0.01831808
v 0.49796736 0.87702215 0.01938227
v 0.50277454 0.87759829 0.01939051
v 0.49609423 0.87457508 0.01782262
v 0.49588636 0.88946748 0.00996672
v 0.48237950 0.88694787 0.00626287
v 0.48546901 0.88059294 0.01013430
v 0.48953307 0.87551594 0.01264876
v 0.49495795 0.87239790 0.01392818
v 0.48427483 0.87874091 0.00461312
v 0.48971200 0.87395442 0.00776627
v 0.49481124 0.87202036 0.00953980
v 0.48642451 0.87804276 -0.00089242
v 0.49177566 0.87392747 0.00385774
v 0.47942117 0.88605773 -0.00006229
v 0.48137978 0.88549238 -0.00625228
v 0.49520156 0.87229407 0.00655273
v 0.50124091 0.87211508 0.01335036
v 0.50250214 0.87369573 0.01766215
v 0.50636816 0.88368988 0.00812058
v 0.50651670 0.88133729 0.01512901
v 0.50774717 0.87965345 0.01106638
v 0.50555485 0.88317257 0.00290330
v 0.50672686 0.87794006 0.00693367
v 0.50663519 0.87845451 0.01720675
v 0.50706363 0.87617624 0.01442987
v 0.47928724 0.89064139 -0.00976691
v 0.48504335 0.89008582 -0.01337460
v 0.48738185 0.88538224 -0.01002611
v 0.49194643 0.87871647 -0.00431699
v 0.49462563 0.88636428 -0.01028886
v 0.50041884 0.88826180 -0.00711821
v 0.50314283 0.88169956 -0.00136242
v 0.49834639 0.88000882 -0.00430052
v 0.50410420 0.87657851 0.00361132
v 0.50042146 0.87559676 0.00170388
v 0.49588847 0.87445223 0.00187366
v 0.50301021 0.87365067 0.00721340
v 0.50550532 0.87423468 0.01063966
v 0.49958682 0.87210578 0.00936366
v 0.49816567 0.87278199 0.00596873
v 0.50083506 0.87373769 0.00509721
v 0.48348331 0.89954829 -0.11664662
v 0.48484600 0.89672250 -0.11107304
v 0.47972107 0.90277672 -0.10925866
v 0.47323233 0.90956318 -0.10759944
v 0.46853676 0.91821742 -0.11191347
v 0.47566247 0.90848398 -0.10090160
v 0.48201561 0.90168411 -0.10291938
v 0.48889330 0.89386368 -0.10484449
v 0.47320649 0.91346699 -0.09374533
v 0.04046985 1.64557743 0.07240424
v 0.04386424 1.64443803 0.07040014
v 0.04548433 1.63855135 0.06755593
v 0.04290767 1.63826466 0.06947932
v 0.03955946 1.63823569 0.07109522
v 0.03553829 1.63847363 0.07196511
v 0.02988998 1.64593577 0.07336282
v 0.03551587 1.64626050 0.07372124
v 0.02039895 1.64045000 0.07034804
v 0.02226910 1.64184773 0.07038735
v 0.02119054 1.63950098 0.07072181
v 0.02730485 1.63910198 0.07192762
v 0.02357608 1.63948786 0.07093626
v 0.04787823 1.64204335 0.06626448
v 0.04874711 1.64086318 0.06498246
v 0.04619164 1.64324307 0.06825993
v 0.03132798 1.63877535 0.07228758
v 0.04853770 1.63974309 0.06473534
v 0.04736527 1.63895905 0.06567733
v 0.02535479 1.64443243 0.07185712
v 0.03991067 1.64052653 0.07118112
v 0.03576391 1.64079261 0.07228206
v 0.03083119 1.64365518 0.07307365
v 0.03586487 1.64364123 0.07300464
v 0.02755686 1.64097571 0.07216603
v 0.02508468 1.64076424 0.07142825
v 0.04302151 1.64022136 0.06964669
v 0.03138481 1.64109051 0.07256686
v 0.04034985 1.64306128 0.07169518
v 0.02459579 1.64178681 0.07135863
v 0.02672219 1.64287972 0.07232720
v 0.04795452 1.64070189 0.06547339
v 0.04781703 1.64025342 0.06544662
v 0.01675953 1.40539384 0.05409063
v 0.01707572 1.38828456 0.06440850
v 0.04344567 1.64236736 0.06980402
v 0.04679824 1.64007020 0.06635673
v 0.04520155 1.64012945 0.06782674
v 0.04551155 1.64168477 0.06799972
v 0.04707306 1.64112806 0.06648882
v 0.25373718 1.30535674 0.00059948
v 0.24079712 1.29371035 0.00295661
v 0.28205413 1.32826793 -0.04750868
v 0.27707979 1.33037603 -0.07176039
v 0.06773721 1.09840322 0.13694873
v 0.12201468 1.14642513 -0.09551594
v 0.12460338 1.16543436 -0.10263103
v 0.04267363 1.16722012 -0.12675518
v 0.06378719 1.16229749 -0.12514791
v 0.15819009 1.14852798 0.02757355
v 0.15759686 1.12862778 0.03157590
v 0.11514056 1.14302361 0.09320145
v 0.11245220 1.12013590 0.09646039
v 0.14616916 1.10456002 0.06069431
v 0.08820198 1.11345887 -0.10934589
v 0.08523228 1.13454986 -0.11348246
v 0.10527816 1.13094270 -0.10374479
v 0.10900632 1.11085784 -0.10049858
v 0.02149905 1.14657879 -0.11539207
v 0.02187891 1.17078543 -0.12224393
v 0.16661417 1.17024040 -0.00396566
v 0.16546072 1.17156112 -0.03403347
v 0.14554760 1.17816305 -0.08736829
v 0.12831002 1.18477345 -0.10651354
v 0.08806843 1.20209754 -0.12953842
v 0.10894945 1.19338477 -0.11988062
v 0.09896974 1.16602480 0.10797282
v 0.07877085 1.18897295 0.11626203
v 0.16048850 1.16933107 0.02531419
v 0.02713154 1.16846919 0.13951175
v 0.04418866 1.24019623 -0.14334901
v 0.06859375 1.23491824 -0.14119422
v 0.15829849 1.17404723 -0.06242818
v 0.03483465 1.34684551 0.09350458
v 0.03491433 1.33028412 0.10316491
v 0.05391386 1.33380008 0.10226305
v 0.05453540 1.34956121 0.09173348
v 0.07229564 1.33547294 0.09994735
v 0.08947033 1.33666718 0.09639554
v 0.10510509 1.33702064 0.09176973
v 0.14217652 1.33164418 0.07396679
v 0.13141297 1.33452916 0.08058144
v 0.15934959 1.32191408 0.05789500
v 0.15144630 1.32784438 0.06670161
v 0.16486605 1.31152499 0.04692333
v 0.16811129 1.29948866 0.03231434
v 0.17215827 1.28746808 0.01514967
v 0.17371537 1.29968607 0.00915777
v 0.16553767 1.28704059 0.04030088
v 0.16142708 1.29958749 0.05409002
v 0.15590520 1.30922139 0.06564792
v 0.01929729 1.28477788 0.11679406
v 0.02230422 1.25923157 0.11992510
v 0.01571653 1.42075717 0.04439302
v 0.34133816 1.11795473 -0.09944857
v 0.44060096 1.02768862 -0.04198896
v 0.03431972 1.44824123 -0.12405425
v 0.01568772 1.44395804 -0.12241069
v 0.00031824 1.43039119 -0.12436637
v 0.00014299 1.44158959 -0.12090395
v 0.11265214 1.47812271 -0.09018956
v 0.09575410 1.46564150 -0.11079488
v 0.07403962 1.45336735 -0.12254158
v 0.05364036 1.44354761 -0.12769943
v 0.14798266 1.18926120 0.05002870
v 0.03655386 1.41063094 -0.13709266
v 0.05537933 1.43154657 -0.13306908
v 0.07791560 1.44171023 -0.12884432
v 0.10183388 1.45444345 -0.11787763
v 0.12666771 1.46902597 -0.09635713
v 0.14605647 1.46945524 -0.08812650
v 0.17179427 1.44873142 -0.09534056
v 0.18428916 1.44487524 -0.08981200
v 0.18936935 1.45734370 -0.07172446
v 0.20330268 1.44863594 -0.06711396
v 0.19735812 1.43871498 -0.08555192
v 0.25666851 1.35696554 -0.08161238
v 0.26082426 1.34167278 -0.08677863
v 0.25828293 1.32866418 -0.09513815
v 0.25069749 1.31737447 -0.10253409
v 0.23940265 1.30883229 -0.10772429
v 0.22676228 1.30461049 -0.10968849
v 0.21321383 1.30633140 -0.10900954
v 0.18697919 1.32509494 -0.10109753
v 0.18401213 1.33233511 -0.09910088
v 0.17554338 1.31185174 -0.10473207
v 0.17153886 1.30420744 -0.10787436
v 0.14377955 1.26317155 -0.11898591
v 0.15354767 1.27747512 -0.11570789
v 0.13255072 1.24685502 -0.12238967
v 0.10576621 1.01402104 -0.11260396
v 0.10125724 1.03223550 -0.10723821
v 0.12238780 1.03384888 -0.09721956
v 0.12605312 1.01580381 -0.10117674
v 0.02433417 1.07012880 -0.10617092
v 0.04903841 1.07042742 -0.10869887
v 0.17328322 1.03059471 -0.00825794
v 0.16909955 1.03339994 -0.03852839
v 0.15742527 1.03428292 -0.06355245
v 0.14115264 1.03451872 -0.08265033
v 0.16922057 1.02480400 0.02225470
v 0.08297183 0.98618895 0.12725979
v 0.10447835 0.99287540 0.11107710
v 0.01638638 0.97458017 0.15073153
v 0.03792390 0.97718924 0.14713451
v 0.15895267 1.01702392 0.04897080
v 0.06027862 0.98096508 0.13966204
v 0.12486675 1.00021625 0.09271229
v 0.14386058 1.00832140 0.07215797
v 0.09702719 1.05082357 -0.10458714
v 0.07571212 1.04988265 -0.10948614
v 0.07197270 1.07089698 -0.10760841
v 0.03778189 1.30877709 -0.15171257
v 0.05947360 1.31050169 -0.15350817
v 0.08002640 1.31465578 -0.15344745
v 0.09682717 1.34004712 -0.15186256
v 0.11594818 1.34776556 -0.14660826
v 0.11804830 1.32915974 -0.14583817
v 0.09979668 1.32153285 -0.15041229
v 0.15134431 1.36293864 -0.13383710
v 0.16448282 1.36879468 -0.13028510
v 0.16449472 1.35332012 -0.12858188
v 0.15216184 1.34620678 -0.13318425
v 0.17439404 1.35901594 -0.12457497
v 0.18066388 1.36184049 -0.11868799
v 0.18561286 1.36222422 -0.11283553
v 0.19234113 1.35866404 -0.11250123
v 0.20072329 1.38071322 -0.11507890
v 0.19273049 1.38589466 -0.11745168
v 0.15178393 1.38062012 -0.13304570
v 0.13441299 1.37399220 -0.13841137
v 0.03524504 1.34604955 -0.14870258
v 0.01680478 1.34366918 -0.14323464
v 0.17729294 1.27979183 -0.00664728
v 0.18177679 1.27371049 -0.03015837
v 0.18253312 1.27100265 -0.05256677
v 0.17961450 1.27132189 -0.07186961
v 0.17476551 1.27459538 -0.08798582
v 0.16811858 1.27982163 -0.10184560
v 0.16080779 1.28749430 -0.11343662
v 0.16627826 1.29636872 -0.11078255
v 0.15343150 1.29671443 -0.12288389
v 0.16144168 1.30516875 -0.11974137
v 0.14630729 1.30782592 -0.13076884
v 0.14010003 1.32157016 -0.13660966
v 0.13593690 1.33770609 -0.13960668
v 0.13416974 1.35552156 -0.14000866
v 0.09624121 1.35988629 -0.15088090
v 0.11605786 1.36709964 -0.14503057
v 0.07615577 1.37315559 -0.15104884
v 0.07767468 1.39216423 -0.14644358
v 0.07664021 1.33347940 -0.15477791
v 0.07602649 1.35364175 -0.15375803
v 0.07766151 1.48888159 -0.09091362
v 0.05916445 1.48090029 -0.10310887
v 0.21536586 1.32373619 -0.11125387
v 0.22126417 1.31583416 -0.11058681
v 0.21166749 1.31525099 -0.11029104
v 0.21001163 1.32130289 -0.11079460
v 0.23072281 1.32020855 -0.10937051
v 0.22876593 1.33673668 -0.10874054
v 0.23933682 1.32814169 -0.10617874
v 0.22233121 1.32905412 -0.11094750
v 0.24558610 1.33789742 -0.10105270
v 0.23507747 1.34570217 -0.10522750
v 0.24842748 1.34833336 -0.09570225
v 0.23890749 1.35435855 -0.10090332
v 0.24086352 1.36110306 -0.09708711
v 0.24736939 1.35969317 -0.09165047
v 0.21960187 1.39127636 -0.10289469
v 0.22828391 1.38051558 -0.10017489
v 0.23587558 1.36926854 -0.09829634
v 0.19855157 1.35165060 -0.11248257
v 0.20636085 1.34426439 -0.11259682
v 0.21399269 1.33645368 -0.11196092
v 0.22045852 1.34487545 -0.11105778
v 0.21188860 1.35300064 -0.11268175
v 0.20365143 1.36122239 -0.11388794
v 0.03530390 1.32792807 -0.15063637
v 0.05563013 1.33025026 -0.15356717
v 0.17502207 1.37280416 -0.12619722
v 0.18299000 1.37443078 -0.12133705
v 0.18977219 1.37333155 -0.11677005
v 0.19654953 1.36908078 -0.11499941
v 0.18522185 1.38782597 -0.12167609
v 0.17646667 1.38763642 -0.12583998
v 0.16538914 1.38516188 -0.12973085
v 0.05552929 1.34937978 -0.15258288
v 0.01654279 1.32637191 -0.14577925
v 0.19590376 1.41256845 0.02130337
v 0.20405863 1.43386638 0.00611840
v 0.21073201 1.44841254 -0.01640072
v 0.20945951 1.45289373 -0.04278946
v -0.00165949 1.47491324 -0.10665695
v 0.27432474 1.17245007 -0.06110625
v -0.00046053 1.26624596 -0.14051360
v -0.00094079 1.28763998 -0.14429930
v 0.00226988 1.19643116 -0.12383144
v 0.00159345 1.22012126 -0.13104911
v 0.04598765 1.09477437 -0.10957584
v 0.02271088 1.09693408 -0.10601500
v 0.02163198 1.12217999 -0.10995124
v -0.00073511 1.04771018 -0.10845257
v -0.00059980 1.07077050 -0.10146467
v 0.00075816 1.12509346 -0.10267409
v 0.00148802 1.15020490 -0.10821659
v 0.02125615 1.24250877 -0.13990474
v 0.01780700 1.30754769 -0.14820684
v -0.00078753 1.32606268 -0.14317042
v -0.00060585 1.34279120 -0.14106134
v -0.00035515 1.35942531 -0.13893703
v 0.11588031 1.30640519 0.10626489
v 0.11691374 1.32148182 0.09684395
v 0.10364891 1.32218552 0.10235922
v 0.10307853 1.30701947 0.11155070
v 0.13668770 1.30433404 0.09167920
v 0.13892795 1.31813359 0.08296189
v 0.12881911 1.32028985 0.09037612
v 0.12703101 1.30555522 0.09925833
v 0.14797720 1.31458485 0.07498578
v 0.14520422 1.30156100 0.08301242
v 0.11538345 1.28990281 0.11370212
v 0.12615693 1.28956246 0.10664098
v 0.10272780 1.29054558 0.11844976
v 0.14290529 1.28746283 0.09024927
v 0.13532391 1.28887141 0.09877880
v 0.01126419 1.51881886 0.07244392
v 0.01061947 1.52530360 0.08762129
v 0.00494386 1.56975985 0.10019056
v 0.00453541 1.57431734 0.09786867
v 0.00376774 1.50693846 0.05277305
v 0.00303996 1.49906766 0.04774163
v 0.00219464 1.55078852 0.09825730
v 0.00245722 1.53597689 0.09898253
v 0.00205656 1.59743392 0.09998754
v 0.00207634 1.59365082 0.09884483
v 0.00242110 1.58198500 0.10083824
v 0.00254113 1.57792449 0.09966385
v 0.00247973 1.49022102 0.04235093
v 0.00385096 1.51253724 0.06065512
v 0.00153571 1.47090912 0.03515792
v 0.00121366 1.46156156 0.03229265
v 0.01308557 1.45316148 0.03064470
v 0.01369210 1.44324780 0.03175915
v 0.01779637 1.30685961 0.11055791
v 0.01653342 1.35582554 0.08388628
v 0.01647820 1.34246647 0.09380046
v 0.01676547 1.37170160 0.07451791
v 0.01487946 1.43259537 0.03673209
v 0.00205151 1.48069012 0.03827380
v 0.00251859 1.56470013 0.09972791
v 0.00226471 1.55883431 0.09724376
v 0.00219970 1.58950627 0.09903798
v 0.00229800 1.58578038 0.09993368
v -0.00058074 1.40298653 0.05437631
v -0.00087971 1.38591421 0.06515344
v 0.01683311 1.32549477 0.10264444
v 0.00154876 1.28110838 0.11342905
v 0.00147389 1.25571549 0.11716907
v -0.00018923 1.41903389 0.04426425
v 0.00160929 1.23109293 0.11992991
v 0.16615635 0.84403086 -0.07671674
v 0.14758609 0.82851791 -0.09734841
v 0.14000756 0.84402704 -0.10910560
v 0.15431744 0.85608256 -0.09513362
v 0.16646297 0.89857173 -0.07779258
v 0.16901171 0.92432827 -0.07205412
v 0.17055988 0.95233250 -0.06810552
v 0.11976539 0.83696777 -0.12223859
v 0.09325698 0.85494852 -0.14012779
v 0.09480097 0.83439374 -0.13211581
v 0.15494741 0.95140111 -0.09444890
v 0.15387854 0.92490768 -0.09755050
v 0.14676601 0.86299312 -0.10573991
v 0.14992341 0.87747210 -0.10403139
v 0.16308692 0.87480515 -0.08569031
v 0.11770890 0.85578680 -0.12967698
v 0.13553227 0.85862398 -0.11660083
v 0.06167918 1.01086259 -0.12403010
v 0.06522725 0.99186027 -0.13267711
v 0.03640975 0.99144411 -0.13410464
v 0.14462261 1.01749623 -0.08441839
v 0.13076325 0.99688661 -0.10646433
v -0.00032907 0.85230118 -0.13035741
v 0.13541180 0.87660307 -0.12027550
v 0.09206176 0.87714291 -0.14557844
v 0.11651324 0.87662649 -0.13451356
v 0.09309223 0.95011216 -0.14202482
v 0.11611156 0.95035255 -0.13114236
v 0.11538704 0.92514527 -0.13522941
v 0.09210356 0.92638421 -0.14652371
v 0.13649118 0.95045936 -0.11548277
v 0.13465038 0.97495365 -0.11151377
v 0.09189867 0.97280210 -0.13571543
v 0.11430333 0.97414958 -0.12574542
v 0.11042102 0.99540150 -0.11917889
v 0.13607898 0.92433751 -0.11884587
v 0.09136703 0.90117061 -0.14826667
v 0.06267439 0.90224755 -0.15403903
v 0.03222170 0.90339220 -0.15299973
v 0.00148493 0.90226084 -0.15021041
v 0.00172167 0.92646170 -0.15099239
v 0.08878461 0.99359763 -0.12794745
v 0.07995836 1.03128600 -0.11293887
v 0.08497624 1.01255870 -0.11949134
v 0.06905366 1.09331369 -0.10865395
v 0.11373400 0.60443264 0.07803301
v -0.00459780 0.79333860 -0.01150844
v -0.00598114 0.78435969 0.01935143
v 0.17979594 0.87480938 0.04746633
v 0.18701434 0.86013365 -0.03098567
v 0.17519453 0.86877310 -0.06048227
v 0.00303019 0.77840197 0.07140942
v 0.01975549 0.78473818 0.09596813
v 0.15953048 0.86708730 0.07700365
v 0.10481627 0.82094312 0.11382161
v -0.00410659 0.77902210 0.04540488
v 0.15265010 0.89959174 -0.10066961
v 0.13553610 0.89851844 -0.12006523
v 0.11579077 0.89979994 -0.13608912
v 0.06304470 0.87877268 -0.15145877
v 0.03114140 0.88142955 -0.14981493
v 0.00107395 0.88120651 -0.14574873
v 0.01906824 0.83480918 0.12024817
v 0.00770740 0.84084618 0.12533692
v 0.01513528 0.84303486 0.12629175
v -0.00096097 0.85441828 0.12990727
v -0.00078402 0.83942318 0.12343070
v 0.00825219 0.82793039 0.11632703
v -0.00050632 0.82653368 0.11358707
v -0.00051383 0.81253076 0.10311517
v 0.08116733 0.96366471 0.12464531
v 0.10428849 0.97060740 0.11003701
v 0.01529697 0.95169741 0.14539938
v 0.03567098 0.95418304 0.14220245
v 0.16283466 0.99715346 0.04984427
v 0.05769667 0.95797741 0.13559280
v 0.12642083 0.97845870 0.09331643
v 0.14711455 0.98781520 0.07284433
v 0.00134432 0.97248518 -0.14235720
v 0.00135920 0.99352646 -0.13388395
v -0.00380313 0.94972891 0.14535055
v 0.00281363 1.52465534 0.08821014
v 0.00312964 1.51786971 0.07299378
v 0.00149216 1.71527743 0.06525142
v -0.00137473 1.51961124 -0.08073912
v 0.00164026 1.66018248 0.08586398
v 0.00250199 1.57414269 0.09773318
v 0.00208935 1.59994221 0.10270090
v 0.00083731 1.45222592 0.02975693
v 0.00043037 1.44156146 0.03023728
v -0.00214773 0.80744106 -0.01204577
v 0.00013460 1.43092465 0.03623515
v -0.00125321 0.80792558 -0.02701601
v 0.00209576 1.17413914 -0.11513864
v 0.06896185 0.15746403 -0.04948020
v 0.06751355 0.15953028 -0.06531644
v 0.07012296 0.12971354 -0.06071441
v 0.06949231 0.12857425 -0.04521588
v 0.08712737 0.16401494 -0.09497750
v 0.07480150 0.16207266 -0.08663116
v 0.10294168 0.16424227 -0.09628801
v 0.11689613 0.16280079 -0.08989938
v 0.11155718 0.13253081 -0.08737655
v 0.09986513 0.13347566 -0.09507834
v 0.12562428 0.16162729 -0.07986119
v 0.12769058 0.13085198 -0.06662638
v 0.13190491 0.16051126 -0.06766967
v 0.13415779 0.15891385 -0.04836161
v 0.12876762 0.13062465 -0.04815460
v 0.12691242 0.15497398 -0.02766826
v 0.12208588 0.12750041 -0.02818029
v 0.11138933 0.15249431 -0.01634763
v 0.07555270 0.15464532 -0.03371110
v 0.07407374 0.12667966 -0.02869571
v 0.08549940 0.13330591 -0.09396637
v 0.07597605 0.13154423 -0.08414806
v 0.07231949 0.13056350 -0.07198469
v 0.06979757 0.16059077 -0.07694291
v 0.06893350 0.10091603 -0.05614799
v 0.06413488 0.10102284 -0.03947316
v 0.08308693 0.10344470 -0.09385122
v 0.07684118 0.10224128 -0.07928575
v 0.10667895 0.10325384 -0.08656257
v 0.09686361 0.10398686 -0.09649693
v 0.12767473 0.10227835 -0.06716158
v 0.11791170 0.10266912 -0.07775503
v 0.12029294 0.13171232 -0.07795987
v 0.12819065 0.10273027 -0.04882767
v 0.12184892 0.10176885 -0.02512342
v 0.06967726 0.10066760 -0.02119768
v 0.07276592 0.10113132 -0.06778945
v 0.12575352 0.00762081 0.13594881
v 0.12430323 0.01232910 0.13555785
v 0.11962729 0.01228034 0.13609837
v 0.11843462 0.00673878 0.13666819
v 0.08267701 0.00484622 0.14543305
v 0.08029067 0.01578796 0.14818059
v 0.07168829 0.01413953 0.14491749
v 0.07098118 0.00159979 0.14212163
v 0.10176662 0.00539839 0.14537476
v 0.10333486 0.00214350 0.14170843
v 0.10860228 0.00230229 0.14142141
v 0.11047392 0.00564313 0.14558770
v 0.15038665 0.01360464 0.10442024
v 0.15075587 0.00903165 0.10140431
v 0.15538512 0.00958395 0.09995848
v 0.15645687 0.01341057 0.10166690
v 0.13478005 0.00837684 0.12343849
v 0.13535231 0.00411558 0.11997858
v 0.13976994 0.00497782 0.11878510
v 0.14140460 0.00827014 0.12084089
v 0.08490729 0.02199244 0.12398408
v 0.07019110 0.02326369 0.12055023
v 0.07031686 0.01704025 0.13501029
v 0.08328294 0.01952815 0.13844423
v 0.06432089 0.00774097 0.12987204
v 0.06415425 0.01215792 0.11422093
v 0.07181910 0.00394332 0.11233269
v 0.07193568 0.00269759 0.12688078
v 0.08514031 0.00377369 0.11639887
v 0.08402343 0.00269675 0.12951945
v 0.09196634 0.01099718 0.12199475
v 0.09247021 0.01011121 0.13691375
v 0.11250576 0.01288724 0.12485047
v 0.10738838 0.02061188 0.12601112
v 0.10854223 0.01532876 0.13878204
v 0.11516678 0.00889564 0.13761407
v 0.09566949 0.01934969 0.12716447
v 0.09985194 0.01475847 0.13942836
v 0.09194880 0.00863338 0.12502362
v 0.09794319 0.00379884 0.12120196
v 0.10039185 0.00260472 0.13448277
v 0.09420988 0.00729346 0.13872790
v 0.10795038 0.00495517 0.12105255
v 0.11012021 0.00285983 0.13386863
v 0.12635888 0.02113283 0.11891058
v 0.11496022 0.01976216 0.12098020
v 0.11773477 0.01451278 0.13042548
v 0.12566049 0.01511598 0.12967145
v 0.11322023 0.00629830 0.12967585
v 0.11172272 0.00920570 0.11970557
v 0.11765787 0.00493515 0.11665945
v 0.11905769 0.00341642 0.12756433
v 0.12756239 0.00629675 0.11579336
v 0.12703785 0.00360429 0.12727928
v 0.13160223 0.01439095 0.11843699
v 0.13090046 0.00945318 0.12935176
v 0.14795117 0.01583064 0.10431293
v 0.14415210 0.02284157 0.10554874
v 0.14266823 0.01667738 0.11529270
v 0.14588700 0.01063716 0.11380206
v 0.13566931 0.02179766 0.10930301
v 0.13620497 0.01662588 0.11735861
v 0.13126968 0.01183176 0.11776040
v 0.13227086 0.01541030 0.11075220
v 0.13527168 0.00702035 0.10595480
v 0.13385755 0.00444877 0.11439684
v 0.14407839 0.00755644 0.10259837
v 0.14197306 0.00459266 0.11260030
v 0.16007221 0.02473235 0.08843710
v 0.15840420 0.02095544 0.09721436
v 0.16045186 0.01498640 0.09505376
v 0.16168007 0.01738858 0.08445297
v 0.15271990 0.02485299 0.09354863
v 0.15193613 0.02128518 0.09979656
v 0.14778282 0.01606560 0.09933753
v 0.14977682 0.01857746 0.09444252
v 0.15025380 0.01004851 0.08985917
v 0.14911044 0.00859118 0.09612177
v 0.15730803 0.01100647 0.08559664
v 0.15687016 0.00896084 0.09402264
v 0.09023941 0.02403426 0.10979964
v 0.07161355 0.02869356 0.10613996
v 0.07342891 0.00200081 0.13728367
v 0.06582557 0.01593244 0.09981018
v 0.08034942 0.00192022 0.13864754
v 0.09056074 0.00518858 0.10456143
v 0.07413352 0.00634539 0.09799878
v 0.09123024 0.01182210 0.11595763
v 0.10833837 0.01153803 0.14543039
v 0.11192214 0.00616050 0.10391940
v 0.11133462 0.01209664 0.11431146
v 0.10306993 0.01132846 0.14568168
v 0.10998182 0.02447867 0.10919368
v 0.12963505 0.02449107 0.10067393
v 0.12067810 0.00297678 0.13373376
v 0.12504226 0.00307190 0.13350348
v 0.13191746 0.00742054 0.09754838
v 0.13282174 0.01679552 0.10888764
v 0.14082110 0.01295137 0.12105848
v 0.14810504 0.00931835 0.08636514
v 0.15010585 0.01886630 0.09475001
v 0.13685399 0.01314127 0.12207399
v 0.14791501 0.02722013 0.08913302
v 0.15532015 0.01727009 0.10145704
v 0.15898879 0.01088440 0.07426631
v 0.16430959 0.01895094 0.07113165
v 0.15204477 0.01774347 0.10331117
v 0.16092609 0.02796435 0.07683201
v 0.08356525 0.12520564 -0.01659544
v 0.08459812 0.15233266 -0.02160189
v 0.09659617 0.15116167 -0.01547618
v 0.09544694 0.12435687 -0.01171167
v 0.10875477 0.12547135 -0.01496733
v 0.08140932 0.10069966 -0.00817408
v 0.09522909 0.10087204 -0.00416397
v 0.10847577 0.10041928 -0.00999824
v 0.13228884 0.07962692 -0.05061910
v 0.12883994 0.08021688 -0.07005128
v 0.11655953 0.08044350 -0.08027435
v 0.10648527 0.08061409 -0.09084789
v 0.09594052 0.08110428 -0.10069878
v 0.06902449 0.07811320 -0.01596224
v 0.08062840 0.08117843 0.00179793
v 0.09563235 0.08321095 0.00796980
v 0.11155684 0.08192229 -0.00042021
v 0.06889828 0.03565395 0.08966519
v 0.08825760 0.03761113 0.09171447
v 0.08552205 0.04754221 0.07212902
v 0.07015439 0.03737926 0.06836022
v 0.10741792 0.03501725 0.08887271
v 0.10595311 0.04763794 0.06886844
v 0.12658010 0.03373039 0.08110806
v 0.12424707 0.04386449 0.06071308
v 0.14473443 0.03307021 0.07064466
v 0.14087245 0.03949511 0.05047360
v 0.16021405 0.03063321 0.06051157
v 0.15582854 0.03328383 0.03995831
v 0.16726334 0.02023518 0.05461220
v 0.16433494 0.02224779 0.03360932
v 0.06354359 0.01866841 0.08294664
v 0.06642829 0.02134144 0.06194964
v 0.07409306 0.00685489 0.07931022
v 0.07639188 0.00770628 0.05868044
v 0.09186723 0.00682306 0.07869638
v 0.09328838 0.00787556 0.05693860
v 0.15897986 0.00993133 0.03566599
v 0.16054469 0.00931692 0.05719173
v 0.11212674 0.00761640 0.07513959
v 0.11281925 0.00907028 0.05263679
v 0.13110331 0.00739574 0.06947358
v 0.13091134 0.00837076 0.04669461
v 0.14726661 0.00751078 0.06296937
v 0.14639863 0.00769401 0.04058530
v 0.08234438 0.05464649 0.04797968
v 0.10277203 0.06057894 0.04723789
v 0.11986813 0.05552101 0.03794462
v 0.13550486 0.04811049 0.02640003
v 0.14929534 0.03725803 0.01537634
v 0.15868869 0.02517974 0.00948835
v 0.13386780 0.05943632 -0.00286064
v 0.14249606 0.03877723 -0.01157744
v 0.14932439 0.02557170 -0.01476513
v 0.14192545 0.02598536 -0.03892453
v 0.13839668 0.03993654 -0.03813676
v 0.12733145 0.03967738 -0.08079834
v 0.13282882 0.04049349 -0.06208177
v 0.13694312 0.02630675 -0.06306959
v 0.13130344 0.02417922 -0.08271154
v 0.13482444 0.05862403 -0.03241948
v 0.13060266 0.05947185 -0.05660649
v 0.12340327 0.06003392 -0.07428896
v 0.11282697 0.02352178 -0.10531988
v 0.11217856 0.04033744 -0.10524821
v 0.12118927 0.03950858 -0.09389930
v 0.12427137 0.02344990 -0.09583578
v 0.09519047 0.02214193 -0.10953468
v 0.09497774 0.03959155 -0.11217001
v 0.07793401 0.03758347 -0.10024784
v 0.07775267 0.02086592 -0.09956818
v 0.10912926 0.06107211 -0.09763250
v 0.11601385 0.06011808 -0.08643144
v 0.09569992 0.06104851 -0.10540080
v 0.08030405 0.05955064 -0.09597088
v 0.07114007 0.03697431 -0.08042973
v 0.07443812 0.05839264 -0.07845746
v 0.06958944 0.02074015 -0.08079398
v 0.07158647 0.03846502 0.04298275
v 0.07128106 0.02492404 0.03783678
v 0.11665688 0.06956983 0.01720227
v 0.09842533 0.07239211 0.02589604
v 0.07858944 0.06392813 0.01847597
v 0.06907457 0.04083681 0.01551083
v 0.07291556 0.02577889 0.01103342
v 0.06632286 0.03922570 -0.01057647
v 0.07235675 0.02548206 -0.01319024
v 0.07985301 0.01419628 0.03448509
v 0.08213984 0.01849544 0.00829829
v 0.08058348 0.01836967 -0.01552771
v 0.06565160 0.03822911 -0.03284385
v 0.06975100 0.02416849 -0.03439178
v 0.06806024 0.03819633 -0.05076796
v 0.06875116 0.02311766 -0.05147751
v 0.06832508 0.02189827 -0.06552798
v 0.06977759 0.03758717 -0.06495097
v 0.06874306 0.05821431 -0.05191917
v 0.07141352 0.05876744 -0.06467500
v 0.06652810 0.05734253 -0.03354045
v 0.06809929 0.05880880 -0.01042986
v 0.15486926 0.01198626 0.01091261
v 0.14747036 0.01409853 -0.01372626
v 0.13936764 0.01577926 -0.03750863
v 0.13317414 0.01432240 -0.06103607
v 0.12588112 0.01245177 -0.07908966
v 0.11877864 0.01196754 -0.09048398
v 0.10916962 0.01239121 -0.09875067
v 0.09487411 0.01292288 -0.10068198
v 0.08209080 0.01208699 -0.09413107
v 0.07588310 0.01076543 -0.07959068
v 0.07423571 0.01022053 -0.06610720
v 0.07729783 0.01521242 -0.03647596
v 0.07454304 0.01163459 -0.05263968
v 0.06378953 0.07771850 -0.03572439
v 0.06644540 0.07837379 -0.05368365
v 0.07065623 0.07909381 -0.06533592
v 0.08162111 0.08054078 -0.09289161
v 0.07588688 0.07978368 -0.07678916
v 0.09464372 0.01026165 0.03147982
v 0.11269926 0.01067603 0.02681648
v 0.12954271 0.01000333 0.02086234
v 0.14356843 0.00926340 0.01525205
v 0.13834949 0.01062775 -0.01023994
v 0.12556103 0.01114571 -0.00569209
v 0.10958375 0.01152980 -0.00026185
v 0.09414914 0.01426220 0.00506146
v 0.13067731 0.01101816 -0.03390123
v 0.11932873 0.01058042 -0.02950085
v 0.10451662 0.01097739 -0.02499238
v 0.09119129 0.01314843 -0.01918639
v 0.08657581 0.00963449 -0.04025611
v 0.09824228 0.00870502 -0.04639697
v 0.11172651 0.00891411 -0.05067781
v 0.12257355 0.00995338 -0.05597590
v 0.11593277 0.00906098 -0.07292993
v 0.10576145 0.00846732 -0.06706554
v 0.09377506 0.00793445 -0.06246609
v 0.08389442 0.00804567 -0.05689940
v 0.11072827 0.00896490 -0.08286631
v 0.09534184 0.00936842 -0.09264583
v 0.10433315 0.00925267 -0.08969928
v 0.08674987 0.00848484 -0.08908926
v 0.08360267 0.00793493 -0.07892734
v 0.08307204 0.00765455 -0.06827906
v 0.09101007 0.00823915 -0.07975441
v 0.09201112 0.00801146 -0.07208181
v 0.10233327 0.00859559 -0.07664093
v 0.09900633 0.00888002 -0.08329430
v 0.09107225 0.00863445 -0.08558470
v 0.09516549 0.00895524 -0.08726969
v 0.12442909 0.07780969 -0.02185340
v -0.00264403 1.48646283 -0.09938860
v 0.00006346 1.41766512 -0.12791264
v 0.07923099 0.43723971 0.02167755
v 0.09459140 0.43452281 0.02704838
v 0.11093789 0.43620980 0.02786059
v 0.13271926 0.85867167 0.09906502
v 0.08968062 1.09877384 0.11986239
v 0.09673153 1.14367235 0.11219978
v 0.09317398 1.12064838 0.11608267
v 0.13526715 0.82806492 0.10229340
v 0.14840843 1.16742074 0.05049785
v 0.00065362 0.86454892 -0.13819060
v -0.00013133 1.37518132 -0.13667536
v 0.11911359 1.33638668 0.08637659
v 0.00145590 0.95011789 -0.14830130
v 0.08402546 1.62452197 -0.01344629
v 0.08164084 1.62264526 -0.01496627
v 0.08115470 1.61909461 -0.01601885
v 0.08029006 1.61730707 -0.02005797
v 0.07986598 1.61554193 -0.02339426
v 0.07947586 1.61461627 -0.02581418
v 0.08279584 1.61976540 -0.01844218
v 0.08079372 1.62262034 -0.02152783
v 0.08205629 1.62257719 -0.01808576
v 0.08317731 1.62165594 -0.01683220
v -0.00120638 1.36844802 0.07441165
v -0.00064538 1.35260308 0.08354598
v 0.00009906 1.33924830 0.09360293
v 0.00064398 1.32226288 0.10146908
v 0.00252843 1.56970096 0.10031208
v -0.00607420 1.04207504 0.15109549
v -0.00564322 1.05702078 0.15068100
v 0.00019562 1.09858751 -0.09955800
v -0.00513463 0.99478614 0.15306108
v -0.00526830 1.07362700 0.15318120
v 0.00072089 1.24378765 -0.13656683
v 0.00098992 1.30296230 0.10800374
v -0.00459666 0.97255874 0.15032950
v -0.00103256 1.30753374 -0.14508697
v -0.00383586 1.09667814 0.15381055
v -0.00098588 0.87430000 0.13390128
v -0.00001989 1.16735339 0.13991787
v -0.04264731 1.68558121 0.06105474
v -0.05429282 1.67571902 0.05190691
v -0.04850692 1.66722989 0.06296089
v -0.03740519 1.67326379 0.07158846
v -0.04528839 1.65957332 0.07136214
v -0.03469907 1.66262650 0.07736906
v -0.06099338 1.66399050 0.04289870
v -0.05582088 1.65908372 0.05445123
v -0.06208570 1.62234092 0.05072024
v -0.05992406 1.63157701 0.04943895
v -0.06555247 1.62828696 0.04124036
v -0.06674609 1.61579764 0.04215536
v -0.06202924 1.59534776 0.05293265
v -0.06417660 1.58487141 0.04326633
v -0.05904599 1.57815075 0.05484899
v -0.05588937 1.58877552 0.06239539
v -0.02255941 1.60772645 0.08326074
v -0.02583116 1.61344969 0.08074555
v -0.03185517 1.60745752 0.08069122
v -0.02790628 1.60086668 0.08330572
v -0.01347356 1.61922336 0.08744930
v -0.00897275 1.62366414 0.09312342
v -0.00941599 1.62851906 0.08749190
v -0.01454372 1.62368774 0.08314205
v -0.01721124 1.60238910 0.08503495
v -0.02268288 1.59516418 0.08462156
v -0.01618553 1.60994732 0.08736423
v -0.01796315 1.61385047 0.08390190
v -0.01252237 1.60595798 0.09910744
v -0.00931622 1.60723007 0.10372649
v -0.01045094 1.61301553 0.10304871
v -0.01408873 1.61069798 0.09681433
v -0.01601461 1.60316992 0.08986460
v -0.01210709 1.60046744 0.09257506
v -0.01363658 1.60352921 0.09511178
v -0.01609372 1.60702765 0.09218048
v -0.01300727 1.61499691 0.09198990
v -0.00931349 1.61868083 0.09834424
v -0.00509254 1.62124181 0.10502367
v -0.00552237 1.61378372 0.10983537
v -0.03879411 1.58623791 0.07984576
v -0.03345748 1.58283925 0.08299939
v -0.02849790 1.58894324 0.08436398
v -0.03366208 1.59364319 0.08232066
v -0.01307277 1.59669340 0.08967612
v -0.01599612 1.58037138 0.09417251
v -0.01009365 1.58212781 0.09766548
v -0.01009819 1.58634806 0.09681635
v -0.01660747 1.58461571 0.09308983
v -0.04485949 1.57005847 0.07336498
v -0.04511414 1.56114388 0.07110821
v -0.03833987 1.56226301 0.07794342
v -0.03848150 1.56946969 0.07905801
v -0.03588000 1.55581546 0.07817294
v -0.04261194 1.55215740 0.07048327
v -0.03183347 1.53680885 0.07567632
v -0.02620231 1.54496348 0.08473422
v -0.03150284 1.55012476 0.08025981
v -0.03793630 1.54407477 0.07206698
v -0.01374569 1.55168629 0.09271009
v -0.01973099 1.54059803 0.09090873
v -0.01239796 1.53757370 0.09627251
v -0.00766954 1.55071402 0.09587301
v -0.01515734 1.57359624 0.09119672
v -0.01542662 1.57676518 0.09329060
v -0.01977363 1.57525229 0.09013391
v -0.01926448 1.57295597 0.08857390
v -0.02375617 1.57221830 0.08601357
v -0.02368797 1.57302737 0.08665738
v -0.02544541 1.57368636 0.08644938
v -0.02567736 1.57191777 0.08532346
v -0.02174426 1.57255244 0.08705549
v -0.02259650 1.57129526 0.08640908
v -0.02026067 1.57061732 0.08796524
v -0.01674116 1.57026482 0.09116040
v -0.00298496 1.56972456 0.09933355
v -0.00202517 1.57433641 0.09725435
v -0.00538795 1.57422292 0.09602442
v -0.00706717 1.56986821 0.09796287
v -0.02377183 1.57566345 0.08810576
v -0.02083041 1.57793868 0.09052502
v -0.02228394 1.58125353 0.08994817
v -0.02613557 1.57769930 0.08756530
v -0.02925976 1.58012772 0.08586606
v -0.03178567 1.57529068 0.08404639
v -0.02813870 1.57444918 0.08579351
v -0.02450402 1.56998813 0.08523650
v -0.02864116 1.57121825 0.08434868
v -0.02758322 1.56803060 0.08358611
v -0.02520114 1.56504798 0.08492511
v -0.02211795 1.56829345 0.08694005
v -0.01862141 1.56697083 0.09027793
v -0.02157200 1.56253541 0.08810528
v -0.01631597 1.56067502 0.09175099
v -0.01384627 1.56575024 0.09437944
v -0.02460463 1.58502686 0.08787487
v -0.03287583 1.57027602 0.08237015
v -0.03658514 1.57646012 0.08101305
v -0.03231752 1.56514478 0.08146272
v -0.02983564 1.56068730 0.08233849
v -0.02024653 1.55376828 0.08879661
v -0.02584343 1.55677938 0.08504660
v -0.02398818 1.53043818 0.08145432
v -0.01459542 1.52641022 0.08605450
v -0.04099143 1.65318990 0.07275946
v -0.03215615 1.65527272 0.07545526
v -0.04130927 1.64498580 0.06966143
v -0.03741388 1.64635134 0.07184388
v -0.03819271 1.64924192 0.07183611
v -0.04301429 1.64703560 0.06897137
v -0.05397248 1.63464415 0.05487044
v -0.05602088 1.62799263 0.05569106
v -0.04990786 1.63333333 0.05906607
v -0.04913314 1.63738084 0.05948814
v -0.04257577 1.62687802 0.06753667
v -0.04001515 1.63417864 0.06837696
v -0.04309474 1.63462591 0.06576106
v -0.04688348 1.62766159 0.06418061
v -0.03622533 1.63413119 0.07054239
v -0.03756807 1.62743092 0.07029603
v -0.03256252 1.62896144 0.07219250
v -0.03204207 1.63472545 0.07196074
v -0.03131351 1.65055704 0.07374613
v -0.03183433 1.64722800 0.07363462
v -0.02542225 1.64703989 0.07311675
v -0.02373884 1.65037751 0.07364848
v -0.01532399 1.64007807 0.06988128
v -0.01228950 1.64004195 0.07169624
v -0.01280249 1.64438152 0.07155854
v -0.01624061 1.64259768 0.07020116
v -0.01676221 1.63827157 0.07071882
v -0.01483877 1.63683951 0.07227104
v -0.03481227 1.70766997 0.05548429
v -0.04886215 1.69773662 0.04601751
v -0.02938633 1.69177055 0.06933834
v -0.06055694 1.68429196 0.03770090
v -0.06633824 1.66939116 0.02929454
v -0.06059684 1.56783748 0.04819014
v -0.05315958 1.56304646 0.06086738
v -0.05196534 1.57307076 0.06500605
v -0.05891256 1.55658507 0.04409727
v -0.05087513 1.55206907 0.05901608
v -0.03644891 1.53169608 0.06031553
v -0.04551090 1.54100490 0.05870724
v -0.06503565 1.56359351 0.02696628
v -0.06235939 1.55441749 0.02084681
v -0.05378775 1.54511535 0.03995961
v -0.06702353 1.56675291 0.00511706
v -0.06482547 1.56290221 -0.00386782
v -0.05818609 1.54460263 0.01133660
v -0.04082530 1.51112771 0.02210163
v -0.05389464 1.51666629 0.00732766
v -0.05554896 1.50555170 0.00414144
v -0.04297820 1.50063562 0.01916673
v -0.06596255 1.57411361 0.03353739
v -0.06771477 1.63831747 0.03139279
v -0.07020433 1.62395382 0.02999749
v -0.06294537 1.64000165 0.04301699
v -0.07118704 1.69709539 0.00045004
v -0.07617688 1.67909598 -0.00147251
v -0.07166208 1.67464614 0.01443333
v -0.06568344 1.69218397 0.02019314
v -0.04248733 1.73304856 0.00653227
v -0.05919495 1.71730685 0.00377800
v -0.05418583 1.70901871 0.02705223
v -0.03974724 1.72297823 0.03396830
v -0.07960211 1.67984819 -0.01775158
v -0.07382457 1.69821763 -0.02096725
v -0.07594319 1.69283199 -0.04297928
v -0.08095840 1.67673171 -0.03472582
v -0.06195965 1.71781111 -0.02503596
v -0.06403589 1.71139383 -0.05227656
v -0.06506240 1.56602287 -0.01703161
v -0.06307503 1.54820657 -0.01160380
v -0.06150733 1.53393507 -0.00896692
v -0.05336709 1.52958679 0.01042025
v -0.04586821 1.72648478 -0.05959249
v -0.04412131 1.73402381 -0.02669115
v -0.06894674 1.64678657 -0.07882586
v -0.07507807 1.63921833 -0.06311844
v -0.07852429 1.65503597 -0.05552862
v -0.07239224 1.66603804 -0.07270394
v -0.05842767 1.65420091 -0.09422752
v -0.06030145 1.67704999 -0.08802689
v -0.05665612 1.59176874 -0.07141751
v -0.04663591 1.59263921 -0.08564458
v -0.04183486 1.57663333 -0.07640025
v -0.05100520 1.57675338 -0.06342418
v -0.05213090 1.65426338 0.06426834
v -0.05576668 1.64792645 0.05722452
v -0.05040803 1.64584231 0.06287155
v -0.04707715 1.64970207 0.06829030
v -0.06464704 1.65189636 0.03615917
v -0.06008549 1.64987981 0.04770544
v -0.07485605 1.65877366 0.01033430
v -0.07875469 1.66337657 -0.00286831
v -0.08284905 1.66306901 -0.02996534
v -0.08173499 1.66458106 -0.01622635
v -0.07773177 1.63297689 -0.05124836
v -0.08003341 1.64324021 -0.04631320
v -0.06582341 1.57460737 -0.03444725
v -0.05828452 1.57599437 -0.05072546
v -0.05689758 1.55733466 -0.04586137
v -0.06377148 1.55375874 -0.03047739
v -0.03931222 1.56105340 -0.06852619
v -0.04765423 1.55977559 -0.05845591
v -0.06145826 1.52509224 -0.02900365
v -0.05565589 1.52838624 -0.04474454
v -0.05730717 1.51726758 -0.04730770
v -0.06149402 1.51392341 -0.03099258
v -0.04894444 1.51786315 -0.06062971
v -0.04729941 1.52969766 -0.05789755
v -0.03808360 1.52980196 -0.06806648
v -0.03906729 1.51711130 -0.06972994
v -0.01735946 1.49335527 0.03669244
v -0.02930323 1.49666953 0.02950719
v -0.03205705 1.48727274 0.02631932
v -0.01897625 1.48449588 0.03304590
v -0.06282823 1.50465059 -0.03466536
v -0.06004163 1.50919724 -0.05133517
v -0.06364272 1.59098840 -0.05801713
v -0.06852681 1.59341311 -0.04526221
v -0.05237393 1.50942314 -0.06542856
v -0.05564260 1.54098594 -0.04456149
v -0.04731140 1.54300356 -0.05638736
v -0.02745145 1.56159568 -0.07703489
v -0.03015663 1.57749104 -0.08631730
v -0.02000423 1.61866212 0.08089665
v -0.02265229 1.63286221 0.07317470
v -0.01840209 1.63464272 0.07281581
v -0.01944319 1.63750935 0.07167228
v -0.02322788 1.63657570 0.07238603
v -0.01153501 1.67534685 0.08254053
v -0.02465937 1.67607617 0.07866512
v -0.02285513 1.66247952 0.08210753
v -0.00984920 1.65893674 0.08404064
v -0.05046528 1.60243773 0.07007619
v -0.04471714 1.59240890 0.07570780
v -0.03835921 1.60054123 0.07947923
v -0.04108324 1.60936260 0.07580505
v -0.04617135 1.63910890 0.06239227
v -0.04526105 1.64124382 0.06458940
v -0.04767498 1.64121282 0.06205343
v -0.04246867 1.57851887 0.07663191
v -0.04905701 1.58271277 0.07035229
v -0.07016157 1.60877633 0.03028243
v -0.05747939 1.64064586 0.05154895
v -0.02122302 1.74345422 0.00996630
v -0.02027330 1.73159289 0.04058547
v -0.02195872 1.74524188 -0.02644661
v -0.02303571 1.73736000 -0.06224532
v -0.04518577 1.68743062 -0.10083025
v -0.02660384 1.69547248 -0.11174032
v -0.02255627 1.66885030 -0.11786731
v -0.04320781 1.66127896 -0.10773543
v -0.03341286 1.59413147 -0.09670881
v -0.02700610 1.53160214 -0.07453629
v -0.02803886 1.51712441 -0.07549269
v -0.01860766 1.71322417 0.06198654
v -0.01479743 1.69384348 0.07391889
v -0.06983980 1.65396571 0.02261363
v -0.06177431 1.61389947 0.05451962
v -0.05826105 1.60698771 0.06074756
v -0.05359705 1.61825037 0.06409172
v -0.05625113 1.62232935 0.05902060
v -0.06543710 1.60421085 0.04574877
v -0.06779217 1.59455347 0.03371468
v -0.07010035 1.58540034 0.01899552
v -0.06914444 1.57346892 0.01188530
v -0.07415376 1.68245661 -0.06208760
v -0.07987823 1.66945815 -0.04869974
v -0.04749060 1.71023691 -0.08572215
v -0.06533292 1.69765329 -0.07514531
v -0.08166594 1.65900528 -0.04247025
v -0.02574444 1.72291577 -0.09344770
v -0.00978376 1.59089541 0.09528333
v -0.00815737 1.59532189 0.09433651
v -0.01732589 1.59032440 0.09009759
v -0.00871751 1.56493402 0.09719458
v -0.01058709 1.55935597 0.09460424
v -0.00518587 1.55881774 0.09604836
v -0.00389574 1.56470299 0.09868692
v -0.01438838 1.52001882 0.07062274
v -0.02514561 1.52460909 0.06567664
v -0.01592887 1.50164223 0.04231881
v -0.02749151 1.50550485 0.03415098
v -0.00811171 1.60441971 0.09787905
v -0.00843923 1.60353458 0.09585112
v -0.00637495 1.60395241 0.09630774
v -0.00644225 1.60482073 0.09827165
v -0.02233777 1.57411909 0.08797763
v -0.00500607 1.58246601 0.09970340
v -0.00514708 1.57843971 0.09844466
v -0.00179280 1.57818294 0.09921846
v -0.00167936 1.58210301 0.10047705
v -0.04365830 1.53098321 0.03793442
v -0.04071245 1.52168632 0.02734604
v -0.06133502 1.50975752 -0.01342751
v -0.06116426 1.52120912 -0.01042468
v -0.06201348 1.53796518 -0.02848176
v -0.03926738 1.54435861 -0.06753365
v -0.02742322 1.54610276 -0.07513323
v -0.01396471 1.54781222 -0.07956641
v -0.01451036 1.56198859 -0.08392581
v -0.02731183 1.51975894 0.05061182
v -0.02719163 1.51377988 0.04021531
v -0.01567651 1.50948071 0.04830100
v -0.01505250 1.51495302 0.05739989
v -0.00204403 1.60180175 0.09984717
v -0.00303323 1.60046315 0.09774027
v -0.00101631 1.59815156 0.09877476
v -0.00055950 1.60064590 0.10155939
v -0.00936243 1.60147691 0.09425347
v -0.00719546 1.59841394 0.09429266
v -0.00684452 1.60057306 0.09426056
v -0.01031223 1.60284102 0.09583485
v -0.00972346 1.60439134 0.09844767
v -0.00466131 1.60538173 0.10326695
v -0.00426319 1.60619736 0.10837443
v -0.00775367 1.60529494 0.10147046
v -0.00400865 1.60313201 0.09817913
v -0.00433156 1.60173619 0.09638793
v -0.00641834 1.60243654 0.09466112
v -0.00826227 1.60256612 0.09461419
v -0.00496877 1.60523617 0.10107450
v -0.00687579 1.60499334 0.09974846
v -0.00438952 1.62707281 0.09896964
v -0.00572046 1.49971616 0.04637661
v -0.00529802 1.50745559 0.05184504
v -0.02300665 1.57256365 0.08641137
v -0.02263775 1.65506482 0.07687761
v -0.04766957 1.61687863 0.06945291
v -0.02731834 1.61926293 0.07757000
v -0.02751710 1.62507331 0.07482120
v -0.03358367 1.62186384 0.07393899
v -0.03365879 1.61462247 0.07711768
v -0.01379878 1.65188646 0.07710841
v -0.00869507 1.64623249 0.07618128
v -0.00477120 1.64831567 0.08258473
v -0.00856727 1.63975322 0.07653524
v -0.01188786 1.63452768 0.07549603
v -0.01024968 1.63232422 0.08147086
v -0.00531362 1.63927531 0.08502074
v -0.04578654 1.64438236 0.06541333
v -0.04373496 1.64315343 0.06711259
v -0.01546029 1.62747788 0.07879917
v -0.01663209 1.63094497 0.07502262
v -0.02179907 1.62806296 0.07497972
v -0.02113761 1.62328696 0.07770229
v -0.04026879 1.61886168 0.07240497
v -0.05214073 1.64091825 0.05780187
v -0.04926853 1.62985134 0.06102015
v -0.06890268 1.58770072 -0.02900592
v -0.07202708 1.59877884 -0.03690440
v -0.07126748 1.57928205 -0.00769909
v -0.07031966 1.58177042 -0.01227674
v -0.06588911 1.57599688 -0.00994486
v -0.06897666 1.57527804 -0.00454189
v -0.08089651 1.63337409 -0.02958175
v -0.07998627 1.63394105 -0.02518337
v -0.08086292 1.64054358 -0.02457406
v -0.08075035 1.63956201 -0.03276818
v -0.08009303 1.63652706 -0.01816175
v -0.07971587 1.63285732 -0.01790134
v -0.07936158 1.63229656 -0.01435282
v -0.07968092 1.63975692 -0.01604308
v -0.07842986 1.63718176 -0.00794184
v -0.07894489 1.64872515 -0.00512662
v -0.08150428 1.65078807 -0.01574500
v -0.07256184 1.63541460 0.01638835
v -0.07506680 1.64335179 0.00499456
v -0.07593356 1.63135493 -0.00158203
v -0.07324649 1.62356067 0.00333200
v -0.07097578 1.58776665 0.00376885
v -0.07130934 1.57896888 0.00053072
v -0.06611303 1.57990432 -0.01890695
v -0.05496314 1.63267159 -0.09489993
v -0.06471182 1.62773836 -0.07945713
v -0.07178228 1.62314320 -0.06496498
v -0.07526185 1.62022209 -0.05246376
v -0.04107715 1.63727069 -0.10837205
v -0.02197927 1.63856530 -0.11643025
v -0.07251383 1.61807168 0.01710431
v -0.07247123 1.61149323 0.00488314
v -0.06115239 1.60903740 -0.07754992
v -0.05114148 1.61188757 -0.09205312
v -0.06795706 1.60695148 -0.06298595
v -0.07218210 1.60700393 -0.05061191
v -0.03680767 1.61584282 -0.10467070
v -0.01916493 1.61429799 -0.11262785
v -0.01732984 1.59372258 -0.10300177
v -0.07538939 1.58836091 -0.00766190
v -0.07657414 1.58232331 -0.00640058
v -0.07391956 1.58108425 -0.00458726
v -0.07313652 1.58738565 -0.00332304
v -0.07193309 1.59924471 0.00455100
v -0.07172444 1.60249197 0.01698568
v -0.00478192 1.63294256 0.09282930
v -0.00474362 1.53642011 0.09852269
v -0.00251343 1.55076146 0.09761344
v -0.00445227 1.59084618 0.09808026
v -0.00491867 1.58658218 0.09915334
v -0.00152960 1.58593678 0.09994425
v -0.00121718 1.59003389 0.09895638
v -0.01708631 1.64824331 0.07241845
v -0.01557453 1.57777858 -0.09288727
v -0.01402026 1.53318310 -0.07807425
v -0.01547294 1.51802111 -0.07909106
v -0.04166430 1.50728893 -0.07482603
v -0.02968571 1.50568914 -0.08062205
v -0.00087268 1.59421444 0.09836623
v -0.00386356 1.59479094 0.09709043
v -0.00431766 1.60463905 0.09988867
v -0.00998646 1.57796764 0.09654542
v -0.00445112 1.60022342 0.09604114
v -0.00370025 1.59790802 0.09658226
v 0.00104793 1.59757578 0.09978107
v 0.00079450 1.59381235 0.09880845
v -0.02751129 1.63101423 0.07321323
v -0.02759542 1.63562202 0.07251417
v -0.00266095 1.60366809 0.10221066
v -0.00152325 1.60276413 0.10501629
v -0.04598780 1.49087989 0.01570069
v -0.05767496 1.49535990 0.00030877
v 0.00056573 1.57806265 0.09948961
v 0.00053565 1.58190012 0.10073699
v -0.07388471 1.61573803 -0.00476217
v -0.07585318 1.62312412 -0.00699159
v -0.07738422 1.61763275 -0.01229058
v -0.07531846 1.61133659 -0.01060910
v -0.00695144 1.49147964 0.04090003
v -0.06210025 1.49975622 -0.01736229
v -0.01669088 1.50600934 -0.08377253
v -0.04523046 1.63571715 0.06341251
v -0.04621257 1.63720536 0.06215139
v -0.01988081 1.64547062 0.07143425
v -0.01193357 1.56998396 0.09523355
v -0.01001981 1.57402706 0.09417427
v -0.00516930 1.51292181 0.06034745
v 0.00107319 1.60008168 0.10263355
v -0.07839676 1.62566829 -0.02175501
v -0.07786321 1.62193596 -0.02080284
v -0.08048774 1.62088466 -0.01848868
v -0.08080392 1.62437630 -0.01802795
v -0.08232152 1.62811172 -0.01300917
v -0.08366127 1.63171375 -0.01498810
v -0.08488961 1.62788296 -0.01654270
v -0.08325306 1.62483811 -0.01558032
v -0.07870609 1.62886977 -0.01018557
v -0.07999232 1.62371600 -0.01218022
v -0.08601511 1.63321114 -0.01700738
v -0.08574279 1.63025212 -0.01824765
v -0.07979076 1.63366461 -0.02070974
v -0.08301566 1.63460135 -0.01821554
v -0.08451578 1.63609958 -0.02305571
v -0.08881587 1.63430786 -0.02099686
v -0.08690125 1.63571787 -0.02945568
v -0.09185403 1.63340962 -0.02650760
v -0.08773148 1.63121140 -0.03470929
v -0.09326284 1.62970817 -0.03221861
v -0.07268431 1.59628630 -0.00338764
v -0.07251608 1.59617388 -0.01056999
v -0.08773971 1.62487257 -0.03725733
v -0.09366325 1.62405038 -0.03564554
v -0.08673693 1.61727476 -0.03877445
v -0.09294202 1.61682248 -0.03684055
v -0.08588562 1.60938740 -0.03819806
v -0.09146250 1.60917783 -0.03610752
v -0.08430861 1.60034895 -0.03579437
v -0.08953570 1.60169828 -0.03342079
v -0.08234719 1.59085894 -0.03050607
v -0.08730637 1.59462690 -0.02843763
v -0.08908415 1.62766528 -0.03116908
v -0.08764555 1.63096642 -0.02727998
v -0.08012512 1.62938774 -0.03149870
v -0.08649860 1.63187051 -0.02215818
v -0.07705393 1.61563146 -0.02819906
v -0.07616431 1.61304557 -0.02701198
v -0.07906960 1.61412358 -0.02385173
v -0.07673981 1.61637759 -0.02569078
v -0.07603416 1.60904169 -0.01439450
v -0.07592130 1.60345590 -0.01424056
v -0.07465757 1.60374653 -0.00981117
v -0.07420442 1.59924591 -0.01455225
v -0.07327540 1.60394251 -0.01593392
v -0.07354564 1.60058641 -0.01612567
v -0.07258673 1.60789847 -0.01649227
v -0.07408709 1.59883237 -0.01757680
v -0.07516631 1.59708488 -0.01623731
v -0.07302965 1.59987640 -0.01824699
v -0.07255050 1.60094213 -0.01743155
v -0.07174742 1.60279489 -0.01840703
v -0.07182642 1.60562897 -0.02083335
v -0.07363863 1.60607076 -0.00385110
v -0.07265487 1.59437346 -0.02613996
v -0.07600036 1.60242963 -0.03073252
v -0.08410495 1.58921456 -0.02233513
v -0.08031837 1.58356977 -0.02259857
v -0.07835348 1.57938600 -0.00854058
v -0.07972357 1.57951403 -0.01449512
v -0.07913034 1.62426674 -0.03278726
v -0.07880424 1.61769187 -0.03444108
v -0.07054711 1.58785880 -0.01829199
v -0.07771598 1.61059463 -0.03344341
v -0.08531968 1.59840858 -0.02699005
v -0.08251185 1.59456491 -0.02263376
v -0.08810779 1.60356009 -0.03079848
v -0.07633792 1.59357941 -0.01391397
v -0.07961007 1.59293735 -0.01807068
v -0.08148707 1.58738256 -0.01597364
v -0.07891910 1.58728027 -0.01089639
v -0.08003666 1.59818101 -0.02251879
v -0.08350146 1.60118604 -0.02532396
v -0.07641747 1.60034299 -0.02378541
v -0.07960781 1.60337293 -0.02606514
v -0.07497577 1.59895623 -0.02020373
v -0.07705363 1.59666455 -0.01929536
v -0.07247355 1.60230052 -0.02423750
v -0.07533763 1.60646713 -0.02735522
v -0.07266733 1.60051465 -0.02035604
v -0.08272921 1.60701180 -0.02661860
v -0.07929546 1.61004210 -0.02761080
v -0.08295631 1.61371636 -0.02589371
v -0.08561037 1.61121130 -0.02673300
v -0.08640938 1.60517824 -0.02777464
v -0.08858834 1.61002052 -0.02948588
v -0.08892235 1.60982132 -0.03329294
v -0.08902248 1.61566854 -0.03075516
v -0.08945411 1.61662817 -0.03422226
v -0.08674496 1.61534345 -0.02804298
v -0.08506425 1.61633253 -0.02582714
v -0.08978121 1.62296224 -0.03356196
v -0.08864313 1.62104881 -0.03046850
v -0.08784726 1.62524927 -0.02899868
v -0.08719898 1.61949337 -0.02789082
v -0.08629879 1.62274849 -0.02676172
v -0.08583294 1.61871505 -0.02624764
v -0.08495107 1.62046385 -0.02507779
v -0.08317067 1.62921560 -0.01985775
v -0.08191712 1.62722421 -0.01826091
v -0.08475071 1.62929964 -0.02276780
v -0.08324490 1.62658978 -0.02263005
v -0.08217257 1.62790585 -0.02127494
v -0.08071387 1.62674332 -0.02098472
v -0.08217054 1.62414455 -0.02201946
v -0.08000948 1.62212801 -0.02351044
v -0.02283991 1.46420455 0.02898536
v -0.00980478 1.46255338 0.03160932
v -0.00880781 1.47217727 0.03399762
v -0.02098574 1.47446072 0.03042756
v -0.08481194 1.62498927 -0.02473073
v -0.08371644 1.62218726 -0.02313309
v -0.08621038 1.62800968 -0.02627562
v -0.08141648 1.61799312 -0.02574272
v -0.08225559 1.61982179 -0.02405160
v -0.08381125 1.61816239 -0.02465651
v -0.08286419 1.61664343 -0.02539863
v -0.07621401 1.61309588 -0.01561028
v -0.07397565 1.61123681 -0.01926509
v -0.07405922 1.60848331 -0.02339452
v -0.05977923 1.45374084 0.01113166
v -0.05520037 1.46237540 0.00801336
v -0.06966813 1.47023571 -0.00556453
v -0.07610688 1.46319675 -0.00223968
v -0.07275858 1.43197238 0.03039093
v -0.09667650 1.44172788 0.01477409
v -0.09629283 1.41862321 0.03571817
v -0.07524832 1.41357994 0.04241907
v -0.09446477 1.39884019 0.05068002
v -0.07515381 1.39584839 0.05406094
v -0.08855862 1.34820926 0.08500819
v -0.07108496 1.34807277 0.08808268
v -0.07249092 1.36318040 0.07666802
v -0.09052206 1.36397004 0.07386076
v -0.10849642 1.27046227 0.11530375
v -0.10278395 1.25230002 0.11334097
v -0.08883957 1.25642943 0.11865510
v -0.09615334 1.27273142 0.11903521
v -0.16201051 1.36707556 0.04862507
v -0.16476141 1.38757408 0.04015233
v -0.17517012 1.37561643 0.03846084
v -0.17117226 1.35523415 0.04518677
v -0.11185535 1.48221874 -0.03444821
v -0.10650432 1.46530318 -0.00952193
v -0.09494639 1.46877050 -0.01654474
v -0.10198831 1.48448813 -0.03774162
v -0.15522909 1.28261125 0.06728204
v -0.15037045 1.27049029 0.07597250
v -0.14499734 1.28040159 0.08408300
v -0.14887865 1.29227233 0.07661869
v -0.12797910 1.18919361 0.07089835
v -0.12948735 1.17007446 0.07023745
v -0.11328904 1.16880131 0.08884424
v -0.11229266 1.18853390 0.08800820
v -0.16731006 1.21208215 -0.00244591
v -0.16887446 1.21034682 -0.03320830
v -0.16587189 1.19459534 -0.03348459
v -0.16515870 1.19426715 -0.00355786
v -0.11926296 1.34625793 0.07651734
v -0.10465788 1.34772205 0.08100751
v -0.10721130 1.36363745 0.07033010
v -0.12247424 1.36231971 0.06611181
v -0.28214779 1.26820421 -0.00536483
v -0.26819399 1.25771201 -0.00395194
v -0.25514176 1.27792740 -0.00054840
v -0.26885256 1.28879809 -0.00275830
v -0.16831027 1.10096204 0.00464856
v -0.16720127 1.10573995 -0.02408757
v -0.17088383 1.08709228 -0.02185760
v -0.17101683 1.08174634 0.00758469
v -0.22245646 1.40930045 0.00399931
v -0.21228951 1.42463374 0.00542709
v -0.21787806 1.44083810 -0.01607338
v -0.22937274 1.42491448 -0.01602506
v -0.16192095 1.32739854 0.05585948
v -0.15376212 1.33561742 0.06232340
v -0.15821403 1.35008585 0.05573091
v -0.16628787 1.33959842 0.05051217
v -0.17676079 1.23889887 -0.03807664
v -0.17508468 1.24199343 -0.01227079
v -0.17827712 1.25689280 -0.01935310
v -0.18053639 1.25457489 -0.04274762
v -0.17191499 1.22656572 -0.00651923
v -0.17279935 1.22411680 -0.03497783
v -0.14377899 1.34100425 0.06714509
v -0.13230503 1.34407997 0.07203027
v -0.13608442 1.36037314 0.06217980
v -0.14759310 1.35744202 0.05884712
v -0.09760284 1.23624790 0.10845350
v -0.08042602 1.24161971 0.11559990
v -0.16431156 1.07570481 0.03548501
v -0.15234114 1.06961668 0.05947980
v -0.15143493 1.09066653 0.05662382
v -0.16273348 1.09591746 0.03238797
v -0.09427178 1.20678508 0.10081202
v -0.09449106 1.22263205 0.10373969
v -0.11083262 1.22131407 0.09348512
v -0.11090586 1.20593929 0.08824532
v -0.13578203 1.06392002 0.08069932
v -0.11726523 1.05872107 0.10164833
v -0.11660504 1.08184564 0.09875390
v -0.13516545 1.08582866 0.07818639
v -0.09249711 1.38080227 0.06261832
v -0.07396640 1.37916243 0.06549315
v -0.12897496 1.26983511 0.10201985
v -0.12656258 1.25219882 0.09918724
v -0.11543566 1.25125384 0.10677132
v -0.11977366 1.26976454 0.10930277
v -0.17832139 1.32345307 0.02390325
v -0.17722011 1.33961773 0.03733815
v -0.18349618 1.35894310 0.03214471
v -0.18249477 1.33393943 0.01903544
v -0.17361197 1.06842172 -0.01953407
v -0.17268462 1.06281960 0.00985151
v -0.13561600 1.04143620 0.08273777
v -0.11680920 1.03555346 0.10335289
v -0.19144438 1.31646252 -0.06008524
v -0.18866210 1.31014442 -0.05637546
v -0.18976061 1.31225216 -0.03730576
v -0.19229536 1.32048893 -0.04264294
v -0.05532407 1.27505779 0.12250823
v -0.07112063 1.28410816 0.12166789
v -0.07744549 1.26693928 0.12218538
v -0.06451131 1.25401378 0.12104949
v -0.12490737 1.23585093 0.09161108
v -0.12526467 1.22228515 0.08265153
v -0.11231236 1.23480773 0.10025483
v -0.03856937 1.26493788 0.12015353
v -0.04998440 1.23790169 0.11824630
v -0.05532539 1.37677097 0.06819142
v -0.05421004 1.36180270 0.07933705
v -0.05556561 1.39238524 0.05753382
v -0.03635183 1.38967538 0.06109749
v -0.03472432 1.40598917 0.05141596
v -0.05413439 1.40893233 0.04726481
v -0.03156652 1.42210317 0.04281944
v -0.05082073 1.42570424 0.03841597
v -0.04154824 1.44736433 0.02148066
v -0.03890345 1.45733392 0.01967750
v -0.17224185 1.32695913 0.04176408
v -0.16744575 1.31647086 0.04603546
v -0.15241721 1.04819107 0.06147199
v -0.11741590 1.40721989 -0.13306087
v -0.11524669 1.38768041 -0.13858074
v -0.13446625 1.39330065 -0.13364810
v -0.13690025 1.41229761 -0.12823406
v -0.12324412 1.48314834 -0.03278114
v -0.12121627 1.46804965 -0.00609083
v -0.18002400 1.33783603 -0.11160769
v -0.17383115 1.33179832 -0.11613360
v -0.17495835 1.31902277 -0.11045824
v -0.17955755 1.32751608 -0.10673048
v -0.18765220 1.31855869 -0.08561499
v -0.18792135 1.31355393 -0.08820784
v -0.18862982 1.31976402 -0.09619445
v -0.18646070 1.32544029 -0.09313086
v -0.16318384 1.09089780 -0.04817972
v -0.15865269 1.10904956 -0.05091991
v -0.14091468 1.22367048 -0.10658411
v -0.15462895 1.21619272 -0.08517948
v -0.16124375 1.23124564 -0.08419901
v -0.14970510 1.23955584 -0.10388759
v -0.01804804 1.37739277 -0.13907214
v -0.01815862 1.36132383 -0.14141804
v -0.03737152 1.36454391 -0.14561257
v -0.03764071 1.38104808 -0.14291528
v -0.07808786 1.41166580 -0.13845731
v -0.07842653 1.42840517 -0.13220268
v -0.05675560 1.41914630 -0.13583240
v -0.05729255 1.40376949 -0.14108753
v -0.09724955 1.40100706 -0.13934436
v -0.09579846 1.38191676 -0.14437890
v -0.17840312 1.25598848 -0.06444874
v -0.17418368 1.24099302 -0.06209830
v -0.18205802 1.27602994 -0.06860777
v -0.18331280 1.27606261 -0.04991661
v -0.18432643 1.28332508 -0.05149736
v -0.18331531 1.28352880 -0.06915112
v -0.09320655 1.48842394 -0.04047011
v -0.09182769 1.49352789 -0.06482656
v -0.10226721 1.49025738 -0.06232556
v -0.05539551 1.46936786 -0.11139549
v -0.05491346 1.46333075 -0.11610713
v -0.06933719 1.46904361 -0.11032648
v -0.06639754 1.47411430 -0.10638378
v -0.04180975 1.28837883 -0.14880134
v -0.02002217 1.28760648 -0.14686200
v -0.02000131 1.26599216 -0.14441133
v -0.04346263 1.26550281 -0.14688632
v -0.18166357 1.29353750 -0.08376345
v -0.18368855 1.30113542 -0.08350475
v -0.18178464 1.30822742 -0.09334564
v -0.17881760 1.29977167 -0.09488108
v -0.17599182 1.29241836 -0.09599936
v -0.17279403 1.28499198 -0.09686998
v -0.17802148 1.27934980 -0.08375286
v -0.18002863 1.28677690 -0.08395532
v -0.15833570 1.25408077 -0.10116547
v -0.16810673 1.24646771 -0.08326359
v -0.17287378 1.26080823 -0.08335809
v -0.16507120 1.26726258 -0.09956400
v -0.01683558 1.19459891 -0.13047564
v -0.03821692 1.19249630 -0.13419245
v -0.03956295 1.21712983 -0.13915493
v -0.01756744 1.21872795 -0.13611569
v -0.19574614 1.32688761 -0.01201436
v -0.19666561 1.33251727 0.00445241
v -0.19949436 1.32381248 -0.00133230
v -0.19708209 1.31614614 -0.01978038
v -0.20185576 1.33221734 -0.10932852
v -0.20879088 1.32687187 -0.11011452
v -0.21294618 1.33248878 -0.11126267
v -0.20578554 1.33900702 -0.11113255
v -0.19671555 1.29469991 -0.04205430
v -0.20022225 1.30290651 -0.02509496
v -0.20625572 1.28700495 -0.02877798
v -0.20187083 1.27930987 -0.04661995
v -0.13296059 1.48407149 -0.06345201
v -0.13546771 1.48496830 -0.03168611
v -0.12230929 1.48563981 -0.06191456
v -0.19018137 1.29990363 -0.06810591
v -0.19224380 1.28939927 -0.07314597
v -0.19290383 1.29218566 -0.08630529
v -0.18879020 1.30203307 -0.08171728
v -0.29460329 1.27849519 -0.01492172
v -0.28089860 1.29888773 -0.01327052
v -0.20878223 1.26038337 -0.06565322
v -0.21197650 1.26098084 -0.08036058
v -0.19849762 1.27533686 -0.07744725
v -0.19879048 1.27539825 -0.06289071
v -0.13317423 1.20739031 -0.10789295
v -0.14888817 1.20109725 -0.08660336
v -0.13186722 1.09446108 -0.08869141
v -0.14953566 1.09313107 -0.07085177
v -0.14450264 1.11194217 -0.07368288
v -0.12723306 1.11416852 -0.09180733
v -0.16642779 1.07209933 -0.04636689
v -0.13528889 1.07450473 -0.08629604
v -0.15305246 1.07405627 -0.06885202
v -0.07284325 1.49958014 -0.06100601
v -0.06356253 1.49825072 -0.07721850
v -0.07080124 1.49339306 -0.08241295
v -0.08191819 1.49681568 -0.06394844
v -0.18388198 0.95464027 -0.04344084
v -0.18282059 0.92533243 -0.04679128
v -0.18987955 0.92237926 -0.01575850
v -0.18964212 0.95002621 -0.01192181
v -0.03855532 1.48109484 -0.10248723
v -0.05615042 1.48718524 -0.09460942
v -0.05031249 1.49348652 -0.08829497
v -0.03494571 1.48845029 -0.09474386
v -0.18716754 0.97550082 -0.01186886
v -0.18262748 0.98171043 -0.04255225
v -0.07626577 1.49333298 -0.04047072
v -0.08488758 1.49094522 -0.04123232
v -0.08009176 1.47971559 -0.02227536
v -0.07191965 1.48418379 -0.02240413
v -0.06345613 1.47710717 -0.00591219
v -0.19138914 0.91319728 0.01456814
v -0.18833195 0.94038284 0.01696759
v -0.05677153 1.50273490 -0.07145290
v -0.04489182 1.49942470 -0.08140440
v -0.03181669 1.49667490 -0.08756749
v -0.01777667 1.49571121 -0.09122264
v -0.16887939 1.05368865 -0.04479027
v -0.17512040 1.04976785 -0.01767499
v -0.12523349 0.81992656 -0.11708334
v -0.09762522 0.81650871 -0.12563884
v -0.09475862 0.80219603 -0.11574908
v -0.12757410 0.80171555 -0.10695662
v -0.02756708 0.83066249 -0.12807967
v -0.02505532 0.81756067 -0.11360402
v -0.05969618 0.80723155 -0.11675987
v -0.06479179 0.82037640 -0.12970419
v -0.03298453 0.95035106 -0.14904192
v -0.06366619 0.95072788 -0.14867932
v -0.06398482 0.97243708 -0.14146505
v -0.03400102 0.97221154 -0.14249477
v -0.13887367 1.05562222 -0.08567581
v -0.15628071 1.05541039 -0.06793185
v -0.17321497 1.04356360 0.01146945
v -0.18744291 0.77428949 0.02943025
v -0.19268593 0.78301817 -0.01218060
v -0.18812691 0.74662542 -0.01327828
v -0.18457915 0.73823106 0.02636024
v -0.15340237 0.75339323 -0.07600364
v -0.15720451 0.78304178 -0.08050589
v -0.12552676 0.77984905 -0.09898181
v -0.12226426 0.75391328 -0.09282569
v -0.09732179 1.03052568 0.12297159
v -0.11580691 1.01315832 0.10322911
v -0.09570793 1.00732684 0.12167999
v -0.03191306 1.02053106 0.15344371
v -0.05635585 1.02313483 0.14857255
v -0.05232937 0.99926043 0.14617719
v -0.02919431 0.99673212 0.15142933
v -0.02920683 0.87503743 0.12818421
v -0.01399600 0.87489152 0.13242464
v -0.01718138 0.89922082 0.13466935
v -0.03509352 0.90049899 0.12987497
v -0.17909503 0.92980105 0.04369966
v -0.16032250 0.92000234 0.06688835
v -0.15902443 0.94278908 0.06576651
v -0.17624764 0.95354068 0.04357810
v -0.02180968 0.80763054 -0.09667230
v -0.05376879 0.79455900 -0.10287111
v -0.16852608 0.72983176 0.06509636
v -0.16985548 0.76687050 0.06831094
v -0.13929932 0.72496402 0.09448683
v -0.10295199 0.72653413 0.10514377
v -0.10622885 0.75892854 0.10941087
v -0.14162296 0.75976110 0.09705539
v -0.01186597 0.80266750 0.07360264
v -0.02379279 0.81941259 0.10126424
v -0.02864860 0.80957913 0.09518413
v -0.01204483 0.79713964 0.06933232
v -0.02980353 0.86169982 -0.14567128
v -0.02940602 0.84469944 -0.13794631
v -0.06448327 0.83814001 -0.14053264
v -0.06355891 0.85734642 -0.14820646
v -0.11477158 1.07436359 -0.09820479
v -0.11835445 1.05434585 -0.09858338
v -0.09371464 1.07354176 -0.10578362
v -0.11201829 1.09477556 -0.10145079
v -0.09061105 1.09502995 -0.10836035
v -0.09096279 1.22618115 -0.13456446
v -0.11364502 1.21578932 -0.12370573
v -0.12219042 1.23279941 -0.12361161
v -0.09994063 1.24524629 -0.13559362
v -0.05698990 1.36980128 -0.14815119
v -0.05739393 1.38727689 -0.14494359
v -0.08434499 0.76164222 -0.09993174
v -0.04160220 0.77579975 -0.09148985
v -0.05195617 0.73673320 -0.08791555
v -0.08801950 0.72967952 -0.09351183
v -0.14913833 0.72220230 -0.07315804
v -0.17059143 0.71895736 -0.04858883
v -0.17701271 0.75262475 -0.04936628
v -0.18201652 0.71189666 -0.01414159
v -0.17960417 0.70308506 0.02514579
v -0.13452153 0.69126004 0.09096973
v -0.09828907 0.69362032 0.09949850
v -0.01513772 0.73606229 0.06394195
v -0.03729830 0.73180139 0.08407547
v -0.03496211 0.70602000 0.07486076
v -0.01443826 0.71179235 0.05206434
v -0.07059325 0.87397075 0.10951497
v -0.10690791 0.89380080 0.09755746
v -0.10859899 0.86943078 0.09967545
v -0.07781335 0.85125136 0.10803121
v -0.03783200 1.04426801 0.15336014
v -0.05789853 1.04770386 0.14890018
v -0.07680292 1.02658975 0.13863409
v -0.07770051 1.05114913 0.13903628
v -0.09777716 1.05455220 0.12248278
v -0.05185805 1.14615679 0.13898616
v -0.07546156 1.14632702 0.12681496
v -0.07504296 1.12354970 0.13155146
v -0.05163099 1.12254190 0.14355804
v -0.05217284 1.16951787 0.13267265
v -0.07589270 1.16923809 0.12153177
v -0.05037642 1.21351707 0.11831571
v -0.07440263 1.22708321 0.11250994
v -0.07408683 1.20953119 0.11112076
v -0.03648372 1.37389088 0.07108746
v -0.03585218 1.35912526 0.08136735
v -0.18223336 0.90355730 0.04308663
v -0.01304175 0.76807004 -0.06294823
v -0.00222371 0.75767577 -0.03025864
v -0.00626435 0.73132604 -0.03920330
v -0.02226911 0.73673028 -0.06830120
v -0.18478246 0.96534711 0.01714033
v -0.16497329 1.05573094 0.03767665
v -0.16446251 1.03564227 0.03872980
v -0.15794447 1.21715224 0.03268144
v -0.15661383 1.19443250 0.02645356
v -0.08510057 1.28966022 0.11913319
v -0.08662970 1.27672422 0.12102504
v -0.18204635 0.78696644 -0.05100416
v -0.12942989 0.65953839 0.08515536
v -0.12238347 0.63034040 0.07883110
v -0.08756614 0.63230449 0.08485533
v -0.09287582 0.66188061 0.09290539
v -0.00674952 0.68954349 0.01268595
v -0.01534491 0.68412483 0.04000235
v -0.01770290 0.65553617 0.02841681
v -0.01109607 0.65978146 0.00165855
v -0.01581434 0.62983125 -0.00672597
v -0.02053943 0.62452966 0.01972109
v -0.02058496 0.59495836 0.01025227
v -0.01821552 0.60093051 -0.01530730
v -0.16371806 0.69391257 0.06352584
v -0.16778593 0.63868791 0.02384569
v -0.15203880 0.63175565 0.05706855
v -0.15844651 0.66134399 0.06041481
v -0.17396635 0.66923064 0.02524429
v -0.12142095 0.72410935 -0.08808531
v -0.00338406 0.71745604 0.02455185
v -0.00237163 0.74040478 0.03706870
v -0.02075238 0.66652256 -0.05163421
v -0.03866682 0.66824520 -0.07388335
v -0.03119665 0.70121694 -0.07150716
v -0.01303998 0.69872785 -0.04607474
v -0.14613150 0.66205531 -0.06886469
v -0.16233191 0.65682954 -0.04389856
v -0.16659343 0.68666375 -0.04549517
v -0.14778621 0.69143212 -0.07062510
v -0.17586643 0.67889923 -0.01212194
v -0.16969095 0.64830011 -0.01167399
v -0.15553051 0.58068818 0.02133728
v -0.13735069 0.57538605 0.04900844
v -0.14515673 0.60332769 0.05316587
v -0.16148208 0.60951102 0.02263831
v -0.15901761 0.59027195 -0.01174636
v -0.16396061 0.61919755 -0.01159319
v -0.15859568 0.62768656 -0.04286806
v -0.15526454 0.59903061 -0.04132419
v -0.14119413 0.60582328 -0.06389473
v -0.14402457 0.63416594 -0.06674872
v -0.12220626 0.63748324 -0.08300877
v -0.12185398 0.61008978 -0.07973458
v -0.09628561 0.63933372 -0.08948732
v -0.06937626 0.63988543 -0.08625443
v -0.07463389 0.61238664 -0.08394458
v -0.09875019 0.61197567 -0.08635694
v -0.03382691 0.60850012 -0.05981696
v -0.05162279 0.61097270 -0.07574038
v -0.04519559 0.63865459 -0.07496577
v -0.02778115 0.63646090 -0.05587950
v -0.05675774 0.49989384 -0.07178923
v -0.07516853 0.50263262 -0.07582450
v -0.06845033 0.53034031 -0.07626732
v -0.04856902 0.52779508 -0.07102750
v -0.09277119 0.50460607 -0.08140598
v -0.11156484 0.50502920 -0.08118021
v -0.10637053 0.53169823 -0.07903672
v -0.08751413 0.53141034 -0.07916394
v -0.13832049 0.52514738 -0.05619066
v -0.12389114 0.52981228 -0.07179871
v -0.12851354 0.50320274 -0.07364543
v -0.14171807 0.49840456 -0.05786221
v -0.15396261 0.49210179 -0.03852510
v -0.15332039 0.51829356 -0.03778144
v -0.15172781 0.48413050 -0.01337621
v -0.15455204 0.50966334 -0.01289815
v -0.13954923 0.50235701 0.01476699
v -0.13930449 0.47715712 0.01417340
v -0.02337544 0.51229614 -0.02010628
v -0.02858163 0.48488659 -0.02644063
v -0.02985029 0.49130690 -0.04698782
v -0.02304240 0.51860094 -0.04004674
v -0.05060709 0.50268906 0.02148184
v -0.06764666 0.49996650 0.04474134
v -0.06828293 0.47438532 0.03409968
v -0.05233300 0.47686982 0.01209873
v -0.15547787 0.56298918 -0.01223380
v -0.14965013 0.55367082 0.01948320
v -0.13838929 0.57826531 -0.06038830
v -0.15267769 0.57154161 -0.03960762
v -0.03841930 0.58165348 -0.06420988
v -0.05719430 0.58421552 -0.07643710
v -0.02112737 0.56668770 0.00042799
v -0.01921165 0.57272518 -0.02352684
v -0.09886521 0.52190983 0.05872280
v -0.10306922 0.54808515 0.06192754
v -0.13072838 0.54867697 0.04656764
v -0.12630638 0.52262980 0.04450803
v -0.15563545 0.53602320 -0.01230403
v -0.15196805 0.54479086 -0.03860182
v -0.13740568 0.55149430 -0.05736238
v -0.12178155 0.55629283 -0.07294858
v -0.10311951 0.55831045 -0.07982136
v -0.08326577 0.55865800 -0.07936434
v -0.06275490 0.55772650 -0.07641136
v -0.04317521 0.55503720 -0.06780691
v -0.02051767 0.54559427 -0.03217297
v -0.02196157 0.53890604 -0.01010940
v -0.09446369 0.47261059 0.04408444
v -0.09586750 0.49614388 0.05351852
v -0.12362020 0.49751580 0.04059515
v -0.12213171 0.47313482 0.03607634
v -0.09441151 0.45163405 0.03238103
v -0.07293481 0.45275044 0.02238050
v -0.09842464 0.47657073 -0.08543591
v -0.11664391 0.47680509 -0.08355354
v -0.13327713 0.47504818 -0.07614324
v -0.15564841 0.46538633 -0.03974288
v -0.15031762 0.45738971 -0.01227838
v -0.13570023 0.45130473 0.01328354
v -0.11801284 0.45193034 0.02927545
v -0.04493661 0.43536156 -0.05413440
v -0.03927805 0.46402448 -0.04997937
v -0.03744883 0.45899534 -0.03152701
v -0.04434391 0.43139023 -0.03588270
v -0.06695239 0.44202793 -0.08211807
v -0.08393769 0.44523060 -0.09170020
v -0.08079206 0.47435933 -0.07952565
v -0.06453854 0.47171718 -0.07169358
v -0.10404634 0.44695252 -0.09475744
v -0.12309489 0.44704807 -0.09080168
v -0.14057851 0.44623899 -0.08203785
v -0.15872633 0.43682802 -0.04001358
v -0.14791359 0.47152489 -0.06098660
v -0.15406695 0.44299775 -0.06484634
v -0.15156744 0.42907995 -0.00844452
v -0.12910406 0.39254910 0.01175988
v -0.12737048 0.42271215 0.01492590
v -0.15472077 0.39898312 -0.00820423
v -0.10226736 0.29371631 -0.00187179
v -0.12985013 0.29558849 -0.00104454
v -0.12624098 0.26021451 -0.00791533
v -0.10241833 0.25818402 -0.00841103
v -0.04640481 0.40160590 -0.04009534
v -0.04550604 0.40453362 -0.06165319
v -0.06671381 0.41028339 -0.09274960
v -0.08648196 0.41360444 -0.10168194
v -0.16823858 0.37541103 -0.04446093
v -0.16461426 0.40680444 -0.04011116
v -0.16018385 0.41239721 -0.06757544
v -0.16375577 0.38035607 -0.07197192
v -0.04677636 0.30199981 -0.05252696
v -0.04679733 0.30349392 -0.07347614
v -0.04356411 0.33821344 -0.07202034
v -0.04368811 0.33617538 -0.04898683
v -0.08501666 0.38005811 -0.10983621
v -0.06523134 0.37667543 -0.09981769
v -0.06563112 0.34257692 -0.10429099
v -0.08554930 0.34525830 -0.11329532
v -0.16335109 0.30491829 -0.04921177
v -0.16765079 0.34131104 -0.04724886
v -0.16424039 0.34559250 -0.07443202
v -0.16072665 0.30817878 -0.07462462
v -0.13116813 0.36254722 0.00904770
v -0.15773974 0.36843812 -0.01232705
v -0.15722610 0.33573550 -0.01664730
v -0.13262567 0.32998490 0.00416844
v -0.10113997 0.36084211 0.00727459
v -0.10256638 0.32855678 0.00325419
v -0.06128934 0.22870845 -0.07145293
v -0.05394225 0.26688612 -0.07262384
v -0.05396354 0.26451004 -0.05426803
v -0.06137754 0.22530830 -0.05516431
v -0.08794565 0.30896866 -0.11177723
v -0.06853896 0.30698812 -0.10283226
v -0.07347411 0.26956934 -0.09879654
v -0.09035301 0.27108806 -0.10644379
v -0.15045555 0.22616869 -0.05181072
v -0.15717234 0.26627111 -0.05084994
v -0.15459368 0.26858681 -0.07392948
v -0.14728737 0.22849041 -0.07334910
v -0.12302342 0.22173381 -0.01486849
v -0.14846848 0.26327044 -0.02415222
v -0.14322908 0.22374362 -0.02895668
v -0.11879151 0.18365622 -0.01867140
v -0.10086537 0.18222022 -0.01826807
v -0.10166076 0.22025424 -0.01487774
v -0.06788792 0.18865442 -0.05571340
v -0.06628764 0.19128197 -0.07073916
v -0.07762026 0.19412434 -0.09144253
v -0.09078185 0.19624573 -0.09862440
v -0.09137425 0.23311919 -0.10172591
v -0.07675450 0.23138243 -0.09460410
v -0.12605019 0.23063248 -0.09919672
v -0.10891517 0.23273468 -0.10348027
v -0.10694733 0.19594276 -0.10014132
v -0.12235835 0.19381839 -0.09531210
v -0.13947168 0.19175619 -0.07196638
v -0.13916428 0.22974133 -0.08924989
v -0.13266124 0.19290775 -0.08589689
v -0.14325090 0.18976086 -0.05201558
v -0.13685103 0.18614215 -0.03030677
v -0.00191245 0.79343462 -0.03465544
v 0.00010906 0.78252280 -0.00051101
v -0.00058350 0.77413619 -0.01681766
v -0.00596100 0.78760165 -0.05127083
v -0.03348697 0.64670092 0.05516639
v -0.03397632 0.67722422 0.06560299
v -0.03232833 0.58772832 0.03571973
v -0.03363567 0.61605960 0.04579194
v -0.03233637 0.55970800 0.02451292
v -0.03272253 0.53250986 0.01264472
v -0.03303401 0.50553364 0.00140126
v -0.03669875 0.47927982 -0.00708438
v -0.04454924 0.45373726 -0.01237690
v -0.05149964 0.42627513 -0.01507990
v -0.05565343 0.36743498 -0.02223128
v -0.04498496 0.36959553 -0.04549790
v -0.05593023 0.39782381 -0.01865867
v -0.05693557 0.29912519 -0.02877872
v -0.05476332 0.33456498 -0.02523217
v -0.06243499 0.26096648 -0.03359825
v -0.06873899 0.22193831 -0.03740746
v -0.07494648 0.18555391 -0.03933271
v -0.07433467 0.78519595 0.10945316
v -0.04401303 0.77889365 0.09967029
v -0.04824939 0.79722953 0.10470091
v -0.07761602 0.80898130 0.11090928
v -0.00390894 0.79757631 0.03382608
v -0.00623762 0.79697967 0.05209790
v -0.00574328 0.79365742 0.04834402
v -0.00283046 0.79516351 0.02968387
v -0.14474936 0.52789426 0.01763749
v -0.12146573 0.58286923 -0.07575734
v -0.10079454 0.58494836 -0.08218636
v -0.07896882 0.58533889 -0.08137871
v -0.04756171 0.52718937 0.03558841
v -0.04960073 0.55378956 0.04664412
v -0.07282635 0.55015188 0.06130756
v -0.06984905 0.52479571 0.05302592
v -0.09867612 0.38849109 0.01113079
v -0.07613974 0.36346632 -0.00534964
v -0.07434397 0.39265150 -0.00076983
v -0.09775843 0.41338354 0.01625149
v -0.12920666 0.41655266 -0.09975147
v -0.14756125 0.41588873 -0.08823816
v -0.10898528 0.38296968 -0.11214738
v -0.13229695 0.38447255 -0.10793797
v -0.10800932 0.41579264 -0.10272920
v -0.05465229 0.60771912 0.06595211
v -0.08275394 0.60375255 0.07598712
v -0.07778463 0.57633990 0.06777553
v -0.05138727 0.58070511 0.05616823
v -0.13913991 1.13003576 -0.07726884
v -0.12253074 1.13368607 -0.09484030
v -0.14719342 1.24703515 0.07304256
v -0.15205011 1.23304546 0.05652726
v -0.13913867 1.22581244 0.07022823
v -0.13662590 1.23978877 0.08265661
v -0.16079207 1.24441135 0.04627729
v -0.15508531 1.25739050 0.06412768
v -0.16036141 1.27037883 0.05490613
v -0.16582191 1.25786209 0.03741033
v -0.17968118 1.31214738 0.00616389
v -0.18316504 1.31958985 0.00190382
v -0.05175232 1.19219232 0.12570123
v -0.02589226 1.19103777 0.13093631
v -0.02516582 1.21233821 0.12299947
v -0.07457627 1.00254500 0.13640207
v -0.08050645 0.90683919 0.11199628
v -0.04652667 0.87378883 0.12122180
v -0.05577203 0.90237623 0.12232825
v -0.00817362 0.81468487 0.10022061
v -0.06056843 1.18814921 -0.13299276
v -0.06275880 1.21250844 -0.13714808
v -0.03733601 1.39688909 -0.13985267
v -0.01814663 1.39270556 -0.13641053
v -0.03619229 1.42519236 -0.13176975
v -0.03557970 1.43778789 -0.12741032
v -0.01739427 1.43238509 -0.12588681
v -0.01773572 1.42005551 -0.13009323
v -0.01868116 1.48621237 -0.09831262
v -0.01993144 1.47657394 -0.10572566
v -0.00174696 0.79901946 0.01090724
v -0.00172078 0.79177403 0.02357942
v -0.00103152 0.79817545 -0.00079238
v -0.01758096 0.75669324 0.07424294
v -0.00386155 0.75814480 0.04931027
v -0.00662483 0.77199548 0.05804909
v -0.02087824 0.77364933 0.08226164
v -0.18821353 0.80952466 0.03369978
v -0.19600557 0.81892002 -0.00772660
v -0.09013000 0.78360331 -0.10637681
v -0.24361080 1.23021650 -0.08205277
v -0.25224411 1.23467672 -0.09265454
v -0.23585168 1.25030804 -0.09367157
v -0.22713599 1.24613678 -0.08180404
v -0.06557677 1.29026294 -0.14864343
v -0.07429418 1.26296425 -0.14419752
v -0.08709785 1.47500122 -0.02042367
v -0.16308863 1.48241961 -0.02738130
v -0.16253816 1.46950209 0.00088044
v -0.14906713 1.47167981 -0.00193772
v -0.14857610 1.48479092 -0.03006148
v -0.15494676 1.43303406 -0.11407556
v -0.15648605 1.45015657 -0.10053878
v -0.14148670 1.45029020 -0.10678905
v -0.13941434 1.43127406 -0.11977011
v -0.03136405 0.92787850 -0.15266672
v -0.06279730 0.92784446 -0.15345940
v -0.04129959 1.12067962 -0.11563171
v -0.06393134 1.11852980 -0.11612120
v -0.06040893 1.14107144 -0.12220192
v -0.03838781 1.14402807 -0.12207548
v -0.09836269 1.27731967 -0.14199604
v -0.11585686 1.26132905 -0.13277358
v -0.03483962 1.29070139 0.11731070
v -0.03437287 1.31125748 0.11003363
v -0.05213529 1.31512535 0.10999525
v -0.05242126 1.29670370 0.11767709
v -0.23778154 1.29004383 -0.10817602
v -0.21669337 1.29760218 -0.10687433
v -0.21147554 1.28715944 -0.10112479
v -0.22927453 1.27461004 -0.10309923
v -0.18488024 0.82725114 -0.05449744
v -0.15835200 0.81028521 -0.08773784
v -0.15360650 1.16263533 -0.06090722
v -0.13982728 1.16652930 -0.08577955
v -0.13775046 1.14805746 -0.08200224
v -0.15224807 1.14435446 -0.05818559
v -0.16403213 1.21190798 -0.06066207
v -0.15990752 1.19665861 -0.06143086
v -0.16928294 1.22579110 -0.06087958
v -0.18497415 1.31521869 -0.08233116
v -0.18670270 1.31048918 -0.07149075
v -0.18872310 1.31583881 -0.07414678
v -0.04005969 0.75735992 0.09314498
v -0.05117913 0.82945061 0.10925238
v -0.04499824 0.84284043 0.11122833
v -0.00260635 0.80105877 0.01776694
v -0.06503527 1.49097490 -0.02065493
v -0.05979483 1.48600054 -0.00354734
v -0.19302417 1.30222213 -0.05264363
v -0.19406168 1.28994370 -0.05827358
v -0.18566857 1.29002178 -0.05242861
v -0.18443742 1.29429770 -0.03317547
v -0.18686672 1.30065012 -0.03493383
v -0.18749818 1.29702938 -0.05418288
v -0.18608329 1.29753423 -0.07069567
v -0.18432945 1.28980827 -0.06994376
v -0.15132628 1.37547684 0.05061737
v -0.13879408 1.37923479 0.05261328
v -0.14030245 1.39916706 0.04188529
v -0.15292642 1.39529026 0.04089781
v -0.12512407 1.38051915 0.05526772
v -0.10967535 1.38109589 0.05908635
v -0.11188888 1.40020514 0.04686419
v -0.12697929 1.40004623 0.04365171
v -0.08387414 1.45539021 0.00419814
v -0.06638244 1.44576311 0.01977101
v -0.04603105 1.43845880 0.02938898
v -0.02822646 1.43450952 0.03505633
v -0.01987866 1.46677601 -0.11233208
v -0.01872778 1.45469010 -0.11697162
v -0.03825752 1.45919991 -0.11761907
v -0.04307113 1.47139645 -0.11033566
v -0.05231266 1.47197962 0.00903483
v -0.03743985 1.46764970 0.02131787
v -0.02417802 1.45390368 0.02831370
v -0.30385575 1.28463173 -0.02960869
v -0.29029527 1.30514133 -0.02929068
v -0.06468534 1.50312555 -0.05611636
v -0.06766822 1.49810743 -0.03780347
v -0.29608583 1.30838311 -0.04829475
v -0.30922413 1.28760982 -0.04778603
v -0.13334763 1.44715226 0.01567522
v -0.13573173 1.47085190 -0.00415708
v -0.14687671 1.44904768 0.01705547
v -0.04966220 1.48154891 0.01177782
v -0.03530273 1.47751033 0.02369703
v -0.19579566 0.85313022 -0.00006170
v -0.18685324 0.84295279 0.03663416
v -0.16049789 1.11568439 0.02945693
v -0.16498570 1.11968207 0.00165581
v -0.02663560 1.14536309 0.14548846
v -0.02661266 1.12134790 0.15019466
v -0.00801831 1.48207295 0.03690009
v -0.05473305 1.07302940 0.14876971
v -0.03013104 1.06870151 0.15362187
v -0.02774009 1.09578717 0.15266849
v -0.05250382 1.09826350 0.14680806
v -0.02199357 1.04219294 0.15357037
v -0.02031722 1.03004074 0.15339047
v -0.02331907 0.85464698 0.12469564
v -0.01170478 0.85505146 0.12858255
v -0.23760407 1.34410059 0.00523988
v -0.22947936 1.36104620 0.00846930
v -0.23898523 1.37719691 -0.00211720
v -0.24805708 1.35842717 -0.00652722
v -0.07646843 1.07627761 0.13763887
v -0.09732830 1.07873881 0.12012637
v -0.17459100 1.31395650 0.02763578
v -0.17602418 1.30403304 0.00955798
v -0.02396028 1.23442650 0.12004626
v -0.06896802 1.30163491 0.11641130
v -0.06920831 1.31737602 0.10834365
v -0.08548681 1.31871653 0.10535796
v -0.08481769 1.30420756 0.11346534
v -0.00201907 0.80056274 0.00925684
v -0.23460025 1.36899316 -0.10318760
v -0.22594780 1.37866592 -0.10568008
v -0.22142434 1.36814225 -0.11000184
v -0.23041548 1.35942662 -0.10750224
v 0.00066363 0.76331306 0.01756207
v 0.00033495 0.74726766 0.00444573
v -0.01485848 0.80211437 -0.07720691
v -0.00403291 0.80443406 -0.05775174
v -0.06335133 0.69867122 0.09267091
v -0.06732119 0.72958559 0.10007071
v -0.05974294 0.66744828 0.08471473
v -0.05720259 0.63670957 0.07541552
v -0.05908715 0.45135641 0.00461349
v -0.07039242 0.42259818 0.00568660
v -0.07736655 0.33088410 -0.00937803
v -0.07885133 0.29610801 -0.01443346
v -0.08131479 0.25860810 -0.01928524
v -0.08386225 0.21989906 -0.02491387
v -0.08605390 0.18281817 -0.02638690
v -0.30942282 1.28563750 -0.06625252
v -0.29607791 1.30794382 -0.06864145
v -0.29114687 1.29995108 -0.08412319
v -0.30555043 1.27933633 -0.08149475
v -0.21091713 1.26362109 -0.04959042
v -0.21598704 1.27001762 -0.03237498
v -0.22737692 1.25260508 -0.03472229
v -0.22332671 1.24779797 -0.05171042
v -0.23677076 1.23072016 -0.05362508
v -0.23802742 1.22901225 -0.06887339
v -0.22296427 1.24552929 -0.06759241
v -0.26313007 1.24292111 -0.10018697
v -0.27471954 1.25263035 -0.10336297
v -0.25768295 1.27066672 -0.10514610
v -0.24675305 1.25864255 -0.10164847
v -0.29761767 1.27127850 -0.09371556
v -0.28300843 1.29032743 -0.09524192
v -0.27164575 1.28072119 -0.10276359
v -0.28689760 1.26190412 -0.10146458
v -0.25536788 1.24814773 -0.01032864
v -0.24575603 1.24038804 -0.02223385
v -0.23387700 1.25976515 -0.01905443
v -0.24322793 1.26789594 -0.00685424
v -0.24789912 1.38982344 -0.01928767
v -0.25686365 1.36886466 -0.02308806
v -0.18680997 1.34261453 0.01444342
v -0.19069213 1.35749507 0.02516334
v -0.19729306 1.35168469 0.02186007
v -0.19234125 1.34179032 0.00951171
v -0.26755118 1.31919479 -0.01121517
v -0.25714868 1.33904290 -0.00885944
v -0.26634207 1.34761620 -0.02602124
v -0.27751273 1.32610607 -0.02836354
v -0.23050135 1.28661990 -0.00233736
v -0.22234905 1.27817428 -0.01560709
v -0.21220750 1.29588914 -0.01168229
v -0.21971437 1.30415010 0.00272752
v -0.21917374 1.26555848 -0.09321523
v -0.20335633 1.27952743 -0.09041149
v -0.21815678 1.34367132 0.01518681
v -0.22422636 1.32852376 0.01105083
v -0.17047490 1.30455208 0.03155525
v -0.18135081 1.27975070 -0.02829077
v -0.18279269 1.28775358 -0.03111901
v -0.13593623 1.25523698 0.09157202
v -0.13655446 1.27058947 0.09473462
v -0.17079709 1.24843478 0.01425937
v -0.17362078 1.26283598 0.00553916
v -0.14401953 1.26099992 0.08377696
v -0.14182240 1.27129650 0.08845752
v -0.09510477 1.18914056 0.10320817
v -0.02538759 1.44397712 0.02935417
v -0.24563085 1.32647932 0.00247130
v -0.23169628 1.31442153 0.00706563
v -0.20272730 1.30601037 -0.10395081
v -0.19304922 1.31383336 -0.10038231
v -0.18993413 1.30724466 -0.09271497
v -0.19775589 1.29823136 -0.09708609
v -0.13351263 1.30047584 -0.13230857
v -0.11733787 1.28917384 -0.13784839
v -0.13097616 1.27496886 -0.12851930
v -0.14420216 1.28752637 -0.12355635
v -0.24462128 1.37950468 -0.09006856
v -0.25152609 1.38052392 -0.07917739
v -0.24195942 1.39723933 -0.07877061
v -0.23576343 1.39270401 -0.09103158
v -0.24786642 1.39942348 -0.06252401
v -0.25803536 1.37958896 -0.06379075
v -0.26088715 1.37551856 -0.04409956
v -0.25106376 1.39714515 -0.04162487
v -0.18174058 0.89668763 -0.05334428
v -0.19142824 0.89221805 -0.02332645
v -0.15138134 1.02708840 0.06194567
v -0.13474622 1.01960003 0.08308451
v -0.10912316 0.91846228 0.09881382
v -0.02658579 0.79876709 0.09270085
v -0.01005652 0.78970420 0.06683183
v -0.00179566 0.72375333 -0.00691724
v -0.19357516 0.88563502 0.00691105
v -0.00608497 0.69432783 -0.01678501
v -0.01242995 0.66367024 -0.02536123
v -0.06479952 0.66854453 -0.08709019
v -0.09370957 0.66740239 -0.09099660
v -0.09113734 0.69751763 -0.09204600
v -0.05930666 0.70087677 -0.08772495
v -0.12222704 0.66526008 -0.08479600
v -0.12214354 0.69446731 -0.08613387
v -0.10901996 0.57493365 0.06570262
v -0.10905728 0.34739548 -0.11574218
v -0.13105872 0.31032497 -0.10835452
v -0.13234875 0.34906256 -0.11093979
v -0.10971039 0.30981958 -0.11359297
v -0.15156491 0.34846658 -0.09653877
v -0.15121032 0.38373291 -0.09376917
v -0.15359490 0.30076891 -0.01972868
v -0.11000229 0.27154195 -0.10843700
v -0.12908962 0.27059418 -0.10322454
v -0.14926253 0.31028235 -0.09485342
v -0.14474447 0.27004898 -0.09185114
v -0.00103950 0.77448714 0.03010925
v -0.16922379 0.80187505 0.07038895
v -0.16768950 0.83290046 0.07216483
v -0.10978349 0.84459555 0.10468215
v -0.07929511 0.83064502 0.11006014
v -0.11540908 1.10340631 0.09540562
v -0.13398317 1.10652220 0.07543042
v -0.13070048 1.14917421 0.07113169
v -0.14615060 1.15205920 0.05005974
v -0.14776084 1.13161755 0.05182115
v -0.13218737 1.12771428 0.07304953
v -0.16264199 1.15701687 -0.00343964
v -0.16148283 1.15958428 -0.03297778
v -0.16125721 1.14121234 -0.03067632
v -0.16307795 1.13830602 -0.00130513
v -0.16308168 1.12315595 -0.02733342
v -0.15408531 1.12641084 -0.05434135
v -0.08168194 1.16032231 -0.12236018
v -0.10200407 1.15633905 -0.11332151
v -0.10329828 1.17765081 -0.11833729
v -0.08266205 1.18312204 -0.12736154
v -0.03428091 0.85132182 0.11821711
v -0.00394006 0.78830665 0.04416408
v -0.07124481 0.75878978 0.10576229
v -0.10796920 0.78995037 0.11059143
v -0.14201552 0.79365551 0.09775560
v -0.19529842 1.30771542 -0.03660171
v -0.16625369 1.32359850 -0.12031663
v -0.16897866 1.31070054 -0.11392643
v -0.26812205 1.35915971 -0.06663089
v -0.27088499 1.35455024 -0.04668522
v -0.21157199 1.31876063 0.00810613
v -0.23079950 1.39353395 0.00178646
v -0.22128965 1.37556481 0.01284383
v -0.21334124 1.38945889 0.01711388
v -0.13601831 0.90705991 0.08345570
v -0.16317831 0.89321244 0.06828961
v -0.13805719 0.88223916 0.08730470
v -0.00178157 0.80413198 -0.03782694
v -0.05112092 0.81411946 0.10766508
v -0.01787359 0.63364464 -0.03235694
v -0.02206461 0.60509074 -0.03901823
v -0.02519929 0.57782686 -0.04588374
v -0.02835144 0.55096370 -0.05239399
v -0.03262320 0.52400273 -0.05820645
v -0.04041398 0.49684334 -0.06259194
v -0.04956189 0.46893066 -0.06335688
v -0.05375230 0.43914413 -0.06946187
v -0.04409955 0.37189227 -0.06739126
v -0.05155650 0.37438554 -0.08590400
v -0.05285389 0.40764493 -0.07929047
v -0.05153218 0.34006542 -0.09014855
v -0.05427849 0.30500454 -0.09038344
v -0.06138036 0.26828831 -0.08724186
v -0.06694476 0.23049843 -0.08426933
v -0.06984178 0.19324720 -0.08193799
v -0.00186491 0.80470490 -0.00578321
v -0.00178170 0.80471992 -0.02065852
v -0.11775375 1.44324553 0.01409369
v -0.18168226 1.30265939 -0.01339467
v -0.18468912 1.30902898 -0.01622832
v -0.20607886 1.33093834 0.01320226
v -0.26850238 1.30742860 -0.09864239
v -0.27620170 1.31912577 -0.08901252
v -0.20419270 1.31143475 -0.00678438
v -0.18727724 1.33032548 -0.00034137
v -0.19111517 1.33589268 -0.00611587
v -0.41940477 1.11488307 -0.05224143
v -0.42142299 1.11850834 -0.06725895
v -0.42946464 1.09830415 -0.06615637
v -0.42633778 1.09456706 -0.05224508
v -0.41168439 1.10880828 -0.04025774
v -0.41821927 1.08892250 -0.04208353
v -0.35244453 1.07481968 -0.05594192
v -0.36080337 1.08051848 -0.04343987
v -0.37164155 1.06304753 -0.04863032
v -0.36408585 1.05798399 -0.06145110
v -0.41402596 1.06334651 -0.03842058
v -0.40209913 1.05729580 -0.03876555
v -0.39383730 1.07549942 -0.03488244
v -0.40686676 1.08215404 -0.03591806
v -0.35243168 1.07580853 -0.08967128
v -0.36029252 1.08275509 -0.10191260
v -0.34644362 1.09769678 -0.09860230
v -0.33924109 1.09106767 -0.08493026
v -0.31100801 1.15119708 -0.03317388
v -0.30344659 1.14263475 -0.04483967
v -0.29489940 1.15804458 -0.03870209
v -0.30394128 1.16765058 -0.02890110
v -0.40417373 1.15663457 -0.05177801
v -0.40301666 1.15917373 -0.06800748
v -0.41265610 1.13891637 -0.06771120
v -0.41203344 1.13569009 -0.05184261
v -0.36914450 1.13537872 -0.02525080
v -0.35349262 1.12692165 -0.02776560
v -0.34452063 1.14936686 -0.02618751
v -0.36030787 1.15827203 -0.02441262
v -0.39542088 1.17872357 -0.05319410
v -0.39185190 1.17897773 -0.06892641
v -0.38591537 1.09419882 -0.03091103
v -0.37203497 1.08727336 -0.03503586
v -0.36286303 1.10641468 -0.03070636
v -0.37788472 1.11390197 -0.02754844
v -0.37980700 1.04615366 -0.09478185
v -0.38827905 1.05277228 -0.10446931
v -0.37442294 1.06783283 -0.10372825
v -0.36600035 1.06097734 -0.09287977
v -0.39150304 1.05173934 -0.04424152
v -0.38277510 1.04636502 -0.05352594
v -0.38168192 1.06923771 -0.03983280
v -0.43187547 1.07854044 -0.09190764
v -0.43660128 1.07975650 -0.07915843
v -0.42772731 1.09968615 -0.08119254
v -0.42117417 1.09769714 -0.09447755
v -0.33044776 1.11149693 -0.04457319
v -0.34004596 1.11873996 -0.03406612
v -0.35014173 1.09893346 -0.03826376
v -0.34126347 1.09267151 -0.05023155
v -0.39772549 1.15177596 -0.03721800
v -0.40483791 1.12967610 -0.03870872
v -0.40976071 1.11575425 -0.09581448
v -0.41826057 1.11960113 -0.08264284
v -0.40747675 1.13887501 -0.08318157
v -0.39782164 1.13489974 -0.09679561
v -0.37109748 1.14313793 -0.10492010
v -0.35616526 1.13252079 -0.10555675
v -0.37065566 1.11769199 -0.10769871
v -0.38483357 1.12724102 -0.10547730
v -0.32049608 1.13141334 -0.03915782
v -0.31384215 1.12464023 -0.05270810
v -0.32651293 1.10675383 -0.07873417
v -0.33270562 1.11262131 -0.09376397
v -0.31912607 1.12750518 -0.08753848
v -0.31349912 1.12259197 -0.07122485
v -0.36027199 1.20548499 -0.03100415
v -0.37091193 1.21063781 -0.04236349
v -0.38009453 1.19458699 -0.03916792
v -0.36784124 1.18811917 -0.02829480
v -0.38453278 1.19881797 -0.05561367
v -0.37393457 1.21481180 -0.05903460
v -0.34923542 1.22993922 -0.07640088
v -0.33849019 1.22364545 -0.08452359
v -0.34582138 1.21426308 -0.08236286
v -0.35777646 1.22106957 -0.07516595
v -0.34198058 1.17051947 -0.10297482
v -0.32660100 1.16037560 -0.09933139
v -0.34145886 1.14698601 -0.10276093
v -0.35676539 1.15745115 -0.10422198
v -0.30161059 1.16136646 -0.08765766
v -0.29370856 1.15286648 -0.07418163
v -0.30554080 1.14098787 -0.08068737
v -0.31441811 1.14991963 -0.09247664
v -0.26425359 1.20020807 -0.07271013
v -0.26069519 1.19883168 -0.05860511
v -0.26930606 1.18560290 -0.06090484
v -0.27351603 1.18835449 -0.07505776
v -0.27528840 1.19368839 -0.03009699
v -0.26701406 1.20669019 -0.02796954
v -0.27689591 1.21373713 -0.01697495
v -0.28526995 1.20113969 -0.01975019
v -0.33142671 1.24696910 -0.03272542
v -0.33756423 1.25151753 -0.04967308
v -0.34716564 1.24164045 -0.04839640
v -0.34000200 1.23607016 -0.03301416
v -0.32938471 1.18117261 -0.10124227
v -0.31270698 1.17311227 -0.09592658
v -0.28180996 1.18225002 -0.03216434
v -0.29196531 1.19069386 -0.02273585
v -0.29781860 1.18043947 -0.02592574
v -0.28800890 1.17142069 -0.03511357
v -0.31806588 1.21054018 -0.02247153
v -0.33301532 1.21919084 -0.02569140
v -0.33867955 1.20929825 -0.02680186
v -0.32370245 1.20016849 -0.02567308
v -0.34684741 1.22737122 -0.03277208
v -0.35501045 1.23263514 -0.04679760
v -0.36293605 1.22396731 -0.04500267
v -0.35318998 1.21766889 -0.03212874
v -0.32176751 1.18951714 -0.10061665
v -0.33256343 1.19705772 -0.09748025
v -0.32433423 1.20325065 -0.09717957
v -0.31378970 1.19577825 -0.09993979
v -0.29063401 1.17039931 -0.08222458
v -0.28456074 1.16387594 -0.06821197
v -0.32970127 1.18742228 -0.02740484
v -0.31615490 1.17740667 -0.02558876
v -0.31045032 1.19010699 -0.02273957
v -0.36487037 1.22600913 -0.06154194
v -0.27090710 1.20338750 -0.08395369
v -0.27846083 1.20863557 -0.09323397
v -0.26750982 1.21956074 -0.09250199
v -0.25951165 1.21445060 -0.08291592
v -0.25366580 1.21194398 -0.07106052
v -0.25097659 1.21229696 -0.05644032
v -0.25775465 1.22130466 -0.02540722
v -0.26763070 1.22884965 -0.01400444
v -0.28037977 1.23806107 -0.00812260
v -0.29400998 1.24825847 -0.00880131
v -0.30418503 1.23251355 -0.01323026
v -0.29032120 1.22259843 -0.01190400
v -0.31778160 1.26436245 -0.03073704
v -0.32326707 1.26758587 -0.04854117
v -0.33642939 1.25111282 -0.06539999
v -0.32343730 1.26545489 -0.06561047
v -0.27604678 1.17580700 -0.04708151
v -0.26950294 1.18767560 -0.04472806
v -0.39794701 1.11029577 -0.10569869
v -0.38443935 1.10151994 -0.10891108
v -0.39777264 1.08500707 -0.10866378
v -0.41044581 1.09306884 -0.10436177
v -0.39890200 1.06046081 -0.10839935
v -0.38540065 1.07637560 -0.10876357
v -0.40000331 1.10161781 -0.03282243
v -0.39263007 1.12188089 -0.03028464
v -0.42492822 1.06939495 -0.04326629
v -0.34469733 1.19636548 -0.02754463
v -0.35193524 1.18052340 -0.02596192
v -0.32750463 1.21715474 -0.09178784
v -0.33065698 1.23206758 -0.08674490
v -0.32023591 1.22502315 -0.09467945
v -0.34340930 1.19079328 -0.09717713
v -0.35741413 1.18116498 -0.09671322
v -0.36848259 1.19010532 -0.08261165
v -0.35293764 1.20197153 -0.08385897
v -0.30598903 1.20161855 -0.09929575
v -0.31682780 1.20975399 -0.09795793
v -0.30910352 1.21680748 -0.09936322
v -0.29804924 1.20825386 -0.09917819
v -0.31881699 1.24007738 -0.02015153
v -0.32649896 1.22794521 -0.02341315
v -0.31107056 1.25323641 -0.09159148
v -0.32163209 1.24145353 -0.08881085
v -0.33036315 1.24688494 -0.07822403
v -0.31900328 1.25935769 -0.08004890
v -0.34000978 1.23805416 -0.07722708
v -0.30046594 1.24568212 -0.09943949
v -0.31149858 1.23425841 -0.09723313
v -0.30728504 1.25761962 -0.01641621
v -0.28861004 1.21690083 -0.09937475
v -0.30018508 1.22567427 -0.10068367
v -0.28899115 1.23678803 -0.10196668
v -0.27730381 1.22761631 -0.09920838
v -0.37165257 1.09214520 -0.10795608
v -0.35756883 1.10738599 -0.10568807
v -0.29096693 1.15172923 -0.05551148
v -0.30089387 1.13769555 -0.06276312
v -0.28269854 1.16441786 -0.05037247
v -0.34912512 1.07256949 -0.07285580
v -0.36205959 1.05703497 -0.07773264
v -0.32510373 1.10636830 -0.06008147
v -0.33692080 1.08903527 -0.06684956
v -0.38512638 1.15133882 -0.09637310
v -0.28836295 1.18559968 -0.08805618
v -0.28188384 1.17872763 -0.07781418
v -0.29799548 1.17899370 -0.09183578
v -0.25197333 1.21597266 -0.04022131
v -0.26157814 1.20121133 -0.04272920
v -0.31224072 1.18360066 -0.09891132
v -0.23843060 1.23437417 -0.03710845
v -0.36729467 1.21139526 -0.07389708
v -0.35565621 1.23394930 -0.06309404
v -0.34669894 1.24194407 -0.06439710
v -0.43726182 1.07824624 -0.06461453
v -0.38490528 1.14351618 -0.02789569
v -0.33621579 1.17133069 -0.02653055
v -0.32251167 1.16115618 -0.02810599
v -0.29607818 1.19311368 -0.09598412
v -0.28770739 1.19981527 -0.09454808
v -0.28004628 1.19345975 -0.08578892
v -0.31200629 1.21992731 -0.01798133
v -0.29836485 1.21006846 -0.01557610
v -0.37550256 1.04216039 -0.08103654
v -0.30460221 1.19971502 -0.01912551
v -0.37948862 1.19554818 -0.07012345
v -0.01813098 1.40673327 -0.13355118
v -0.16650979 1.23355889 0.02262072
v -0.12656105 1.20736086 0.07405839
v -0.14239858 1.21065736 0.05646087
v -0.17744423 1.28649449 -0.00633276
v -0.17956614 1.29555476 -0.01015012
v -0.18897939 1.31934500 -0.01793905
v -0.19144672 1.32820570 -0.02432164
v -0.16865076 1.27086866 0.02775706
v -0.07987498 1.63522410 -0.03809271
v -0.07833167 1.62818587 -0.04118389
v -0.08200794 1.64889991 -0.03761901
v -0.01934560 1.05566990 0.15288273
v -0.07790397 1.62015700 -0.02622003
v -0.07563459 1.61145997 -0.02864497
v -0.08078886 1.61551559 -0.02680144
v -0.07730240 1.62137651 -0.02436602
v -0.07738368 1.62261212 -0.02377107
v -0.08266291 1.65095115 -0.02671745
v -0.07638612 1.61930370 -0.04195552
v -0.07426190 1.60974503 -0.04043395
v -0.08017781 1.63713574 -0.02075003
v -0.05283456 1.04898405 -0.11149827
v -0.02756628 1.04800475 -0.11040294
v -0.02974568 1.02937448 -0.11783874
v -0.05633828 1.03020310 -0.11670910
v -0.03196581 1.01120758 -0.12594119
v -0.15347651 0.97853780 -0.09566949
v -0.17065740 0.98076099 -0.07090680
v -0.16644031 1.00213337 -0.06902387
v -0.14995632 1.00052500 -0.09224863
v -0.17359011 1.01847410 -0.04306572
v -0.16149914 1.02038908 -0.06790750
v -0.17837879 1.00172424 -0.04201544
v -0.18315622 0.99651432 -0.01258782
v -0.17877418 1.01431668 -0.01441150
v -0.18090372 0.98713982 0.01598103
v -0.17629658 1.00657129 0.01429245
v -0.17213392 0.97596264 0.04163044
v -0.15709925 0.96484721 0.06456871
v -0.13604261 0.93126500 0.08322175
v -0.11201986 0.94387615 0.10074972
v -0.13638078 0.95370293 0.08394314
v -0.06217292 0.93024433 0.12580314
v -0.08640519 0.93517530 0.11467034
v -0.02061581 0.92579746 0.13864087
v -0.04036519 0.92734241 0.13372490
v -0.11435802 1.42108703 0.03202652
v -0.09280089 1.48567820 -0.08512343
v -0.10254315 1.48220372 -0.08513762
v -0.11216254 1.48764765 -0.06107326
v -0.12083309 1.42683041 -0.12589325
v -0.12305914 1.44700313 -0.11392570
v -0.10175447 1.43865395 -0.12497625
v -0.09961667 1.42008626 -0.13304189
v -0.08212190 1.47664285 -0.10054222
v -0.07689208 1.47936773 -0.09950072
v -0.08842214 1.47288823 -0.10292824
v -0.05467354 1.45461857 -0.12064411
v -0.07234584 1.46306753 -0.11479758
v -0.16040725 1.48046947 -0.05744460
v -0.15783301 1.46743035 -0.08247133
v -0.17071159 1.46472359 -0.07751846
v -0.17547891 1.47684991 -0.05340069
v -0.15310934 1.41563749 -0.12355760
v -0.15102910 1.39759970 -0.12969908
v -0.16436052 1.40035284 -0.12618847
v -0.16597866 1.41712487 -0.11962502
v -0.21719907 1.44827127 -0.04167566
v -0.21131951 1.44531333 -0.06517883
v -0.22473125 1.43278182 -0.06289950
v -0.22972332 1.43307614 -0.04018298
v -0.16723426 1.43334937 -0.10909937
v -0.08751985 1.29713452 -0.14741239
v -0.10747684 1.30534959 -0.14429198
v -0.12442320 1.31449103 -0.13877875
v -0.16393188 1.33765960 -0.12511009
v -0.15381020 1.33056033 -0.12903979
v -0.15742980 1.31553006 -0.12421794
v -0.17286274 1.34472466 -0.12134010
v -0.17959376 1.34833682 -0.11606208
v -0.20470199 1.36935806 0.02385367
v -0.19662422 1.37836480 0.02841900
v -0.20423533 1.40267050 0.02027376
v -0.18933888 1.34407580 -0.10627021
v -0.18409981 1.34626138 -0.10726817
v -0.18308027 1.33859754 -0.10336278
v -0.18778926 1.33776820 -0.10290433
v -0.14568198 1.48256898 -0.06116363
v -0.21911027 1.42563379 -0.08067107
v -0.20617287 1.43570817 -0.08267017
v -0.20262881 1.42386889 -0.09635386
v -0.21470045 1.41559708 -0.09377658
v -0.21039148 1.40588951 -0.10407082
v -0.19955234 1.41203618 -0.10742391
v -0.19607115 1.39997685 -0.11444942
v -0.20625626 1.39526200 -0.11086564
v -0.19159463 1.35162091 -0.10952158
v -0.18557985 1.35416448 -0.11093868
v -0.23920506 1.40805721 -0.01679155
v -0.19152890 1.46882498 -0.01973189
v -0.18772879 1.45296669 0.00569527
v -0.17506903 1.46307111 0.00407209
v -0.17731161 1.47752094 -0.02311023
v -0.19354352 1.31283081 -0.04755829
v -0.19493093 1.31968510 -0.02966991
v -0.19041178 1.30841541 -0.06375413
v -0.18390603 1.32225299 -0.09213391
v -0.18855327 1.30915833 -0.07765038
v -0.20176071 1.34179711 0.01777053
v -0.21186450 1.35783434 0.01912590
v -0.18214262 1.42787325 0.02111543
v -0.17071953 1.43801987 0.02028069
v -0.24123535 1.41592658 -0.04031753
v -0.23722054 1.41688681 -0.06216946
v -0.19532523 1.33761787 -0.10742448
v -0.19276381 1.33129668 -0.10464599
v -0.19906203 1.32595778 -0.10739514
v -0.18019769 1.31747937 -0.10077862
v -0.18230537 1.33120024 -0.09875660
v -0.18973194 1.47082949 -0.04925390
v -0.23083591 1.41223204 -0.07985057
v -0.22546829 1.40421748 -0.09287307
v -0.18887207 1.41570604 -0.11146411
v -0.19076322 1.42919016 -0.10046476
v -0.17931795 1.43221915 -0.10497449
v -0.17792270 1.41720486 -0.11567333
v -0.21618694 1.38785625 -0.10867601
v -0.21197948 1.37655509 -0.11226552
v -0.17608547 1.40189028 -0.12210376
v -0.18625639 1.40188360 -0.11805148
v -0.19825976 1.34522009 -0.11043996
v -0.15939301 1.44566202 0.01872835
v -0.15597785 1.41925633 0.02980961
v -0.14315253 1.42287111 0.02928591
v -0.17804675 1.40120256 0.03137307
v -0.16709581 1.41175354 0.03072741
v -0.18804505 1.38848758 0.03103029
v -0.12980184 1.42165112 0.02978155
v -0.30457202 1.18763638 -0.09780632
v -0.19642860 1.32004368 -0.10493017
v -0.20570278 1.31401622 -0.10722599
v -0.20692411 1.32108116 -0.10899733
v -0.25547713 1.29839396 -0.10523172
v -0.00099108 1.55873144 0.09699322
v -0.00038090 1.56460810 0.09950124
v 0.00053845 1.58573067 0.10008951
v 0.00061704 1.58959699 0.09912626
v -0.33426362 1.20929325 -0.08966962
v -0.33997425 1.20266938 -0.09025967
v -0.37147912 1.16754866 -0.09639660
v -0.39556512 1.15748429 -0.08311614
v -0.38263541 1.17449951 -0.08275764
v -0.38998204 1.17471623 -0.03735883
v -0.37690613 1.16730511 -0.02723474
v -0.33061188 1.13974166 -0.03067424
v -0.32871500 1.13664353 -0.09769282
v -0.44841525 1.03682578 -0.04890897
v -0.45365971 1.03988779 -0.06037542
v -0.46238559 1.02068579 -0.05762150
v -0.45552114 1.01736271 -0.04750665
v -0.46317476 0.99878412 -0.04535802
v -0.45333776 0.99432701 -0.04175491
v -0.44619831 1.01246440 -0.04204091
v -0.44348371 0.99059999 -0.04418804
v -0.43592191 1.00797343 -0.04269352
v -0.43490228 0.98771530 -0.05061384
v -0.42980176 0.98481047 -0.05911227
v -0.42057386 1.00070465 -0.05593064
v -0.42686597 1.00414276 -0.04778911
v -0.40533245 1.01386750 -0.06187304
v -0.41629589 0.99783546 -0.06584074
v -0.41416714 0.99628699 -0.07704553
v -0.40164399 1.01153541 -0.07359403
v -0.43381408 0.98552853 -0.09807268
v -0.44141328 0.98992556 -0.10258411
v -0.42921302 1.00545418 -0.10360523
v -0.42067954 1.00039244 -0.09831371
v -0.43632510 1.03312922 -0.10259285
v -0.42583054 1.02764225 -0.10549932
v -0.43909937 1.01092112 -0.10392300
v -0.44917032 1.01627254 -0.10101266
v -0.46126539 1.00089014 -0.10030135
v -0.46907204 1.00393248 -0.09171013
v -0.45756301 1.02018452 -0.09401409
v -0.43322644 1.07463682 -0.05214756
v -0.44076854 1.05569255 -0.05099399
v -0.43197924 1.05050349 -0.04310574
v -0.41865957 1.02140641 -0.04468271
v -0.41034326 1.03919625 -0.04173110
v -0.42118350 1.04472733 -0.03983198
v -0.42848817 1.02627492 -0.04111125
v -0.37651861 1.04217911 -0.06617473
v -0.39408305 1.03011334 -0.05787513
v -0.38910267 1.02684879 -0.07005268
v -0.41107327 1.01731288 -0.05198382
v -0.40140072 1.03440082 -0.04821911
v -0.40214160 1.01239729 -0.08646205
v -0.41575894 0.99736726 -0.08858021
v -0.45499018 1.04140532 -0.07341505
v -0.45233563 1.04080105 -0.08603200
v -0.46269482 1.02162910 -0.08291130
v -0.46443704 1.02208138 -0.07036117
v -0.38905171 1.02733278 -0.08378114
v -0.44207776 1.05950058 -0.08909516
v -0.44570312 1.06043458 -0.07645478
v -0.44586784 1.03825855 -0.09641847
v -0.43416542 1.05604601 -0.09887530
v -0.47346804 1.00439858 -0.06760710
v -0.47073737 1.00233924 -0.05489200
v -0.44562137 1.05939496 -0.06281008
v -0.40704510 1.01595199 -0.09744367
v -0.41566524 1.02160048 -0.10415117
v -0.40192759 1.03731275 -0.10449179
v -0.39350486 1.03115511 -0.09616870
v -0.41073290 1.06812835 -0.10728776
v -0.41245705 1.04456723 -0.10722996
v -0.42352536 1.05085826 -0.10501500
v -0.45112601 0.99565816 -0.10284381
v -0.42237458 1.07393909 -0.10155146
v -0.47924018 0.90956604 -0.05587947
v -0.47092667 0.91574132 -0.05422029
v -0.47214824 0.91008651 -0.04375330
v -0.48078725 0.90471518 -0.04601597
v -0.45295826 0.92240441 -0.03596064
v -0.45175171 0.93224406 -0.02794527
v -0.45797098 0.92432749 -0.01869770
v -0.45875815 0.91577727 -0.02569854
v -0.48414704 0.90263420 -0.03696886
v -0.47487357 0.90670919 -0.03486643
v -0.48719630 0.90608692 -0.03056760
v -0.49862489 0.90314960 -0.03415219
v -0.49289319 0.89890939 -0.03823325
v -0.50671631 0.89817464 -0.03589214
v -0.50497991 0.91409856 -0.03617944
v -0.51366073 0.90454602 -0.03994422
v -0.51192623 0.92500943 -0.06234319
v -0.51084691 0.92743647 -0.07370330
v -0.51854676 0.91430831 -0.07416347
v -0.51874655 0.91165936 -0.06219818
v -0.50937879 0.91892564 -0.09436496
v -0.51489741 0.91585648 -0.08443357
v -0.50783199 0.92943680 -0.08300608
v -0.50343686 0.93159914 -0.09204163
v -0.47791484 0.91634309 -0.07144926
v -0.47026995 0.92373693 -0.07172564
v -0.47077495 0.92115557 -0.06456943
v -0.47849685 0.91443038 -0.06505477
v -0.48721927 0.91078854 -0.01900472
v -0.49231774 0.91842592 -0.02688704
v -0.49282143 0.91143787 -0.02880241
v -0.48537946 0.90719223 -0.02075929
v -0.44869289 0.94016677 -0.08544384
v -0.44386977 0.95182765 -0.08379260
v -0.44451186 0.95176762 -0.07429038
v -0.44914871 0.94131005 -0.07711733
v -0.44481459 0.94656277 -0.04482679
v -0.44478685 0.95299298 -0.05280696
v -0.45054504 0.96363199 -0.04227167
v -0.45310473 0.95665985 -0.03656428
v -0.44713080 0.93983221 -0.03685061
v -0.45534065 0.95002079 -0.03030924
v -0.45925954 0.94135988 -0.02316467
v -0.46428165 0.93146253 -0.01472222
v -0.44564730 0.95425838 -0.09487043
v -0.44875282 0.94561636 -0.09825563
v -0.52837396 0.84996861 -0.04239337
v -0.52714002 0.84848881 -0.04821494
v -0.52427983 0.85363930 -0.04746566
v -0.52556175 0.85516858 -0.04157959
v -0.46542138 0.95728767 -0.10694496
v -0.47500610 0.96123970 -0.10392020
v -0.47015852 0.96715218 -0.10401583
v -0.46022502 0.96256036 -0.10491068
v -0.47159493 0.95002860 -0.10961024
v -0.48133847 0.95377064 -0.10420432
v -0.54106885 0.85496235 -0.04122846
v -0.53656787 0.85360336 -0.03838279
v -0.53442466 0.85937941 -0.03839612
v -0.53884733 0.86093175 -0.04160010
v -0.48819405 0.89877212 -0.04651388
v -0.48624539 0.90265048 -0.05583612
v -0.50056005 0.88374114 -0.05008730
v -0.49334800 0.89355767 -0.05518257
v -0.49487537 0.89237618 -0.04511895
v -0.50141639 0.88595104 -0.04334090
v -0.49004757 0.90029263 -0.07614446
v -0.48384392 0.90920568 -0.07598890
v -0.48623878 0.90602124 -0.06811085
v -0.49243674 0.89667380 -0.06857760
v -0.47908688 0.90958184 -0.08885047
v -0.48569518 0.90162003 -0.08951978
v -0.48312530 0.90165901 -0.09654558
v -0.47724396 0.90857279 -0.09532325
v -0.50047463 0.88566315 -0.08464085
v -0.50858408 0.87926066 -0.08551189
v -0.50784773 0.88080525 -0.09143689
v -0.49936926 0.88661408 -0.09063660
v -0.46574712 0.97342265 -0.10404918
v -0.45571232 0.96906412 -0.10376840
v -0.49730831 0.92185795 -0.11227890
v -0.48797226 0.92108846 -0.11795747
v -0.49193308 0.91225630 -0.12178026
v -0.50154948 0.91313702 -0.11584918
v -0.48354688 0.96335447 -0.09672398
v -0.47926116 0.97021240 -0.09740417
v -0.54356855 0.85520267 -0.04678041
v -0.54146296 0.86128616 -0.04720801
v -0.47006735 0.94652623 -0.02544549
v -0.47380495 0.93531215 -0.01641183
v -0.46681058 0.95574325 -0.03254760
v -0.46463186 0.96267402 -0.03703677
v -0.46237567 0.97014594 -0.03927391
v -0.49685127 0.88919580 -0.06059559
v -0.48371708 0.90808344 -0.06353775
v -0.47644085 0.91733861 -0.07633732
v -0.46741939 0.91610616 -0.10714358
v -0.46285617 0.92272490 -0.10675921
v -0.46426824 0.91950995 -0.09668025
v -0.46924856 0.91439223 -0.09950599
v -0.47867635 0.91701889 -0.11894544
v -0.47432667 0.91197324 -0.11454999
v -0.47947145 0.90486526 -0.11656811
v -0.48320308 0.90875661 -0.12194126
v -0.48819786 0.91432559 -0.01495105
v -0.48902884 0.92414558 -0.02276779
v -0.45583287 0.95162666 -0.10558624
v -0.45153356 0.95820546 -0.10209001
v -0.44817704 0.96537346 -0.09960528
v -0.45904231 0.93221366 -0.07508749
v -0.44919392 0.94157654 -0.07160886
v -0.44869342 0.93985361 -0.06467775
v -0.45976728 0.93093824 -0.06998868
v -0.45958659 0.92124033 -0.05199099
v -0.44934124 0.92947829 -0.04687759
v -0.46190336 0.91482079 -0.04106852
v -0.44437128 0.95224959 -0.06537639
v -0.44117287 0.96112257 -0.07264870
v -0.44181666 0.96188438 -0.06263233
v -0.44157073 0.96117353 -0.08303422
v -0.44377193 0.96263176 -0.09271196
v -0.43593454 0.97029972 -0.07121973
v -0.43722162 0.97181070 -0.06132359
v -0.43659031 0.97035336 -0.08201440
v -0.43922594 0.97155917 -0.09149866
v -0.47058094 0.98875928 -0.09912545
v -0.46004593 0.98346430 -0.10333772
v -0.47553664 0.97832012 -0.09840181
v -0.44896513 0.97573352 -0.04393156
v -0.44470888 0.96315461 -0.05221716
v -0.44146562 0.97350550 -0.05217977
v -0.45935005 0.98000669 -0.04096092
v -0.46321765 0.91170979 -0.01827289
v -0.46681696 0.90722597 -0.01202336
v -0.47173035 0.90390432 -0.01747284
v -0.46943268 0.90772843 -0.02382621
v -0.51322591 0.89203709 -0.03770047
v -0.50643629 0.88852268 -0.03833293
v -0.49993122 0.89429653 -0.03818951
v -0.45358944 0.93241155 -0.09144711
v -0.45337120 0.93734062 -0.10260256
v -0.50276345 0.88178396 -0.05604086
v -0.53553247 0.86784530 -0.04180242
v -0.53089309 0.86595774 -0.03839529
v -0.52380461 0.87708843 -0.03844458
v -0.52945870 0.87905842 -0.04193878
v -0.51233488 0.87605119 -0.05995552
v -0.50840050 0.87671435 -0.05428809
v -0.51340175 0.86972690 -0.05378537
v -0.51818103 0.86980891 -0.05865799
v -0.50365514 0.88296342 -0.09810666
v -0.49685240 0.88779831 -0.09769569
v -0.52177596 0.89628208 -0.06268935
v -0.52336681 0.89879870 -0.05051139
v -0.51824170 0.91003096 -0.04972547
v -0.48795420 0.90145886 -0.08320144
v -0.49389365 0.89317471 -0.08394904
v -0.49232507 0.89369935 -0.09013391
v -0.49968088 0.88663793 -0.06341711
v -0.50454956 0.88150692 -0.06130956
v -0.50311488 0.88366222 -0.06768732
v -0.49737066 0.88984621 -0.06873360
v -0.48327345 0.93174338 -0.11488363
v -0.47132334 0.92585576 -0.11608335
v -0.53195351 0.85189784 -0.03893333
v -0.52955425 0.85730064 -0.03836575
v -0.45035639 0.97823477 -0.10225663
v -0.44339994 0.97390676 -0.09836250
v -0.48148164 0.91007137 -0.08229816
v -0.51045042 0.92169273 -0.04958993
v -0.47422159 0.91773939 -0.08155056
v -0.51145136 0.89918619 -0.10520647
v -0.50521940 0.89573765 -0.10994792
v -0.50961465 0.88943112 -0.10760934
v -0.51588577 0.89257723 -0.10592443
v -0.52608883 0.86075044 -0.05792126
v -0.52156031 0.85962558 -0.05325039
v -0.52637392 0.85357243 -0.05355574
v -0.53068936 0.85490996 -0.05770585
v -0.50647205 0.87841594 -0.04867750
v -0.50735378 0.88045883 -0.04281643
v -0.51324111 0.87266564 -0.04236581
v -0.51168954 0.87074018 -0.04798115
v -0.51220906 0.88269669 -0.03901633
v -0.51802313 0.87487233 -0.03877988
v -0.53250110 0.86338973 -0.05904862
v -0.53742987 0.86674976 -0.05480526
v -0.53096551 0.87739289 -0.05594558
v -0.52550155 0.87252325 -0.05970950
v -0.49761078 0.94377780 -0.09013333
v -0.49303481 0.94438982 -0.09853116
v -0.49837852 0.93239659 -0.10120826
v -0.50366998 0.92051721 -0.10417628
v -0.50670934 0.90830642 -0.10640990
v -0.51506007 0.90745151 -0.09640425
v -0.49272570 0.93294013 -0.10849490
v -0.51983225 0.88243669 -0.06543174
v -0.52420062 0.88554835 -0.05874145
v -0.52422547 0.88675368 -0.06701387
v -0.47099143 0.91729653 -0.08908118
v -0.52572650 0.86369109 -0.03825371
v -0.48384956 0.96847045 -0.05103856
v -0.48861703 0.97056532 -0.06335153
v -0.49328688 0.96127784 -0.06389178
v -0.48695731 0.95986336 -0.04956829
v -0.51970601 0.85996246 -0.04732591
v -0.52114600 0.86119819 -0.04155126
v -0.49644613 0.88851118 -0.10485283
v -0.50287503 0.88450921 -0.10391922
v -0.50470227 0.88563395 -0.10814861
v -0.49976173 0.88910007 -0.11056514
v -0.48761967 0.94426715 -0.10572404
v -0.49489456 0.90539527 -0.12489274
v -0.50426215 0.90742064 -0.11948287
v -0.48813257 0.95521879 -0.09709070
v -0.49286994 0.95512491 -0.08840510
v -0.48917410 0.96418184 -0.08714969
v -0.51988423 0.90025449 -0.08524575
v -0.50125903 0.94219750 -0.08180213
v -0.49589568 0.95395941 -0.07999141
v -0.49153128 0.96375942 -0.07735746
v -0.48821676 0.97195047 -0.07638620
v -0.48564425 0.97199690 -0.08704744
v -0.53836590 0.86830389 -0.04780449
v -0.54071140 0.85997021 -0.05392839
v -0.48172837 0.98112965 -0.08771542
v -0.47696695 0.99172211 -0.08938345
v -0.47960365 0.99156749 -0.07776248
v -0.48444667 0.98067927 -0.07639320
v -0.49769938 0.95200050 -0.07081212
v -0.49809083 0.95006818 -0.06105568
v -0.50367105 0.94028890 -0.07289229
v -0.50482863 0.93760979 -0.06226372
v -0.52413404 0.90137064 -0.07432123
v -0.54338449 0.84390414 -0.05649209
v -0.53931093 0.85155505 -0.05716870
v -0.53418410 0.84939909 -0.05783348
v -0.53905302 0.84197974 -0.05762224
v -0.53625822 0.85732591 -0.05800835
v -0.54315269 0.85402268 -0.05320173
v -0.50269997 0.93393064 -0.04916429
v -0.51033789 0.87837446 -0.06700611
v -0.49206549 0.94662392 -0.04576196
v -0.49979514 0.92688799 -0.03563153
v -0.49162450 0.93515831 -0.03203645
v -0.47799855 0.95889890 -0.03819753
v -0.48046008 0.94914997 -0.03249639
v -0.47288081 0.97410262 -0.04336402
v -0.47546500 0.96653610 -0.04143929
v -0.46930808 0.98440504 -0.04421469
v -0.48291612 0.93732893 -0.02326409
v -0.53161585 0.84255743 -0.04355503
v -0.53094459 0.84137422 -0.04958248
v -0.48076221 0.97680640 -0.05211708
v -0.47674766 0.98741955 -0.05314783
v -0.46588770 0.91008455 -0.03150363
v -0.46373484 0.92453110 -0.08621817
v -0.46680808 0.92494345 -0.08058631
v -0.45840508 0.92940044 -0.10542683
v -0.45923489 0.92504668 -0.09425694
v -0.48035517 0.99022526 -0.06525549
v -0.42709258 0.98227859 -0.06907862
v -0.42692992 0.98185337 -0.07985853
v -0.47260123 1.00466383 -0.08011577
v -0.53511256 0.84400225 -0.03971145
v -0.51591498 0.87984383 -0.08759277
v -0.51594526 0.88153207 -0.09030498
v -0.46254846 0.91832280 -0.01198492
v -0.46717456 0.91189861 -0.00694870
v -0.47898817 0.91707778 -0.00462327
v -0.47195625 0.91513312 -0.00419509
v -0.46803054 0.92348009 -0.00820314
v -0.47643694 0.92619848 -0.00946981
v -0.45794633 0.93220723 -0.07918753
v -0.45641738 0.93161619 -0.08444802
v -0.47775933 0.94159555 -0.11225111
v -0.46641344 0.93583226 -0.11345444
v -0.51850450 0.88550961 -0.03852635
v -0.51949668 0.89583659 -0.04186648
v -0.52406305 0.88806677 -0.04254945
v -0.53228050 0.87986243 -0.04866526
v -0.51675004 0.87868559 -0.06504558
v -0.51972580 0.87812287 -0.06100350
v -0.44841504 0.93543983 -0.05665082
v -0.45976698 0.92723978 -0.06224211
v -0.47726855 0.90622580 -0.02770443
v -0.47972298 0.90454262 -0.02164107
v -0.49531356 0.89231408 -0.07637767
v -0.52575994 0.88910210 -0.08283034
v -0.52825832 0.89106345 -0.07439701
v -0.50118244 0.88536716 -0.07626501
v -0.54415089 0.84660852 -0.04145310
v -0.53954631 0.84522867 -0.03885471
v -0.52720445 0.88927907 -0.04996384
v -0.48971045 0.89430398 -0.09743852
v -0.52019238 0.89137882 -0.09019647
v -0.52174383 0.88431782 -0.08659698
v -0.48709092 0.90338266 -0.12326771
v -0.48489109 0.97924304 -0.06407298
v -0.52925408 0.84820437 -0.05449149
v -0.53337699 0.84105098 -0.05545826
v -0.54610854 0.84603775 -0.05284671
v -0.54658490 0.84728420 -0.04692538
v -0.46106613 0.94421303 -0.10990431
v -0.46894538 0.92473418 -0.07619747
v -0.42949599 0.98305273 -0.09008183
v -0.48426738 0.92713165 -0.01504440
v -0.48549935 0.91695988 -0.00890898
v -0.50743258 0.87937701 -0.07642645
v -0.50602061 0.90256709 -0.11306880
v -0.51899034 0.89930940 -0.09836122
v -0.52250749 0.89322960 -0.10017633
v -0.52351081 0.88862395 -0.09350814
v -0.52103353 0.88330531 -0.09177452
v -0.54896313 0.83985484 -0.05286648
v -0.54950196 0.84080982 -0.04703971
v -0.54726928 0.83985710 -0.04160924
v -0.54246801 0.83890176 -0.03932989
v -0.53788352 0.83838135 -0.04050666
v -0.54641056 0.83798623 -0.05626453
v -0.54204381 0.83649611 -0.05731124
v -0.53649580 0.83594948 -0.05531278
v -0.54856169 0.83274621 -0.05640903
v -0.55169398 0.83344060 -0.05292683
v -0.55142856 0.82691336 -0.04132573
v -0.55051023 0.83293366 -0.04198371
v -0.55258709 0.83033788 -0.04428358
v -0.55383325 0.82675898 -0.04393755
v -0.55547041 0.82252318 -0.04442827
v -0.55269879 0.82204568 -0.04235769
v -0.55328804 0.83154851 -0.04743316
v -0.55509239 0.82751262 -0.04791310
v -0.55434376 0.82735348 -0.05204447
v -0.55618680 0.82327831 -0.05258376
v -0.55702513 0.82321191 -0.04851555
v -0.55309719 0.83087182 -0.05090172
v -0.55204391 0.83523917 -0.04716339
v -0.55438638 0.81834519 -0.04476148
v -0.55665678 0.81962585 -0.04536936
v -0.55825239 0.81920385 -0.04880517
v -0.55626565 0.81676507 -0.04924497
v -0.54516143 0.83334291 -0.03982491
v -0.54749352 0.82686323 -0.04083612
v -0.54940349 0.82140577 -0.04265451
v -0.55135250 0.81749237 -0.04546809
v -0.54402190 0.82590961 -0.04254848
v -0.54671741 0.82073712 -0.04475356
v -0.54862577 0.81764495 -0.04727583
v -0.54175681 0.82466006 -0.04616375
v -0.54508424 0.82006776 -0.04770929
v -0.53743315 0.83218145 -0.04476604
v -0.54052436 0.83308417 -0.04104484
v -0.54710680 0.81810117 -0.04878046
v -0.55303067 0.81616437 -0.05007252
v -0.55283320 0.82766569 -0.05487871
v -0.55460942 0.82269859 -0.05513252
v -0.55047804 0.82698035 -0.05677355
v -0.55224138 0.82179129 -0.05654179
v -0.55621129 0.81857240 -0.05386059
v -0.55778843 0.82000077 -0.05237588
v -0.53432512 0.83749241 -0.04435759
v -0.53405732 0.83645511 -0.05028430
v -0.53687674 0.83122575 -0.05054510
v -0.54086077 0.82400119 -0.05145577
v -0.53934002 0.83124995 -0.05530402
v -0.54442596 0.83155107 -0.05728643
v -0.54719919 0.82603228 -0.05721471
v -0.54334521 0.82495475 -0.05577349
v -0.54931051 0.82105875 -0.05652839
v -0.54666144 0.82028031 -0.05504235
v -0.54523140 0.81965452 -0.05155163
v -0.55046481 0.81772757 -0.05458716
v -0.55349803 0.81773126 -0.05457491
v -0.55026072 0.81663805 -0.05086511
v -0.54843247 0.81821311 -0.05387960
v -0.54790217 0.81779933 -0.05129628
v -0.53419089 0.84533834 -0.07664636
v -0.53283966 0.84502304 -0.08222897
v -0.52936697 0.85183507 -0.08062746
v -0.53077829 0.85206306 -0.07515408
v -0.54596066 0.85190082 -0.07324326
v -0.54102838 0.84873855 -0.07118844
v -0.53847176 0.85546565 -0.06999031
v -0.54335588 0.85859686 -0.07237655
v -0.54793429 0.85405838 -0.07937399
v -0.54533333 0.86073565 -0.07882309
v -0.53953600 0.86607027 -0.07102264
v -0.53442234 0.86277825 -0.06877713
v -0.52562231 0.87443590 -0.06752123
v -0.53094608 0.87787265 -0.06885456
v -0.51573324 0.87167263 -0.08381952
v -0.52041560 0.87300074 -0.08720708
v -0.53699243 0.84640300 -0.07284104
v -0.53396106 0.85313517 -0.07147104
v -0.52894312 0.86159182 -0.08815265
v -0.52521771 0.85965574 -0.08464559
v -0.53047335 0.85254478 -0.08575418
v -0.53379244 0.85427660 -0.08930345
v -0.51658696 0.87139273 -0.07108638
v -0.51451838 0.87126267 -0.07738821
v -0.52095979 0.87236780 -0.06839288
v -0.53427309 0.86439228 -0.08913645
v -0.53931659 0.86709964 -0.08561444
v -0.53218448 0.87949258 -0.08354530
v -0.52694821 0.87601763 -0.08750557
v -0.52951974 0.86051834 -0.07013980
v -0.52391261 0.85905874 -0.07916971
v -0.52561021 0.85920382 -0.07359221
v -0.54150087 0.86822683 -0.07782441
v -0.54284942 0.85949874 -0.08644783
v -0.54664898 0.84188241 -0.09049351
v -0.54187828 0.85035801 -0.09011529
v -0.53742003 0.84779006 -0.09060200
v -0.54270107 0.83917630 -0.09158140
v -0.53833914 0.85674161 -0.08970040
v -0.54593539 0.85299999 -0.08655165
v -0.53897196 0.83575606 -0.07866830
v -0.53804666 0.83560598 -0.08431835
v -0.54143846 0.83688664 -0.07477535
v -0.53456002 0.88083971 -0.07568178
v -0.54973370 0.84254265 -0.07465158
v -0.54502976 0.83921027 -0.07319191
v -0.53392971 0.84577471 -0.08741166
v -0.53900176 0.83686244 -0.08923908
v -0.55019379 0.84429449 -0.08694588
v -0.55174369 0.84514177 -0.08029297
v -0.55333203 0.83688211 -0.08761942
v -0.55484432 0.83736348 -0.08153891
v -0.55320656 0.83506978 -0.07607186
v -0.54829234 0.83258665 -0.07470472
v -0.54463756 0.83112490 -0.07633014
v -0.55024135 0.83512676 -0.09094580
v -0.54648912 0.83327383 -0.09193671
v -0.54254079 0.83159721 -0.08999829
v -0.55357051 0.82862610 -0.09195031
v -0.55706632 0.82934988 -0.08897790
v -0.56076425 0.81608897 -0.07993230
v -0.55872202 0.82147247 -0.07815643
v -0.56072325 0.82194734 -0.08095416
v -0.56330782 0.81737566 -0.08169518
v -0.55710697 0.82779366 -0.07787272
v -0.55939567 0.82556915 -0.08085825
v -0.55976748 0.82661283 -0.08403947
v -0.56211758 0.82289088 -0.08497956
v -0.56069911 0.82290792 -0.08890705
v -0.56345457 0.81861871 -0.09009334
v -0.56521994 0.81841296 -0.08591550
v -0.55910754 0.82641971 -0.08751843
v -0.56521481 0.81400990 -0.08307612
v -0.56307513 0.81239522 -0.08316483
v -0.55803984 0.83080769 -0.08303213
v -0.55170280 0.82698500 -0.07591532
v -0.55473435 0.82060456 -0.07750632
v -0.55737203 0.81500340 -0.08036698
v -0.55980390 0.81133270 -0.08418064
v -0.55111134 0.81939185 -0.07948244
v -0.55449367 0.81410170 -0.08226547
v -0.55712968 0.81135911 -0.08550278
v -0.54854000 0.81855077 -0.08321859
v -0.55272543 0.81357729 -0.08524764
v -0.54461443 0.82587624 -0.08124520
v -0.54745787 0.82628906 -0.07747356
v -0.55539453 0.81184000 -0.08667836
v -0.56532884 0.81144774 -0.08771393
v -0.56195533 0.81051421 -0.08849404
v -0.56770104 0.81387836 -0.08666670
v -0.55868483 0.82284856 -0.09098179
v -0.56131542 0.81796360 -0.09203460
v -0.55670863 0.82251740 -0.09306578
v -0.55962288 0.81717455 -0.09373055
v -0.56433201 0.81383431 -0.09169426
v -0.56590337 0.81523854 -0.09035452
v -0.54212171 0.83047765 -0.08003353
v -0.54124796 0.83059990 -0.08526962
v -0.54347426 0.82585555 -0.08647048
v -0.54762930 0.81855834 -0.08840024
v -0.54509109 0.82700121 -0.09089753
v -0.54963416 0.82779133 -0.09276509
v -0.55336493 0.82155842 -0.09368824
v -0.54958534 0.82007992 -0.09237721
v -0.55666339 0.81632411 -0.09385634
v -0.55350262 0.81518400 -0.09269104
v -0.55199575 0.81397516 -0.08935188
v -0.55861789 0.81256175 -0.09254640
v -0.56181598 0.81278467 -0.09264230
v -0.55844802 0.81085384 -0.08907470
v -0.55596185 0.81272119 -0.09194121
v -0.55557007 0.81188804 -0.08940080
v -0.52767366 0.85542893 -0.10352034
v -0.52411473 0.85530972 -0.10801306
v -0.52150947 0.86092794 -0.10607550
v -0.52495497 0.86070031 -0.10157755
v -0.53844708 0.86137259 -0.10381003
v -0.53601354 0.85896701 -0.10178479
v -0.53334594 0.86454880 -0.09938771
v -0.53596640 0.86784196 -0.10130331
v -0.53894037 0.86342329 -0.10874181
v -0.53599554 0.87035525 -0.10678138
v -0.53292352 0.87391984 -0.09898454
v -0.52990401 0.86991382 -0.09696997
v -0.52379584 0.87820506 -0.09410775
v -0.52755272 0.88262188 -0.09599219
v -0.53223395 0.85676241 -0.10175123
v -0.52941459 0.86206996 -0.09956763
v -0.51777625 0.86983317 -0.11165080
v -0.51612431 0.86793470 -0.10848866
v -0.52062929 0.86216003 -0.11065833
v -0.52233112 0.86402261 -0.11359040
v -0.51336956 0.87576103 -0.09586738
v -0.50969619 0.87672967 -0.10032235
v -0.51854461 0.87607145 -0.09417201
v -0.52260625 0.87288940 -0.11321070
v -0.52864522 0.87635380 -0.11121837
v -0.52177656 0.88535708 -0.10825513
v -0.51532286 0.88220239 -0.10948275
v -0.52556610 0.86711800 -0.09726275
v -0.51685071 0.86631322 -0.10373127
v -0.52065700 0.86592770 -0.09920301
v -0.53260034 0.87696427 -0.10491388
v -0.53216004 0.86993033 -0.11271925
v -0.53570938 0.85203576 -0.11890361
v -0.53019184 0.86111522 -0.11666825
v -0.52546084 0.85835648 -0.11601583
v -0.53144830 0.84969991 -0.11889073
v -0.52664280 0.86695313 -0.11505669
v -0.53556675 0.86324108 -0.11422119
v -0.53177446 0.84704447 -0.10667378
v -0.52871090 0.84694672 -0.11120775
v -0.53590524 0.84826165 -0.10494830
v -0.52721983 0.88600779 -0.10227899
v -0.51002073 0.87937701 -0.10855544
v -0.54217011 0.85193110 -0.10665462
v -0.53966480 0.84997785 -0.10481767
v -0.52315879 0.85650885 -0.11292849
v -0.52840245 0.84804070 -0.11607382
v -0.54027575 0.85393035 -0.11637722
v -0.54304588 0.85418499 -0.11110194
v -0.54347366 0.84761238 -0.11822013
v -0.54593724 0.84759963 -0.11297494
v -0.54545856 0.84538829 -0.10851989
v -0.54233491 0.84365958 -0.10684215
v -0.53842574 0.84257305 -0.10718654
v -0.53928304 0.84572744 -0.12064382
v -0.53548527 0.84402794 -0.12029701
v -0.53196418 0.84305787 -0.11755865
v -0.54167825 0.84109139 -0.12216908
v -0.54612350 0.84177125 -0.11976250
v -0.55237764 0.82856864 -0.11273822
v -0.55024594 0.83307922 -0.11106578
v -0.55103868 0.83367950 -0.11334628
v -0.55360281 0.82974780 -0.11451875
v -0.54850698 0.83926558 -0.11045999
v -0.54986721 0.83729589 -0.11283689
v -0.54978812 0.83898848 -0.11569253
v -0.55192733 0.83522880 -0.11694314
v -0.54915643 0.83589882 -0.12048578
v -0.55144054 0.83198917 -0.12182935
v -0.55415797 0.83114171 -0.11823028
v -0.54848480 0.83920407 -0.11890785
v -0.55510139 0.82716358 -0.11598000
v -0.55407369 0.82550251 -0.11537988
v -0.54826754 0.84242284 -0.11460193
v -0.54468912 0.83837235 -0.10821000
v -0.54709464 0.83246827 -0.10972927
v -0.54953396 0.82739425 -0.11208512
v -0.55093437 0.82454258 -0.11527215
v -0.54331869 0.83196878 -0.11048921
v -0.54594862 0.82706094 -0.11282498
v -0.54742068 0.82465774 -0.11564530
v -0.53987873 0.83191526 -0.11263222
v -0.54318321 0.82725084 -0.11477009
v -0.53692752 0.83781385 -0.11074769
v -0.54055047 0.83786392 -0.10872120
v -0.54518437 0.82541752 -0.11632807
v -0.55418760 0.82540011 -0.11972178
v -0.55080450 0.82425523 -0.12000024
v -0.55571324 0.82769334 -0.11926202
v -0.54697961 0.83635855 -0.12237480
v -0.54914957 0.83181238 -0.12349227
v -0.54383612 0.83575743 -0.12334321
v -0.54655987 0.83091348 -0.12418991
v -0.55179024 0.82812810 -0.12311440
v -0.55338562 0.82913864 -0.12206853
v -0.53462678 0.84213173 -0.10910205
v -0.53194910 0.84244490 -0.11294907
v -0.53444314 0.83821154 -0.11434133
v -0.53775847 0.83206463 -0.11645354
v -0.53440887 0.83897793 -0.11866708
v -0.53784001 0.83976299 -0.12135529
v -0.54068631 0.83461297 -0.12277053
v -0.53792202 0.83331716 -0.12050962
v -0.54376906 0.82993555 -0.12358624
v -0.54148179 0.82869506 -0.12175696
v -0.54144126 0.82750797 -0.11816245
v -0.54618847 0.82657921 -0.12279574
v -0.54904789 0.82714927 -0.12348960
v -0.54737455 0.82451940 -0.11958338
v -0.54397404 0.82656687 -0.12165147
v -0.54458064 0.82546955 -0.11898559
v -0.50870705 0.87821460 -0.10505678
v -0.50785762 0.87405193 -0.13012317
v -0.50450134 0.87462842 -0.13258013
v -0.50286508 0.87843162 -0.12970787
v -0.50602549 0.87797439 -0.12730575
v -0.51783270 0.87914789 -0.13222620
v -0.51584589 0.87640798 -0.12960929
v -0.51412803 0.88071966 -0.12623355
v -0.51647806 0.88392699 -0.12887716
v -0.51594901 0.88157177 -0.13682325
v -0.51454771 0.88654351 -0.13378991
v -0.51384157 0.88873053 -0.12471274
v -0.51142949 0.88507497 -0.12206947
v -0.50678313 0.89201510 -0.11616565
v -0.50933224 0.89669311 -0.11823834
v -0.49000061 0.89884210 -0.12451479
v -0.48862219 0.89620876 -0.12064666
v -0.49271742 0.89059448 -0.12449352
v -0.49291047 0.89345241 -0.12795442
v -0.51203150 0.87461960 -0.12916546
v -0.51016337 0.87863374 -0.12593594
v -0.49798155 0.88600183 -0.13307510
v -0.49795637 0.88335007 -0.12974863
v -0.50096124 0.87974179 -0.13291195
v -0.50097847 0.88192558 -0.13614312
v -0.49000138 0.89349377 -0.11665376
v -0.49351454 0.89121342 -0.11284401
v -0.49810475 0.88831133 -0.11763939
v -0.49464628 0.88868892 -0.12098633
v -0.50214481 0.88904071 -0.11641913
v -0.50081706 0.88905376 -0.13492405
v -0.50640970 0.89136720 -0.13399094
v -0.50094062 0.89991665 -0.12867209
v -0.49583295 0.89662743 -0.12952426
v -0.50739169 0.88268983 -0.12232912
v -0.49993786 0.88192916 -0.12633435
v -0.50345844 0.88166380 -0.12349133
v -0.51212782 0.89180332 -0.12985703
v -0.50922322 0.88635814 -0.13736445
v -0.50810301 0.87452805 -0.14478172
v -0.50565135 0.88044035 -0.14106140
v -0.50244439 0.87817687 -0.13941680
v -0.50506669 0.87277067 -0.14334723
v -0.50385386 0.88449788 -0.13806981
v -0.51082557 0.88176668 -0.14027004
v -0.51041991 0.86852199 -0.13367553
v -0.50675231 0.86933553 -0.13619927
v -0.51431209 0.86914587 -0.13292715
v -0.50802022 0.90070462 -0.12369614
v -0.51980233 0.87290841 -0.13596904
v -0.51781970 0.87047553 -0.13352481
v -0.50248396 0.87602556 -0.13592750
v -0.50481910 0.87085176 -0.13991551
v -0.51305538 0.87562376 -0.14387083
v -0.51794338 0.87534368 -0.14023955
v -0.51519930 0.87072706 -0.14692441
v -0.52003032 0.87054098 -0.14322656
v -0.52154970 0.86813021 -0.13870236
v -0.51951158 0.86617708 -0.13607976
v -0.51590741 0.86551470 -0.13539472
v -0.51026255 0.86969960 -0.14767651
v -0.50760448 0.86843586 -0.14581558
v -0.50724423 0.86725497 -0.14232974
v -0.51263583 0.86559737 -0.14957818
v -0.51772344 0.86593735 -0.14921528
v -0.52519834 0.85441595 -0.14435065
v -0.52421218 0.85811138 -0.14231421
v -0.52448106 0.85889041 -0.14451455
v -0.52586472 0.85574889 -0.14594609
v -0.52303851 0.86344498 -0.14131245
v -0.52366072 0.86219704 -0.14382724
v -0.52250373 0.86391032 -0.14629990
v -0.52395850 0.86077440 -0.14762671
v -0.52116615 0.86141157 -0.15066674
v -0.52226567 0.85774386 -0.15227859
v -0.52565366 0.85747051 -0.14932945
v -0.52050626 0.86393738 -0.14900199
v -0.52710909 0.85368627 -0.14754663
v -0.52618778 0.85195351 -0.14709911
v -0.52150089 0.86653721 -0.14512026
v -0.52092719 0.86226672 -0.13852845
v -0.52251917 0.85736334 -0.14084050
v -0.52361500 0.85305196 -0.14366347
v -0.52378607 0.85069460 -0.14695665
v -0.51952273 0.85737127 -0.14039129
v -0.52098548 0.85297227 -0.14350237
v -0.52123493 0.85095322 -0.14659135
v -0.51609457 0.85772491 -0.14097208
v -0.51818657 0.85353649 -0.14403570
v -0.51390785 0.86238420 -0.13833891
v -0.51773894 0.86215055 -0.13768518
v -0.51947391 0.85172772 -0.14619911
v -0.52503002 0.85207927 -0.15102814
v -0.52254617 0.85091269 -0.15033498
v -0.52668142 0.85450923 -0.15092146
v -0.51818734 0.86138380 -0.15177473
v -0.51984906 0.85700440 -0.15339823
v -0.51480097 0.86114925 -0.15142074
v -0.51734561 0.85615444 -0.15281059
v -0.52226430 0.85388529 -0.15333925
v -0.52385247 0.85538626 -0.15299717
v -0.51214164 0.86534911 -0.13622478
v -0.50889635 0.86606359 -0.13870561
v -0.51056015 0.86300206 -0.14073542
v -0.51288474 0.85842323 -0.14314768
v -0.50899899 0.86383784 -0.14431328
v -0.50960094 0.86476493 -0.14772218
v -0.51242888 0.86003715 -0.14982393
v -0.51147562 0.85902417 -0.14668116
v -0.51553261 0.85525429 -0.15116021
v -0.51486766 0.85450411 -0.14861357
v -0.51594269 0.85397744 -0.14579163
v -0.51847833 0.85223705 -0.15079121
v -0.52016848 0.85266900 -0.15245068
v -0.52035350 0.85092008 -0.14909947
v -0.51735818 0.85233623 -0.14926115
v -0.51843357 0.85164738 -0.14780632
v -0.49292397 0.90075457 -0.12633470
v -0.49071971 0.90505052 -0.00764132
v -0.48998162 0.90185606 -0.01193661
v -0.47401050 0.89737511 -0.01076909
v -0.48031250 0.89698380 -0.01388163
v -0.47074836 0.90020370 -0.00541816
v -0.47588465 0.90609002 0.00158295
v -0.47199002 0.90326428 -0.00095208
v -0.48663387 0.89872217 -0.01433419
v -0.48855937 0.90773606 -0.00232331
v -0.48229676 0.90815049 0.00151469
v -0.49215618 0.90008092 0.00416544
v -0.48584127 0.90016735 0.00835756
v -0.47871041 0.89810312 0.00831699
v -0.47435808 0.89592177 0.00442609
v -0.47276282 0.89394051 -0.00085834
v -0.49446687 0.89825732 -0.00196213
v -0.49296591 0.89581859 -0.00704667
v -0.48803511 0.89339137 -0.00962039
v -0.49781242 0.89159554 0.00344258
v -0.49669507 0.89092851 0.01135374
v -0.48594078 0.87986982 0.02048424
v -0.48354015 0.88394928 0.01808369
v -0.48750681 0.88502085 0.02012408
v -0.48907542 0.88205248 0.02265768
v -0.48270002 0.88941664 0.01533461
v -0.48716030 0.88762796 0.01824887
v -0.49192938 0.88864589 0.01780568
v -0.49328148 0.88655734 0.02028150
v -0.49625391 0.88858533 0.01616605
v -0.49844790 0.88642156 0.01759907
v -0.49477890 0.88360512 0.02323993
v -0.49143624 0.87927711 0.02450985
v -0.49593416 0.87987065 0.02470074
v -0.48991221 0.87673831 0.02282250
v -0.49007118 0.89181709 0.01442090
v -0.47711164 0.88907778 0.00992735
v -0.48034698 0.88275838 0.01422051
v -0.48421273 0.87747717 0.01723868
v -0.48925513 0.87427133 0.01896356
v -0.47949356 0.88092095 0.00872885
v -0.48472431 0.87589180 0.01237222
v -0.48938975 0.87387240 0.01444416
v -0.48236528 0.87993062 0.00344526
v -0.48708397 0.87561148 0.00847479
v -0.47760648 0.88711739 -0.00241865
v -0.47513965 0.88784713 0.00371900
v -0.48988220 0.87414396 0.01128955
v -0.49596739 0.87577510 0.02307222
v -0.49511966 0.87387395 0.01850423
v -0.50020474 0.88571620 0.01330714
v -0.49976382 0.88349819 0.02023916
v -0.50153673 0.88163018 0.01637732
v -0.50025976 0.88500249 0.00807089
v -0.50096387 0.87973863 0.01214620
v -0.50068641 0.87820625 0.01986485
v -0.49992937 0.88075352 0.02265961
v -0.47527695 0.89246821 -0.00629391
v -0.48120797 0.89212483 -0.00921579
v -0.48404676 0.88731515 -0.00551620
v -0.48766625 0.88047647 0.00020631
v -0.49087983 0.88842320 -0.00572075
v -0.49630687 0.89015007 -0.00240489
v -0.49857831 0.88319904 0.00332640
v -0.49392179 0.88154197 0.00032636
v -0.49899644 0.87807435 0.00853273
v -0.49542841 0.87702167 0.00631775
v -0.49101019 0.87605578 0.00648218
v -0.49738222 0.87524235 0.01222318
v -0.49953291 0.87608433 0.01589212
v -0.49392489 0.87383425 0.01428698
v -0.49542692 0.87526309 0.00991197
v -0.49274549 0.87447035 0.01072519
v -0.48386028 0.89976120 -0.11840638
v -0.48495203 0.89692032 -0.11271798
v -0.47969508 0.90243208 -0.11056989
v -0.47342703 0.90918028 -0.10873516
v -0.46972921 0.91767192 -0.11302678
v -0.47513026 0.90824014 -0.10191458
v -0.48146838 0.90140915 -0.10404190
v -0.48877519 0.89407331 -0.10629369
v -0.47233430 0.91341478 -0.09456637
v -0.04005235 1.64353323 0.06869785
v -0.03678042 1.64470661 0.07054044
v -0.03888693 1.63729000 0.06807663
v -0.04148322 1.63751328 0.06641780
v -0.03172814 1.63759065 0.07095688
v -0.03591795 1.63707852 0.07009612
v -0.03206446 1.64543355 0.07191987
v -0.02654522 1.64522505 0.07176980
v -0.01862031 1.64121842 0.06922086
v -0.01688336 1.63982928 0.06936936
v -0.01771480 1.63884926 0.06990955
v -0.02001364 1.63877523 0.07005718
v -0.02373563 1.63834941 0.07104021
v -0.04447885 1.63974667 0.06372555
v -0.04369099 1.64105177 0.06479286
v -0.04217934 1.64231682 0.06674471
v -0.02762792 1.63794863 0.07132504
v -0.04336319 1.63798940 0.06469094
v -0.04433206 1.63868248 0.06364103
v -0.02190103 1.64385343 0.07053157
v -0.03203122 1.63997233 0.07112037
v -0.03597208 1.63966966 0.06996445
v -0.03222630 1.64278626 0.07143994
v -0.02745164 1.64284754 0.07171080
v -0.02165661 1.64000392 0.07041398
v -0.02417448 1.64011598 0.07111678
v -0.03897812 1.63936770 0.06817808
v -0.02787960 1.64018703 0.07146605
v -0.03648143 1.64220464 0.07015179
v -0.02345644 1.64211428 0.07109308
v -0.02114708 1.64115429 0.07017472
v -0.04370721 1.63966155 0.06432717
v -0.04367304 1.63922310 0.06432422
v -0.01709862 1.40379322 0.05352571
v -0.01833940 1.38676667 0.06368226
v -0.03940343 1.64149797 0.06829360
v -0.04280273 1.63917804 0.06523677
v -0.04121979 1.63925850 0.06654335
v -0.04151300 1.64082003 0.06655882
v -0.04291603 1.64018095 0.06517044
v -0.24200886 1.29694664 0.00289237
v -0.25539190 1.30826831 -0.00020579
v -0.28270313 1.33143449 -0.04877123
v -0.27943534 1.33437717 -0.07305092
v -0.07547366 1.10035527 0.13513215
v -0.12041201 1.15209365 -0.10036581
v -0.12261423 1.17153490 -0.10515610
v -0.03765172 1.16837788 -0.12798160
v -0.05972850 1.16432452 -0.12727959
v -0.15843943 1.13528836 0.02665165
v -0.15748040 1.15465736 0.02503277
v -0.11442664 1.12500751 0.09263694
v -0.11364659 1.14697957 0.09010503
v -0.14996313 1.11110842 0.05397224
v -0.08660904 1.11673951 -0.11274763
v -0.10781699 1.11558521 -0.10500294
v -0.10351769 1.13598943 -0.10849836
v -0.08301724 1.13828564 -0.11758192
v -0.01694576 1.17133498 -0.12301616
v -0.01751084 1.14717436 -0.11639633
v -0.16409235 1.17605114 -0.00394841
v -0.16408218 1.17775679 -0.03399747
v -0.14423342 1.18451726 -0.08758153
v -0.12734024 1.19007885 -0.10777374
v -0.10737263 1.19778037 -0.12160583
v -0.08550166 1.20531690 -0.13092530
v -0.09609260 1.16857314 0.10625255
v -0.07515616 1.19061589 0.11607046
v -0.15704738 1.17453194 0.02494913
v -0.02658065 1.16888857 0.13878536
v -0.06645876 1.23661816 -0.14144850
v -0.04107509 1.24110532 -0.14366738
v -0.15692148 1.18037415 -0.06222944
v -0.03454623 1.34461021 0.09147367
v -0.05300551 1.34697783 0.09009165
v -0.05233590 1.33131170 0.10034113
v -0.03395750 1.32848632 0.10090432
v -0.06991766 1.33278656 0.09861371
v -0.08678592 1.33319688 0.09558510
v -0.10226150 1.33294976 0.09160773
v -0.13915406 1.32697380 0.07575230
v -0.12843326 1.32979655 0.08149128
v -0.15718657 1.31628668 0.06167714
v -0.14874892 1.32275152 0.06930912
v -0.16338241 1.30607307 0.05138251
v -0.16679698 1.29437220 0.03720430
v -0.17283037 1.29435921 0.01358150
v -0.17037559 1.28258336 0.02041659
v -0.16381891 1.28280103 0.04506633
v -0.15891975 1.29509509 0.05859358
v -0.15266578 1.30473936 0.06861366
v -0.01960057 1.25926220 0.11755598
v -0.01675358 1.28462636 0.11409453
v -0.01519497 1.41961980 0.04400607
v -0.34317356 1.12239599 -0.10214633
v -0.43909231 1.03173828 -0.04219174
v -0.01758661 1.44392276 -0.12121376
v -0.03587753 1.44846463 -0.12215013
v -0.09575880 1.46623921 -0.10735571
v -0.11186275 1.47725248 -0.08796619
v -0.07493939 1.45473456 -0.11959577
v -0.05495846 1.44463897 -0.12555581
v -0.14340010 1.19187295 0.05083966
v -0.03718161 1.41141963 -0.13594180
v -0.05603604 1.43280542 -0.13083003
v -0.07724482 1.44333398 -0.12560385
v -0.10059003 1.45521224 -0.11420933
v -0.12422264 1.46879745 -0.09467822
v -0.14305121 1.46901131 -0.08779710
v -0.16872317 1.44919908 -0.09566420
v -0.18085742 1.44681251 -0.09111197
v -0.19314559 1.44240952 -0.08665138
v -0.19786352 1.45477080 -0.06906971
v -0.18429704 1.46094966 -0.07337284
v -0.25962681 1.36358464 -0.08156333
v -0.26389301 1.34691632 -0.08674751
v -0.26195189 1.33295870 -0.09491330
v -0.25510272 1.32126880 -0.10228771
v -0.24408600 1.31286919 -0.10771850
v -0.23082504 1.30754972 -0.11015584
v -0.21736087 1.30934107 -0.10894552
v -0.19042777 1.32605338 -0.10182114
v -0.18662253 1.33235943 -0.09948164
v -0.17666869 1.30861127 -0.10330518
v -0.17233279 1.30035067 -0.10579639
v -0.15475768 1.27628994 -0.11257851
v -0.14527752 1.26322448 -0.11631614
v -0.13370557 1.24919462 -0.12040571
v -0.10458209 1.01647079 -0.11481835
v -0.12543264 1.01852202 -0.10432381
v -0.12157956 1.03606796 -0.10017347
v -0.10013948 1.03388596 -0.10931017
v -0.04900023 1.07178903 -0.10909404
v -0.02518735 1.07069266 -0.10634853
v -0.17090142 1.03532016 -0.04364662
v -0.17632075 1.03131723 -0.01621969
v -0.14175698 1.03786457 -0.08607469
v -0.15852836 1.03714883 -0.06731936
v -0.17391838 1.02490222 0.01289701
v -0.11460601 0.99031293 0.10294156
v -0.09332421 0.98402286 0.12016274
v -0.04859764 0.97620541 0.14298120
v -0.02643769 0.97404605 0.14820573
v -0.16456988 1.01601911 0.03907719
v -0.07100712 0.97941971 0.13372771
v -0.15171592 1.00642276 0.06214513
v -0.13450798 0.99750537 0.08345944
v -0.07204528 1.07257605 -0.10910688
v -0.07549246 1.05103815 -0.11090416
v -0.09677516 1.05286264 -0.10688013
v -0.03911968 1.30915785 -0.14973800
v -0.06025766 1.31192827 -0.15088321
v -0.08064650 1.31638527 -0.15069482
v -0.09677123 1.34205198 -0.14902565
v -0.10034809 1.32306516 -0.14768383
v -0.11843878 1.33082819 -0.14288527
v -0.11556599 1.34908128 -0.14387187
v -0.14947464 1.36238241 -0.13339345
v -0.15016901 1.34615076 -0.13189632
v -0.16235742 1.35225368 -0.12829661
v -0.16212888 1.36735523 -0.13019931
v -0.17275584 1.35750854 -0.12511566
v -0.18065618 1.36130071 -0.12017813
v -0.18711051 1.36322832 -0.11397917
v -0.19474503 1.36024022 -0.11294234
v -0.20196351 1.38405454 -0.11436520
v -0.19237596 1.38746858 -0.11719469
v -0.14956297 1.37979877 -0.13274416
v -0.13333185 1.37402594 -0.13718873
v -0.03670609 1.34720397 -0.14755848
v -0.01771250 1.34447503 -0.14331275
v -0.17535210 1.27473021 -0.00062563
v -0.18004958 1.26887822 -0.02431763
v -0.18193470 1.26618814 -0.04664815
v -0.17954272 1.26691830 -0.06564415
v -0.17539246 1.27086234 -0.08331352
v -0.16899191 1.27672839 -0.09800138
v -0.16710025 1.29267848 -0.10815729
v -0.16146855 1.28504539 -0.11020081
v -0.16189784 1.30321157 -0.11709768
v -0.15410702 1.29541707 -0.11989289
v -0.14700063 1.30779529 -0.12779421
v -0.14024064 1.32187605 -0.13393995
v -0.13561967 1.33826935 -0.13713470
v -0.13356501 1.35574341 -0.13820811
v -0.11464161 1.36839771 -0.14246202
v -0.09577019 1.36217535 -0.14773381
v -0.07675183 1.37558627 -0.14819799
v -0.07729756 1.39405394 -0.14377077
v -0.07597267 1.35595393 -0.15105489
v -0.07651798 1.33576465 -0.15207882
v -0.07948769 1.48760116 -0.08803633
v -0.06170535 1.48006940 -0.10103083
v -0.21950631 1.32654679 -0.11111458
v -0.21406901 1.32312953 -0.11062632
v -0.21547022 1.31739402 -0.11011405
v -0.22533557 1.31906724 -0.11052322
v -0.23529370 1.32393861 -0.10945646
v -0.23387574 1.34103763 -0.10857561
v -0.22710134 1.33251166 -0.11053173
v -0.24387053 1.33223152 -0.10580955
v -0.24957958 1.34273851 -0.10071931
v -0.23925781 1.35094821 -0.10484705
v -0.25206053 1.35427606 -0.09524104
v -0.24256523 1.36061752 -0.10033584
v -0.25057116 1.36657465 -0.09124812
v -0.24404953 1.36819136 -0.09659958
v -0.22064351 1.39683735 -0.10208496
v -0.23012628 1.38706934 -0.09978221
v -0.23837666 1.37641418 -0.09785698
v -0.20225592 1.35393500 -0.11275322
v -0.21063606 1.34725940 -0.11278160
v -0.21882881 1.33998227 -0.11213804
v -0.22475761 1.34928584 -0.11096954
v -0.21614352 1.35713565 -0.11244600
v -0.20732777 1.36456978 -0.11384543
v -0.03694117 1.32887447 -0.14901999
v -0.05707279 1.33219957 -0.15105653
v -0.17328312 1.37169731 -0.12663177
v -0.18215846 1.37417424 -0.12236067
v -0.19004239 1.37417948 -0.11710211
v -0.19877203 1.37125790 -0.11482383
v -0.18421945 1.38781428 -0.12186116
v -0.17460924 1.38660169 -0.12600181
v -0.16288479 1.38368154 -0.12955168
v -0.05646701 1.35122383 -0.15044567
v -0.01840835 1.32664394 -0.14579156
v -0.19374777 1.41580200 0.02117320
v -0.20030080 1.43942547 0.00610491
v -0.20500113 1.45576262 -0.01716709
v -0.20365691 1.46112847 -0.04469971
v -0.27644479 1.17427635 -0.06399576
v -0.01973130 1.12273252 -0.11025745
v -0.02243347 1.09729898 -0.10641463
v -0.04541568 1.09653497 -0.11045355
v -0.01877687 1.24287975 -0.14078744
v -0.01951327 1.30765915 -0.14768311
v -0.11193733 1.30355668 0.10539022
v -0.09926456 1.30457008 0.10993390
v -0.10045853 1.31890285 0.10151352
v -0.11355182 1.31785738 0.09652483
v -0.13277575 1.30101287 0.09252144
v -0.12309205 1.30246365 0.09932399
v -0.12531708 1.31644607 0.09073781
v -0.13557385 1.31413555 0.08409642
v -0.14123744 1.29806197 0.08492151
v -0.14462213 1.31081736 0.07706149
v -0.12188521 1.28700542 0.10663299
v -0.11094505 1.28784907 0.11242975
v -0.09842890 1.28905308 0.11618750
v -0.13855039 1.28445292 0.09190059
v -0.13090345 1.28615248 0.09940696
v -0.00517187 1.51816130 0.07302620
v -0.00550661 1.52498055 0.08813260
v 0.00009135 1.56965709 0.10003604
v 0.00042211 1.57412636 0.09774812
v -0.01193258 1.44258499 0.03101896
v -0.01079948 1.45285308 0.02991976
v -0.01608656 1.30600023 0.10852084
v -0.01643926 1.34119403 0.09216892
v -0.01766452 1.35484362 0.08232068
v -0.01828566 1.37037539 0.07339573
v -0.01392176 1.43230450 0.03637829
v -0.01601607 1.32437539 0.10114966
v -0.16998129 0.84587008 -0.08095780
v -0.15059271 0.82915676 -0.10137723
v -0.15735708 0.85680556 -0.09846825
v -0.14317662 0.84454721 -0.11274292
v -0.17038932 0.92679864 -0.07437042
v -0.16853596 0.89939845 -0.08026865
v -0.17191775 0.95407557 -0.07188213
v -0.12270798 0.83742774 -0.12640449
v -0.09649742 0.83508921 -0.13602129
v -0.09416200 0.85548091 -0.14344510
v -0.15506187 0.95265925 -0.09726886
v -0.15481502 0.92628497 -0.09946997
v -0.14906737 0.86358404 -0.10831840
v -0.16491294 0.87589824 -0.08809717
v -0.15151554 0.87847507 -0.10619698
v -0.11902485 0.85622990 -0.13317961
v -0.13803798 0.85927224 -0.11981926
v -0.05968777 1.01205015 -0.12468228
v -0.03418537 0.99208510 -0.13418826
v -0.06297219 0.99268365 -0.13266641
v -0.14503890 1.02020216 -0.08832759
v -0.13043515 0.99948770 -0.10908003
v -0.13654347 0.87775040 -0.12227435
v -0.11689865 0.87710845 -0.13707766
v -0.09163137 0.87763119 -0.14833915
v -0.09101373 0.95126545 -0.14312530
v -0.09069363 0.92765301 -0.14796250
v -0.11492778 0.92597079 -0.13688883
v -0.11512391 0.95117539 -0.13241160
v -0.13437004 0.97698116 -0.11406066
v -0.13645780 0.95142049 -0.11722046
v -0.09006987 0.97369742 -0.13640758
v -0.11326827 0.97508997 -0.12736557
v -0.10913006 0.99698567 -0.12109914
v -0.13643917 0.92518431 -0.12033994
v -0.06082715 0.90381300 -0.15504368
v -0.09025773 0.90284348 -0.15014094
v -0.02953591 0.90443665 -0.15319942
v -0.08695424 0.99440348 -0.12857848
v -0.08312266 1.01447952 -0.12078900
v -0.07901980 1.03239322 -0.11404362
v -0.06839412 1.09552443 -0.11099196
v -0.11543113 0.60207236 0.07141152
v -0.00035943 0.78770494 0.01397854
v -0.00059261 0.79607809 -0.01590752
v -0.18516168 0.87422043 0.04156189
v -0.19120297 0.86161971 -0.03534770
v -0.17861260 0.87008476 -0.06455518
v -0.02436480 0.78713715 0.08836187
v -0.00874715 0.78205359 0.06373879
v -0.16610859 0.86439216 0.07036544
v -0.10943127 0.81853807 0.10874762
v -0.00243335 0.78251100 0.03909271
v -0.15312855 0.90112138 -0.10263548
v -0.13657799 0.90039313 -0.12206288
v -0.11561196 0.90090460 -0.13851145
v -0.06185283 0.87930262 -0.15367684
v -0.02947438 0.88108277 -0.15121625
v -0.02152518 0.83488649 0.11464946
v -0.01813874 0.84262538 0.12182178
v -0.00959757 0.84082031 0.12283067
v -0.00962721 0.82841778 0.11304836
v -0.11324427 0.96720648 0.10234003
v -0.09014167 0.96060574 0.11761443
v -0.04443971 0.95256591 0.13806131
v -0.02341975 0.95077336 0.14313011
v -0.16752994 0.99645650 0.04006687
v -0.06674003 0.95576251 0.12964961
v -0.15412430 0.98590165 0.06311690
v -0.13530593 0.97554612 0.08396464
v -0.07353339 0.15650117 -0.05275784
v -0.07400411 0.12773919 -0.04832594
v -0.07513175 0.12928104 -0.06357679
v -0.07161015 0.15854681 -0.06811701
v -0.08886652 0.16287887 -0.09651715
v -0.07679157 0.16093457 -0.08904456
v -0.10405855 0.16311526 -0.09792762
v -0.10202459 0.13240957 -0.09793163
v -0.11406419 0.13138652 -0.09021351
v -0.11799549 0.16173172 -0.09256872
v -0.12715544 0.16070747 -0.08248290
v -0.12952870 0.12984967 -0.06857247
v -0.13099006 0.12983382 -0.04959983
v -0.13583332 0.15819597 -0.05044006
v -0.13312092 0.15973783 -0.06969478
v -0.13018972 0.15396941 -0.02982434
v -0.12613307 0.12687302 -0.02901985
v -0.11443444 0.15153825 -0.01912769
v -0.07892339 0.15383720 -0.03575809
v -0.07741388 0.12607944 -0.03055004
v -0.08714302 0.13247585 -0.09701663
v -0.07701697 0.13090634 -0.08598588
v -0.07116497 0.15933096 -0.07872972
v -0.07582881 0.13013804 -0.07422608
v -0.07330953 0.10049963 -0.05884155
v -0.06823263 0.10047960 -0.04231812
v -0.08518524 0.10349286 -0.09685643
v -0.07952987 0.10236454 -0.08237581
v -0.10971963 0.10268974 -0.08819526
v -0.09949152 0.10366178 -0.09924093
v -0.12937234 0.10118604 -0.06806197
v -0.12261362 0.13061833 -0.08050242
v -0.12047781 0.10172546 -0.07910751
v -0.13153215 0.10220623 -0.04886169
v -0.12592894 0.10092032 -0.02503962
v -0.07254589 0.10029078 -0.02315363
v -0.07713704 0.10153854 -0.07009893
v -0.13128302 0.00681746 0.13713412
v -0.12385742 0.00589132 0.13852298
v -0.12501591 0.01156008 0.13718742
v -0.12977800 0.01158404 0.13639189
v -0.08914482 0.00629687 0.14519538
v -0.07702041 0.00239646 0.14327611
v -0.07758731 0.01527619 0.14535566
v -0.08633622 0.01733017 0.14723745
v -0.10859120 0.00568950 0.14600353
v -0.11701137 0.00585902 0.14566264
v -0.11490599 0.00192416 0.14231779
v -0.10961908 0.00201273 0.14260177
v -0.15419793 0.00954235 0.10662884
v -0.15995076 0.00919032 0.10359354
v -0.15896906 0.00528991 0.10242297
v -0.15452170 0.00483441 0.10360391
v -0.14051117 0.00618768 0.12565194
v -0.14659753 0.00583434 0.12307392
v -0.14533505 0.00219309 0.12087595
v -0.14136291 0.00145328 0.12245296
v -0.09096130 0.02225149 0.12480958
v -0.08967774 0.02119255 0.13902743
v -0.07579542 0.01839828 0.13602868
v -0.07538927 0.02340829 0.12199840
v -0.07003116 0.00814784 0.13174629
v -0.07872442 0.00230443 0.12879750
v -0.07768508 0.00223815 0.11430398
v -0.06930465 0.01114523 0.11621274
v -0.09180411 0.00195789 0.13127425
v -0.09219927 0.00194263 0.11789557
v -0.09968869 0.01050889 0.12246326
v -0.10032167 0.01105702 0.13762085
v -0.11956457 0.01165950 0.12554961
v -0.12225165 0.00877285 0.13778907
v -0.11576927 0.01527226 0.13893166
v -0.11403827 0.01963019 0.12688485
v -0.10687245 0.01468468 0.13997838
v -0.10200387 0.01907051 0.12772973
v -0.09888321 0.00808954 0.12532370
v -0.10091247 0.00740302 0.13960287
v -0.10639653 0.00198448 0.13555612
v -0.10424636 0.00245059 0.12199372
v -0.11410861 0.00324428 0.12215587
v -0.11613014 0.00176489 0.13496599
v -0.13250527 0.01904893 0.11936963
v -0.13124311 0.01384211 0.13052067
v -0.12334786 0.01348281 0.13125968
v -0.12155201 0.01833642 0.12137988
v -0.11901349 0.00520527 0.13118890
v -0.12474897 0.00160325 0.12941003
v -0.12310718 0.00279379 0.11861414
v -0.11774547 0.00749934 0.12114860
v -0.13327245 0.00372410 0.11782764
v -0.13265312 0.00145841 0.12880969
v -0.13776428 0.01224351 0.12019658
v -0.13672616 0.00804019 0.13017692
v -0.15352120 0.01168656 0.10635009
v -0.15091145 0.00735223 0.11570928
v -0.14760442 0.01320326 0.11709228
v -0.14960735 0.01867962 0.10675499
v -0.14139687 0.01396644 0.11886342
v -0.14113408 0.01823664 0.11083795
v -0.13700843 0.00878978 0.11965570
v -0.13978805 0.00131941 0.11699064
v -0.14060700 0.00327456 0.10850887
v -0.13786872 0.01164722 0.11285987
v -0.14716773 0.00126266 0.11524674
v -0.14933591 0.00360715 0.10504876
v -0.16357349 0.01856732 0.08907030
v -0.16542880 0.01111078 0.08565781
v -0.16399361 0.01008809 0.09681058
v -0.16168442 0.01581299 0.09822400
v -0.15586273 0.01651740 0.10070369
v -0.15673272 0.01950753 0.09446266
v -0.15199992 0.01142108 0.10107298
v -0.15329380 0.00416040 0.09840734
v -0.15433326 0.00487494 0.09208710
v -0.15405114 0.01310873 0.09619794
v -0.16044080 0.00440609 0.09665809
v -0.16108051 0.00548995 0.08755690
v -0.07589505 0.02724314 0.10765551
v -0.09586266 0.02306485 0.11140433
v -0.08032517 0.00229979 0.13875648
v -0.06983099 0.01307619 0.10134636
v -0.08764175 0.00207722 0.13961864
v -0.09634270 0.00237298 0.10570423
v -0.07899768 0.00310040 0.09946188
v -0.09826669 0.01033306 0.11629716
v -0.11516669 0.01167834 0.14503591
v -0.11739480 0.01009607 0.11561523
v -0.11720479 0.00289702 0.10562353
v -0.11008146 0.01136553 0.14557961
v -0.11586159 0.02265942 0.11025439
v -0.13516967 0.02145934 0.10190375
v -0.12613483 0.00168967 0.13592468
v -0.13040601 0.00163281 0.13547537
v -0.13706620 0.00297976 0.09982716
v -0.13859464 0.01301420 0.11059672
v -0.14580603 0.01052916 0.12269962
v -0.15494573 0.01359725 0.09620716
v -0.15251552 0.00353265 0.08852035
v -0.14220506 0.01095188 0.12380674
v -0.15257318 0.02238166 0.09032312
v -0.15881924 0.01287091 0.10261822
v -0.16711085 0.01189911 0.07211406
v -0.16240843 0.00424981 0.07565436
v -0.15580709 0.01364267 0.10441624
v -0.16456279 0.02132177 0.07760379
v -0.08721206 0.15115774 -0.02379131
v -0.08636018 0.12471879 -0.01771300
v -0.09936962 0.14988315 -0.01776975
v -0.11216216 0.12448680 -0.01666237
v -0.09869462 0.12311757 -0.01353345
v -0.08401056 0.09995770 -0.00816945
v -0.11183179 0.09887826 -0.01150736
v -0.09812396 0.09897089 -0.00531139
v -0.13049430 0.07919252 -0.07110768
v -0.13465746 0.07918918 -0.05067597
v -0.11884242 0.08003461 -0.08123256
v -0.09850264 0.08162010 -0.10302061
v -0.10929141 0.08090842 -0.09238003
v -0.08282509 0.07950020 0.00242651
v -0.07197993 0.07781720 -0.01685707
v -0.09849806 0.07984185 0.00745503
v -0.11550513 0.07995868 -0.00029110
v -0.07187375 0.03230238 0.09084285
v -0.07277634 0.03279865 0.06904798
v -0.08814733 0.04392922 0.07332072
v -0.09204698 0.03437436 0.09288950
v -0.10913404 0.04274178 0.06929796
v -0.11198606 0.03152025 0.08938877
v -0.12781456 0.03930843 0.06105851
v -0.13119702 0.03009391 0.08170396
v -0.14407383 0.03491819 0.05074552
v -0.14859472 0.02789235 0.07118428
v -0.15729250 0.02695429 0.03987679
v -0.16252279 0.02370000 0.06084506
v -0.16536067 0.01599026 0.03322430
v -0.16884907 0.01324666 0.05465072
v -0.06670401 0.01428342 0.08395784
v -0.06873380 0.01654541 0.06275922
v -0.07781626 0.00214243 0.08043912
v -0.07887442 0.00207448 0.05914029
v -0.09608885 0.00137353 0.08002422
v -0.09611381 0.00165749 0.05746704
v -0.16024788 0.00311494 0.03498916
v -0.16272224 0.00184429 0.05742790
v -0.11604001 0.00152564 0.07659391
v -0.11526988 0.00252032 0.05322845
v -0.13462897 0.00049520 0.07081683
v -0.13310738 0.00141442 0.04696418
v -0.15023482 0.00000000 0.06386981
v -0.14811192 0.00054467 0.04031088
v -0.08398309 0.05046284 0.04889128
v -0.10521489 0.05573714 0.04798912
v -0.12318585 0.05121338 0.03822985
v -0.13829322 0.04400349 0.02658342
v -0.15023142 0.03235662 0.01533581
v -0.15936659 0.02087867 0.00941261
v -0.13618605 0.05692315 -0.00226954
v -0.14324901 0.03591144 -0.01141167
v -0.15028368 0.02300811 -0.01487393
v -0.13859397 0.03844464 -0.03828447
v -0.14278597 0.02458346 -0.03929436
v -0.12874681 0.03965294 -0.08179089
v -0.13349570 0.02451372 -0.08390432
v -0.13769861 0.02582335 -0.06363805
v -0.13346101 0.03993356 -0.06283464
v -0.13505483 0.05787635 -0.03228590
v -0.13161756 0.05929899 -0.05758347
v -0.12595434 0.05984569 -0.07607785
v -0.11640410 0.02433968 -0.10767420
v -0.12688960 0.02398622 -0.09760086
v -0.12368467 0.03988135 -0.09529632
v -0.11523198 0.04104483 -0.10712520
v -0.09831290 0.04110968 -0.11454278
v -0.09907454 0.02385569 -0.11151994
v -0.08122131 0.03932381 -0.10348990
v -0.08138236 0.02245653 -0.10269422
v -0.11181308 0.06143951 -0.09938063
v -0.11891627 0.06020200 -0.08828683
v -0.09881599 0.06214118 -0.10796198
v -0.08345124 0.06063783 -0.09902609
v -0.08034523 0.05896091 -0.08181918
v -0.07686374 0.03741205 -0.08404203
v -0.07362563 0.02142954 -0.08450969
v -0.07327168 0.03401983 0.04295626
v -0.07313859 0.02026892 0.03789788
v -0.11998117 0.06575894 0.01730577
v -0.10061391 0.06771159 0.02624708
v -0.08011609 0.06033468 0.01883322
v -0.07140127 0.03715861 0.01491684
v -0.07584796 0.02218533 0.01037921
v -0.07660402 0.02298653 -0.01458326
v -0.07017974 0.03657281 -0.01194379
v -0.08155844 0.00888574 0.03401436
v -0.08487533 0.01460958 0.00737005
v -0.08420876 0.01583052 -0.01697643
v -0.07441230 0.02255309 -0.03646303
v -0.07062629 0.03640866 -0.03492169
v -0.07413372 0.02267122 -0.05416384
v -0.07344633 0.03762555 -0.05337180
v -0.07540262 0.03789997 -0.06806706
v -0.07320441 0.02209258 -0.06875404
v -0.07388955 0.05836952 -0.05390500
v -0.07707381 0.05930495 -0.06721810
v -0.07032660 0.05646336 -0.03496726
v -0.07050207 0.05709898 -0.01099403
v -0.15553543 0.00700629 0.01025367
v -0.14820658 0.01091814 -0.01418956
v -0.14049205 0.01436520 -0.03822309
v -0.13465340 0.01417983 -0.06212226
v -0.12789057 0.01302063 -0.08064939
v -0.12142466 0.01280928 -0.09228703
v -0.09828011 0.01428258 -0.10334986
v -0.11232083 0.01367760 -0.10090402
v -0.08567300 0.01319063 -0.09740897
v -0.08023325 0.01150239 -0.08260471
v -0.07919006 0.01062810 -0.06928582
v -0.08151283 0.01387012 -0.03853181
v -0.07960603 0.01145840 -0.05525561
v -0.06710761 0.07704186 -0.03824957
v -0.07067822 0.07785451 -0.05679128
v -0.07542010 0.07916200 -0.06850050
v -0.08400790 0.08135724 -0.09595665
v -0.07952448 0.08018339 -0.08046053
v -0.09651095 0.00472653 0.03099642
v -0.11431450 0.00496912 0.02635737
v -0.13080782 0.00418210 0.02020354
v -0.14436609 0.00373864 0.01446523
v -0.13924308 0.00691402 -0.01093513
v -0.12686244 0.00700843 -0.00659729
v -0.11143836 0.00728786 -0.00131007
v -0.09633721 0.00995719 0.00392358
v -0.13206223 0.00912631 -0.03485912
v -0.12113024 0.00817764 -0.03067929
v -0.10711310 0.00827169 -0.02632075
v -0.09422714 0.01039314 -0.02067878
v -0.09051763 0.00837529 -0.04245651
v -0.10179473 0.00753558 -0.04836113
v -0.11417681 0.00794864 -0.05248166
v -0.12463760 0.00946641 -0.05734657
v -0.11859165 0.00934792 -0.07459821
v -0.10883076 0.00845301 -0.06898527
v -0.09781890 0.00772262 -0.06433961
v -0.08858584 0.00797904 -0.05938032
v -0.11358053 0.00982916 -0.08482192
v -0.09906264 0.01054573 -0.09510787
v -0.10753935 0.01039386 -0.09148287
v -0.09078968 0.00976396 -0.09181690
v -0.08798047 0.00886476 -0.08155531
v -0.08771940 0.00812602 -0.07087550
v -0.09610933 0.00839078 -0.07425117
v -0.09518142 0.00905442 -0.08199109
v -0.10580645 0.00908828 -0.07827156
v -0.10263363 0.00979114 -0.08525275
v -0.09519796 0.00972366 -0.08795843
v -0.09900697 0.01007783 -0.08942764
v -0.12772427 0.07705355 -0.02129019
v -0.09613965 0.43411362 0.02208634
v -0.08048983 0.43710119 0.01641677
v -0.11369306 0.43570369 0.02323650
v -0.13987133 0.85466170 0.09272584
v -0.09668241 1.10196698 0.11679216
v -0.09623711 1.14636183 0.10914156
v -0.09622665 1.12406063 0.11305280
v -0.14110456 0.82477713 0.09694622
v -0.14478068 1.17217028 0.04965131
v -0.11609180 1.33183575 0.08675922
v -0.08090892 1.62144709 -0.01526367
v -0.07900780 1.61800206 -0.01627499
v -0.07799755 1.61474895 -0.01825272
v -0.07737194 1.61224627 -0.02128002
v -0.07667254 1.61018598 -0.02452126
v -0.07488912 1.60997391 -0.02781690
v -0.07989491 1.61596978 -0.02123474
v -0.07709751 1.61869991 -0.02442114
v -0.07753247 1.62033737 -0.02247630
v -0.08014793 1.61837983 -0.01943185
f 2 3 1
f 1 3 4
f 3 2 5
f 5 2 6
f 3 7 4
f 4 7 8
f 10 11 9
f 9 11 12
f 14 15 13
f 13 15 16
f 18 19 17
f 17 19 20
f 22 23 21
f 21 23 24
f 26 18 25
f 25 18 17
f 27 28 17
f 17 28 25
f 30 31 29
f 29 31 32
f 34 35 33
f 33 35 36
f 21 24 37
f 37 24 38
f 40 31 39
f 39 31 38
f 34 33 28
f 28 33 25
f 41 42 44
f 44 42 43
f 36 45 33
f 33 45 25
f 46 47 49
f 49 47 48
f 51 52 50
f 50 52 53
f 55 53 54
f 54 53 52
f 57 58 56
f 56 58 59
f 61 62 60
f 60 62 63
f 65 66 64
f 64 66 67
f 69 70 68
f 68 70 71
f 65 73 72
f 72 73 74
f 64 75 65
f 65 75 73
f 77 78 76
f 76 78 79
f 80 81 83
f 83 81 82
f 81 85 84
f 84 85 86
f 88 89 87
f 87 89 69
f 88 87 90
f 90 87 91
f 93 94 92
f 92 94 95
f 96 84 43
f 43 84 44
f 51 98 97
f 97 98 86
f 97 99 51
f 51 99 52
f 54 52 100
f 100 52 99
f 58 101 59
f 59 101 102
f 62 103 63
f 63 103 104
f 105 106 6
f 6 106 5
f 108 109 107
f 107 109 110
f 112 113 111
f 111 113 114
f 116 117 115
f 115 117 118
f 120 121 119
f 119 121 122
f 124 125 123
f 123 125 126
f 128 129 127
f 127 129 130
f 130 131 127
f 127 131 132
f 134 1 133
f 133 1 135
f 1 4 135
f 135 4 136
f 4 8 136
f 136 8 137
f 138 139 15
f 15 139 140
f 140 139 141
f 141 139 142
f 144 57 143
f 143 57 56
f 145 146 141
f 141 146 147
f 146 149 148
f 148 149 150
f 152 153 151
f 151 153 154
f 141 147 140
f 140 147 155
f 157 11 156
f 156 11 158
f 160 161 159
f 159 161 162
f 164 165 163
f 163 165 166
f 165 160 166
f 166 160 159
f 168 169 167
f 167 169 170
f 169 171 170
f 170 171 172
f 149 173 150
f 150 173 174
f 175 176 149
f 149 176 173
f 178 172 177
f 177 172 171
f 180 181 179
f 179 181 182
f 184 180 183
f 183 180 179
f 186 187 185
f 185 187 188
f 190 191 189
f 189 191 192
f 7 193 8
f 8 193 194
f 196 162 195
f 195 162 161
f 197 168 198
f 198 168 167
f 181 199 182
f 182 199 200
f 202 203 201
f 201 203 204
f 187 186 205
f 205 186 206
f 208 209 207
f 207 209 210
f 212 213 211
f 211 213 214
f 215 216 218
f 218 216 217
f 220 209 219
f 219 209 208
f 204 186 221
f 221 186 185
f 201 204 222
f 222 204 221
f 223 211 220
f 220 211 209
f 224 225 214
f 214 225 210
f 203 206 204
f 204 206 186
f 227 187 226
f 226 187 205
f 27 228 21
f 21 228 22
f 230 231 229
f 229 231 232
f 234 235 233
f 233 235 236
f 238 239 237
f 237 239 240
f 119 122 118
f 118 122 115
f 112 242 241
f 241 242 243
f 98 51 244
f 244 51 50
f 245 138 14
f 14 138 15
f 11 10 158
f 158 10 246
f 89 85 69
f 69 85 70
f 11 157 12
f 12 157 247
f 249 164 248
f 248 164 163
f 177 250 178
f 178 250 251
f 253 254 252
f 252 254 255
f 187 227 188
f 188 227 256
f 212 257 213
f 213 257 258
f 260 134 259
f 259 134 133
f 165 164 135
f 135 164 133
f 160 165 136
f 136 165 135
f 136 137 160
f 160 137 161
f 137 261 161
f 161 261 195
f 263 264 262
f 262 264 265
f 13 16 266
f 266 16 267
f 268 267 155
f 155 267 16
f 147 269 155
f 155 269 268
f 162 196 167
f 167 196 198
f 167 170 162
f 162 170 159
f 170 172 159
f 159 172 166
f 172 178 166
f 166 178 163
f 178 251 163
f 163 251 248
f 168 270 169
f 169 270 271
f 272 273 171
f 171 273 177
f 271 272 169
f 169 272 171
f 168 197 270
f 270 197 274
f 250 177 275
f 275 177 273
f 277 45 276
f 276 45 278
f 280 281 279
f 279 281 282
f 284 104 283
f 283 104 103
f 285 215 286
f 286 215 218
f 288 289 287
f 287 289 290
f 291 80 66
f 66 80 83
f 293 294 292
f 292 294 295
f 73 91 74
f 74 91 87
f 91 73 92
f 92 73 75
f 279 77 280
f 280 77 76
f 80 291 70
f 70 291 71
f 277 47 96
f 96 47 82
f 297 175 296
f 296 175 149
f 299 154 298
f 298 154 153
f 225 300 210
f 210 300 207
f 224 301 206
f 206 301 205
f 210 209 214
f 214 209 211
f 226 205 302
f 302 205 301
f 304 305 303
f 303 305 306
f 308 309 307
f 307 309 310
f 72 291 65
f 65 291 66
f 66 83 67
f 67 83 46
f 312 313 311
f 311 313 314
f 316 317 315
f 315 317 36
f 29 318 35
f 35 318 319
f 321 32 320
f 320 32 322
f 311 314 323
f 323 314 324
f 315 325 316
f 316 325 326
f 318 287 319
f 319 287 290
f 328 321 327
f 327 321 320
f 329 330 39
f 39 330 331
f 332 333 40
f 40 333 322
f 309 334 285
f 285 334 335
f 236 2 134
f 134 2 1
f 260 336 233
f 233 336 337
f 237 14 265
f 265 14 13
f 84 86 44
f 44 86 98
f 189 192 7
f 7 192 193
f 44 98 41
f 41 98 244
f 237 240 14
f 14 240 245
f 7 3 189
f 189 3 5
f 338 71 72
f 72 71 291
f 262 265 266
f 266 265 13
f 124 123 339
f 339 123 105
f 123 109 105
f 105 109 106
f 189 5 190
f 190 5 106
f 111 114 12
f 12 114 9
f 264 340 265
f 265 340 237
f 342 343 341
f 341 343 344
f 6 235 105
f 105 235 339
f 234 346 345
f 345 346 347
f 349 350 348
f 348 350 351
f 107 352 108
f 108 352 353
f 355 356 354
f 354 356 357
f 237 340 238
f 238 340 358
f 12 247 111
f 111 247 359
f 264 263 116
f 116 263 360
f 361 362 222
f 222 362 201
f 364 365 363
f 363 365 366
f 368 369 367
f 367 369 370
f 372 373 371
f 371 373 374
f 375 376 372
f 372 376 377
f 378 379 381
f 381 379 380
f 382 383 269
f 269 383 268
f 150 174 365
f 365 174 384
f 380 377 381
f 381 377 376
f 271 270 180
f 180 270 181
f 273 272 252
f 252 272 184
f 272 271 184
f 184 271 180
f 181 270 274
f 252 255 273
f 273 255 275
f 254 385 255
f 255 385 386
f 387 388 179
f 179 388 183
f 389 387 182
f 182 387 179
f 182 200 389
f 389 200 390
f 388 391 183
f 183 391 253
f 391 392 253
f 253 392 254
f 394 379 393
f 393 379 378
f 185 188 395
f 395 188 396
f 221 185 397
f 397 185 395
f 222 221 398
f 398 221 397
f 188 256 396
f 396 256 399
f 400 401 256
f 256 401 399
f 402 403 405
f 405 403 404
f 148 150 364
f 364 150 365
f 393 406 394
f 394 406 407
f 158 246 393
f 393 246 406
f 342 19 238
f 238 19 239
f 23 22 350
f 350 22 354
f 244 50 245
f 245 50 138
f 55 142 53
f 53 142 139
f 145 144 296
f 296 144 143
f 355 228 341
f 341 228 20
f 41 240 42
f 42 240 239
f 283 308 284
f 284 308 307
f 349 409 408
f 408 409 410
f 244 245 41
f 41 245 240
f 268 383 406
f 406 383 407
f 346 411 349
f 349 411 409
f 251 412 248
f 248 412 413
f 275 414 250
f 250 414 415
f 25 45 26
f 26 45 277
f 43 26 96
f 96 26 277
f 416 417 61
f 61 417 62
f 329 24 408
f 408 24 23
f 31 40 32
f 32 40 322
f 39 38 329
f 329 38 24
f 37 38 30
f 30 38 31
f 418 419 421
f 421 419 420
f 78 295 79
f 79 295 294
f 124 339 422
f 422 339 345
f 232 131 357
f 357 131 351
f 2 236 6
f 6 236 235
f 252 184 253
f 253 184 183
f 227 423 256
f 256 423 400
f 423 227 305
f 305 227 226
f 424 258 425
f 425 258 257
f 426 427 212
f 212 427 257
f 259 133 249
f 249 133 164
f 419 418 428
f 428 418 429
f 327 430 328
f 328 430 288
f 49 431 46
f 46 431 67
f 306 302 424
f 424 302 258
f 313 432 314
f 314 432 433
f 32 321 29
f 29 321 318
f 324 314 433
f 287 318 328
f 328 318 321
f 134 260 236
f 236 260 233
f 345 339 234
f 234 339 235
f 357 351 354
f 354 351 350
f 408 23 349
f 349 23 350
f 317 278 36
f 36 278 45
f 432 313 429
f 429 313 428
f 435 428 434
f 434 428 313
f 42 239 18
f 18 239 19
f 43 42 26
f 26 42 18
f 121 120 436
f 436 120 437
f 302 301 258
f 258 301 213
f 110 109 126
f 126 109 123
f 238 358 342
f 342 358 343
f 341 20 342
f 342 20 19
f 322 438 320
f 320 438 439
f 320 439 327
f 327 439 430
f 333 440 322
f 322 440 438
f 289 288 323
f 323 288 430
f 115 340 116
f 116 340 264
f 146 145 149
f 149 145 296
f 15 140 16
f 16 140 155
f 441 442 152
f 152 442 153
f 225 224 203
f 203 224 206
f 175 297 154
f 154 297 151
f 293 443 294
f 294 443 444
f 248 413 249
f 249 413 445
f 446 447 400
f 400 447 401
f 388 387 396
f 396 387 395
f 387 389 395
f 395 389 397
f 391 388 399
f 399 388 396
f 401 392 399
f 399 392 391
f 255 386 275
f 275 386 414
f 449 450 448
f 448 450 451
f 335 452 285
f 285 452 215
f 453 298 442
f 442 298 153
f 211 223 212
f 212 223 426
f 425 257 454
f 454 257 427
f 266 10 262
f 262 10 9
f 360 113 456
f 456 113 455
f 8 194 137
f 137 194 261
f 10 266 246
f 246 266 267
f 203 202 225
f 225 202 300
f 262 9 263
f 263 9 114
f 108 353 190
f 190 353 191
f 389 390 397
f 397 390 398
f 457 422 128
f 128 422 129
f 156 158 378
f 378 158 393
f 347 346 348
f 348 346 349
f 447 458 401
f 401 458 392
f 364 382 148
f 148 382 269
f 55 54 57
f 57 54 58
f 75 64 459
f 459 64 460
f 100 90 101
f 101 90 95
f 101 58 100
f 100 58 54
f 142 55 144
f 144 55 57
f 147 146 269
f 269 146 148
f 459 93 75
f 75 93 92
f 144 145 142
f 142 145 141
f 228 27 20
f 20 27 17
f 154 299 175
f 175 299 176
f 214 213 224
f 224 213 301
f 424 461 306
f 306 461 303
f 285 286 309
f 309 286 310
f 462 334 308
f 308 334 309
f 302 306 226
f 226 306 305
f 37 28 21
f 21 28 27
f 29 35 30
f 30 35 34
f 30 34 37
f 37 34 28
f 344 436 356
f 356 436 229
f 325 290 326
f 326 290 289
f 311 439 312
f 312 439 438
f 35 319 36
f 36 319 315
f 439 311 430
f 430 311 323
f 315 319 325
f 325 319 290
f 440 463 438
f 438 463 312
f 341 344 355
f 355 344 356
f 360 456 116
f 116 456 117
f 354 22 355
f 355 22 228
f 326 289 324
f 324 289 323
f 74 87 68
f 68 87 69
f 50 53 138
f 138 53 139
f 268 406 267
f 267 406 246
f 190 106 108
f 108 106 109
f 241 455 112
f 112 455 113
f 358 122 343
f 343 122 121
f 129 347 130
f 130 347 348
f 348 351 130
f 130 351 131
f 229 232 356
f 356 232 357
f 340 115 358
f 358 115 122
f 111 359 112
f 112 359 242
f 125 124 457
f 457 124 422
f 231 132 232
f 232 132 131
f 343 121 344
f 344 121 436
f 263 114 360
f 360 114 113
f 347 129 345
f 345 129 422
f 230 229 437
f 437 229 436
f 464 446 423
f 423 446 400
f 465 466 468
f 468 466 467
f 470 471 469
f 469 471 472
f 469 472 373
f 373 472 374
f 474 469 473
f 473 469 373
f 471 475 472
f 472 475 476
f 472 477 374
f 374 477 478
f 477 472 476
f 479 480 476
f 476 480 477
f 473 373 377
f 377 373 372
f 481 482 479
f 479 482 480
f 483 484 481
f 481 484 482
f 403 402 485
f 485 402 486
f 487 488 483
f 483 488 484
f 487 489 488
f 488 489 490
f 489 491 490
f 490 491 492
f 491 493 492
f 492 493 494
f 493 495 494
f 494 495 496
f 497 498 481
f 481 498 483
f 484 499 482
f 482 499 367
f 370 480 367
f 367 480 482
f 480 370 477
f 477 370 478
f 500 497 479
f 479 497 481
f 451 473 380
f 380 473 377
f 448 451 379
f 379 451 380
f 501 502 504
f 504 502 503
f 449 505 507
f 507 505 506
f 486 508 505
f 505 508 506
f 508 509 506
f 506 509 510
f 511 507 510
f 510 507 506
f 509 508 512
f 512 508 513
f 515 509 514
f 514 509 512
f 509 515 510
f 510 515 516
f 510 516 511
f 511 516 517
f 486 505 485
f 485 505 518
f 505 449 518
f 518 449 448
f 383 382 403
f 403 382 404
f 363 404 364
f 364 404 382
f 403 485 383
f 383 485 407
f 519 520 361
f 361 520 362
f 522 496 521
f 521 496 495
f 450 474 451
f 451 474 473
f 363 366 523
f 523 366 524
f 525 499 488
f 488 499 484
f 488 490 525
f 525 490 526
f 496 522 520
f 520 522 527
f 494 496 519
f 519 496 520
f 492 494 528
f 528 494 519
f 529 530 495
f 495 530 521
f 490 492 526
f 526 492 528
f 529 495 531
f 531 495 493
f 533 534 532
f 532 534 535
f 523 524 533
f 533 524 534
f 486 402 532
f 532 402 533
f 529 536 530
f 530 536 537
f 536 538 537
f 537 538 539
f 540 541 539
f 539 541 537
f 530 537 535
f 535 537 541
f 542 539 543
f 543 539 538
f 539 542 540
f 540 542 544
f 541 540 513
f 513 540 512
f 540 544 512
f 512 544 514
f 546 547 545
f 545 547 548
f 549 550 531
f 531 550 551
f 550 549 552
f 552 549 553
f 546 550 554
f 554 550 552
f 547 546 555
f 555 546 554
f 498 556 558
f 558 556 557
f 559 557 560
f 560 557 556
f 561 562 560
f 560 562 559
f 557 559 552
f 552 559 554
f 559 562 554
f 554 562 555
f 558 557 553
f 553 557 552
f 475 471 563
f 563 471 564
f 565 563 567
f 567 563 566
f 471 470 564
f 564 470 466
f 564 466 568
f 568 466 465
f 568 465 569
f 569 465 570
f 572 573 571
f 571 573 574
f 569 575 567
f 567 575 576
f 577 565 576
f 576 565 567
f 578 579 581
f 581 579 580
f 575 561 576
f 576 561 560
f 556 577 560
f 560 577 576
f 577 556 497
f 497 556 498
f 565 577 500
f 500 577 497
f 563 565 475
f 475 565 500
f 553 489 558
f 558 489 487
f 531 493 549
f 549 493 491
f 489 553 491
f 491 553 549
f 394 407 518
f 518 407 485
f 518 448 394
f 394 448 379
f 545 548 538
f 538 548 543
f 551 545 536
f 536 545 538
f 536 529 551
f 551 529 531
f 507 582 449
f 449 582 450
f 511 583 507
f 507 583 582
f 511 517 583
f 583 517 584
f 585 586 588
f 588 586 587
f 590 591 589
f 589 591 592
f 591 590 593
f 593 590 594
f 596 597 595
f 595 597 598
f 599 600 602
f 602 600 601
f 604 605 603
f 603 605 606
f 608 609 607
f 607 609 610
f 612 613 611
f 611 613 614
f 615 616 618
f 618 616 617
f 620 621 619
f 619 621 622
f 624 625 623
f 623 625 626
f 628 629 627
f 627 629 630
f 632 633 631
f 631 633 634
f 635 636 638
f 638 636 637
f 639 640 642
f 642 640 641
f 644 645 643
f 643 645 646
f 619 622 647
f 647 622 648
f 650 651 649
f 649 651 652
f 601 653 602
f 602 653 654
f 656 657 655
f 655 657 658
f 660 661 659
f 659 661 662
f 664 665 663
f 663 665 666
f 593 594 667
f 667 594 668
f 669 670 672
f 672 670 671
f 673 674 676
f 676 674 675
f 633 632 677
f 677 632 678
f 663 666 679
f 679 666 680
f 681 682 684
f 684 682 683
f 686 687 685
f 685 687 688
f 690 661 689
f 689 661 691
f 693 686 692
f 692 686 685
f 695 597 694
f 694 597 668
f 594 696 668
f 668 696 694
f 697 698 696
f 696 698 699
f 700 701 697
f 697 701 698
f 702 585 703
f 703 585 588
f 671 690 672
f 672 690 689
f 640 639 704
f 704 639 705
f 679 706 663
f 663 706 658
f 708 709 707
f 707 709 710
f 711 712 610
f 610 712 607
f 713 714 716
f 716 714 715
f 717 718 720
f 720 718 719
f 722 634 721
f 721 634 633
f 724 725 723
f 723 725 726
f 728 729 727
f 727 729 730
f 732 733 731
f 731 733 734
f 707 710 735
f 735 710 736
f 643 737 644
f 644 737 738
f 740 741 739
f 739 741 742
f 608 744 743
f 743 744 745
f 747 748 746
f 746 748 749
f 751 752 750
f 750 752 753
f 754 755 757
f 757 755 756
f 758 759 761
f 761 759 760
f 763 764 762
f 762 764 765
f 767 768 766
f 766 768 769
f 771 772 770
f 770 772 773
f 775 776 774
f 774 776 777
f 779 780 778
f 778 780 781
f 783 712 782
f 782 712 784
f 785 786 788
f 788 786 787
f 790 628 789
f 789 628 627
f 792 793 791
f 791 793 794
f 795 796 726
f 726 796 723
f 798 799 797
f 797 799 800
f 721 633 801
f 801 633 677
f 797 800 802
f 802 800 803
f 805 806 804
f 804 806 807
f 809 810 808
f 808 810 811
f 813 814 812
f 812 814 815
f 809 808 817
f 817 808 816
f 818 819 804
f 804 819 805
f 820 821 818
f 818 821 819
f 821 820 587
f 587 820 822
f 809 823 810
f 810 823 824
f 814 807 815
f 815 807 806
f 826 426 825
f 825 426 223
f 426 826 427
f 427 826 827
f 828 829 454
f 454 829 830
f 831 832 677
f 677 832 801
f 834 835 833
f 833 835 836
f 838 839 837
f 837 839 840
f 841 842 844
f 844 842 843
f 845 846 803
f 803 846 802
f 847 831 678
f 678 831 677
f 848 849 851
f 851 849 850
f 853 854 852
f 852 854 855
f 857 858 856
f 856 858 680
f 860 861 859
f 859 861 862
f 864 865 863
f 863 865 866
f 868 869 867
f 867 869 870
f 839 871 840
f 840 871 872
f 849 848 874
f 874 848 873
f 876 877 875
f 875 877 878
f 880 881 879
f 879 881 882
f 883 884 886
f 886 884 885
f 846 887 802
f 802 887 888
f 890 891 889
f 889 891 888
f 893 894 892
f 892 894 895
f 896 897 728
f 728 897 729
f 899 900 898
f 898 900 901
f 902 852 904
f 904 852 903
f 849 905 850
f 850 905 906
f 875 878 907
f 907 878 908
f 910 911 909
f 909 911 912
f 914 915 913
f 913 915 916
f 917 918 862
f 862 918 859
f 919 920 856
f 856 920 921
f 923 924 922
f 922 924 925
f 926 927 925
f 925 927 922
f 929 930 928
f 928 930 693
f 932 695 931
f 931 695 694
f 823 867 824
f 824 867 933
f 935 936 934
f 934 936 937
f 938 868 823
f 823 868 867
f 940 847 939
f 939 847 678
f 632 655 678
f 678 655 939
f 941 942 619
f 619 942 620
f 687 943 688
f 688 943 944
f 851 850 945
f 945 850 903
f 850 906 903
f 903 906 904
f 946 947 949
f 949 947 948
f 951 952 950
f 950 952 953
f 955 956 954
f 954 956 957
f 907 958 875
f 875 958 874
f 960 961 959
f 959 961 962
f 963 853 902
f 902 853 852
f 909 964 910
f 910 964 965
f 967 968 966
f 966 968 969
f 971 972 970
f 970 972 973
f 974 960 975
f 975 960 959
f 977 978 976
f 976 978 979
f 981 977 980
f 980 977 976
f 980 982 981
f 981 982 983
f 985 983 984
f 984 983 982
f 984 986 985
f 985 986 987
f 989 990 988
f 988 990 991
f 993 994 992
f 992 994 995
f 997 998 996
f 996 998 999
f 1001 1002 1000
f 1000 1002 1003
f 1005 1006 1004
f 1004 1006 1007
f 1004 1008 1005
f 1005 1008 1009
f 1008 1010 1009
f 1009 1010 1011
f 1013 1011 1012
f 1012 1011 1010
f 1014 1015 1017
f 1017 1015 1016
f 1019 1020 1018
f 1018 1020 1021
f 1022 1023 976
f 976 1023 980
f 1024 1025 982
f 982 1025 984
f 992 995 1026
f 1026 995 1027
f 956 955 1028
f 1028 955 1029
f 1030 1031 1033
f 1033 1031 1032
f 1010 1008 1034
f 1034 1008 1035
f 1008 1004 1035
f 1035 1004 1036
f 1037 1038 1002
f 1002 1038 1007
f 1002 1001 1037
f 1037 1001 1039
f 1040 1041 997
f 997 1041 998
f 1015 1014 1043
f 1043 1014 1042
f 1044 1045 1047
f 1047 1045 1046
f 1044 1020 1048
f 1048 1020 1049
f 1050 1051 1003
f 1003 1051 1000
f 1052 1050 1006
f 1006 1050 1003
f 1053 1054 1011
f 1011 1054 1009
f 1013 1045 1055
f 1055 1045 1056
f 1058 1059 1057
f 1057 1059 1060
f 1062 1063 1061
f 1061 1063 1064
f 1065 1066 1050
f 1050 1066 1051
f 1067 1065 1052
f 1052 1065 1050
f 1068 1069 1054
f 1054 1069 1070
f 1071 1068 1053
f 1053 1068 1054
f 1073 1071 1072
f 1072 1071 1074
f 1074 1071 1055
f 1055 1071 1053
f 1076 1077 1075
f 1075 1077 1078
f 1079 1080 1057
f 1057 1080 1058
f 1081 1082 1064
f 1064 1082 1061
f 1084 1085 1083
f 1083 1085 1086
f 1088 1089 1087
f 1087 1089 1090
f 1092 1093 1091
f 1091 1093 1094
f 1096 1097 1095
f 1095 1097 1098
f 1099 1100 1102
f 1102 1100 1101
f 1103 1104 1099
f 1099 1104 1100
f 1106 1107 1105
f 1105 1107 1108
f 1110 1111 1109
f 1109 1111 1112
f 1114 1115 1113
f 1113 1115 1116
f 1118 1119 1117
f 1117 1119 1077
f 1117 1120 1122
f 1122 1120 1121
f 1105 1123 1106
f 1106 1123 1124
f 1125 1126 1128
f 1128 1126 1127
f 1130 1131 1129
f 1129 1131 1132
f 1134 1135 1133
f 1133 1135 1114
f 1113 1136 1114
f 1114 1136 1133
f 1118 1137 1113
f 1113 1137 1136
f 1118 1117 1137
f 1137 1117 1122
f 1139 1140 1138
f 1138 1140 1141
f 1143 953 1142
f 1142 953 952
f 1145 957 1144
f 1144 957 956
f 1028 1146 956
f 956 1146 1144
f 1014 1147 1042
f 1042 1147 1148
f 1014 1017 1147
f 1147 1017 1149
f 1059 1058 1150
f 1150 1058 1151
f 1153 1080 1152
f 1152 1080 1154
f 1156 1088 1155
f 1155 1088 1087
f 1157 1158 1106
f 1106 1158 1107
f 1106 1124 1157
f 1157 1124 1159
f 1161 1162 1160
f 1160 1162 1163
f 1165 1166 1164
f 1164 1166 1167
f 1168 1031 1012
f 1012 1031 1046
f 1024 1023 1035
f 1035 1023 1034
f 1036 1038 1025
f 1025 1038 1169
f 1170 1171 1039
f 1039 1171 1037
f 1028 1029 1042
f 1042 1029 1043
f 1172 1173 1175
f 1175 1173 1174
f 1055 1053 1013
f 1013 1053 1011
f 1005 1009 1070
f 1070 1009 1054
f 996 999 1062
f 1062 999 1063
f 1016 1060 1017
f 1017 1060 1059
f 1017 1059 1149
f 1149 1059 1150
f 1177 1178 1176
f 1176 1178 1103
f 1176 1072 1179
f 1179 1072 1074
f 1073 1102 1086
f 1086 1102 1083
f 1180 1181 1067
f 1067 1181 1065
f 1182 1183 1184
f 1184 1183 1181
f 1186 1187 1185
f 1185 1187 1188
f 1189 1190 798
f 798 1190 799
f 1192 1193 1191
f 1191 1193 1194
f 1195 1196 1194
f 1194 1196 1191
f 1196 1195 1198
f 1198 1195 1197
f 1200 674 1199
f 1199 674 673
f 928 1201 1203
f 1203 1201 1202
f 861 1204 862
f 862 1204 921
f 1205 1206 913
f 913 1206 1207
f 882 1208 879
f 879 1208 1209
f 1210 1211 1167
f 1167 1211 1164
f 1212 769 1213
f 1213 769 768
f 727 1214 728
f 728 1214 1215
f 1217 1218 1216
f 1216 1218 1219
f 1220 813 1221
f 1221 813 812
f 827 828 427
f 427 828 454
f 1223 1224 1222
f 1222 1224 1165
f 1226 1227 1225
f 1225 1227 1228
f 851 1229 848
f 848 1229 1230
f 834 854 835
f 835 854 1231
f 1233 1234 1232
f 1232 1234 1235
f 1237 751 1236
f 1236 751 750
f 743 819 1238
f 1238 819 821
f 1240 1241 1239
f 1239 1241 1242
f 1244 1245 1243
f 1243 1245 1246
f 844 1247 841
f 841 1247 1248
f 1250 1251 1249
f 1249 1251 1252
f 1254 893 1253
f 1253 893 1237
f 1255 1256 1258
f 1258 1256 1257
f 1260 1261 1259
f 1259 1261 1262
f 945 903 855
f 855 903 852
f 855 1263 945
f 945 1263 1264
f 832 845 801
f 801 845 803
f 800 721 803
f 803 721 801
f 721 800 722
f 722 800 799
f 1266 1267 1265
f 1265 1267 1268
f 1270 795 1269
f 1269 795 726
f 725 1271 726
f 726 1271 1269
f 737 765 738
f 738 765 764
f 759 740 760
f 760 740 739
f 717 1272 1274
f 1274 1272 1273
f 1163 1226 1275
f 1275 1226 1225
f 1277 882 1276
f 1276 882 881
f 1041 1040 1027
f 1027 1040 1026
f 900 935 901
f 901 935 934
f 1164 1278 1165
f 1165 1278 1222
f 1211 1279 1164
f 1164 1279 1278
f 442 1280 453
f 453 1280 1281
f 788 1282 785
f 785 1282 1283
f 1285 1286 1284
f 1284 1286 1287
f 1284 1288 1285
f 1285 1288 1289
f 757 1289 754
f 754 1289 1288
f 605 604 675
f 675 604 676
f 1290 1291 1293
f 1293 1291 1292
f 1295 1296 1294
f 1294 1296 1297
f 696 699 694
f 694 699 931
f 1298 1299 592
f 592 1299 589
f 1299 1300 589
f 589 1300 700
f 1300 1301 700
f 700 1301 701
f 743 745 819
f 819 745 805
f 1303 1304 1302
f 1302 1304 1305
f 1306 1307 1305
f 1305 1307 1302
f 609 1298 610
f 610 1298 592
f 587 822 588
f 588 822 1308
f 703 588 1309
f 1309 588 1308
f 1310 703 571
f 571 703 1309
f 1311 1312 789
f 789 1312 790
f 825 223 1313
f 1313 223 220
f 219 1314 220
f 220 1314 1313
f 1315 1316 1311
f 1311 1316 1312
f 1317 1318 1319
f 1319 1318 1241
f 441 1320 442
f 442 1320 1280
f 1321 217 572
f 572 217 216
f 1323 1230 1322
f 1322 1230 1229
f 1324 1325 631
f 631 1325 656
f 1034 1168 1010
f 1010 1168 1012
f 1327 1328 1326
f 1326 1328 1329
f 1331 1202 1330
f 1330 1202 1201
f 571 1309 572
f 572 1309 1321
f 573 572 1332
f 1332 572 216
f 1334 1335 1333
f 1333 1335 1336
f 1337 1338 918
f 918 1338 859
f 1339 863 1340
f 1340 863 866
f 1341 1342 1344
f 1344 1342 1343
f 1345 1346 919
f 919 1346 920
f 1347 1348 673
f 673 1348 1199
f 693 1349 928
f 928 1349 1201
f 1351 1257 1350
f 1350 1257 1256
f 1350 1352 1351
f 1351 1352 1353
f 653 930 654
f 654 930 662
f 1279 1354 1278
f 1278 1354 1355
f 1357 1358 1356
f 1356 1358 1359
f 937 1360 1140
f 1140 1360 1361
f 1225 1228 909
f 909 1228 964
f 901 934 1362
f 1362 934 1139
f 1364 1365 1363
f 1363 1365 1362
f 1367 912 1366
f 1366 912 911
f 1143 1142 1368
f 1368 1142 1369
f 1144 1186 1145
f 1145 1186 1185
f 1146 1175 1144
f 1144 1175 1186
f 1175 1146 1172
f 1172 1146 1148
f 1147 1018 1148
f 1148 1018 1172
f 1018 1147 1019
f 1019 1147 1149
f 1149 1150 1019
f 1019 1150 1370
f 1150 1151 1370
f 1370 1151 1371
f 1151 1153 1371
f 1371 1153 1177
f 1152 1156 1178
f 1178 1156 1372
f 1155 1158 1373
f 1373 1158 1374
f 1157 1159 1376
f 1376 1159 1375
f 1378 1379 1377
f 1377 1379 1380
f 1382 1383 1381
f 1381 1383 1384
f 1382 1386 1385
f 1385 1386 1387
f 1386 1233 1387
f 1387 1233 1232
f 1389 1390 1388
f 1388 1390 1391
f 1393 1394 1392
f 1392 1394 1395
f 1397 1398 1396
f 1396 1398 1399
f 629 1397 630
f 630 1397 1396
f 1342 1400 1343
f 1343 1400 1401
f 1403 1404 1402
f 1402 1404 1405
f 1407 1408 1406
f 1406 1408 1409
f 1411 1412 1410
f 1410 1412 1413
f 793 1414 794
f 794 1414 1415
f 1417 1341 1416
f 1416 1341 1344
f 704 705 1347
f 1347 705 1418
f 741 1419 742
f 742 1419 1420
f 1422 669 1421
f 1421 669 672
f 645 1423 646
f 646 1423 1424
f 1196 1198 614
f 614 1198 611
f 613 1425 614
f 614 1425 1426
f 1427 616 659
f 659 616 660
f 614 1426 1196
f 1196 1426 1191
f 696 594 697
f 697 594 590
f 697 590 700
f 700 590 589
f 703 1310 702
f 702 1310 1428
f 1421 672 1192
f 1192 672 689
f 1271 648 1269
f 1269 648 622
f 621 1270 622
f 622 1270 1269
f 1429 1430 1417
f 1417 1430 1341
f 1431 1432 1434
f 1434 1432 1433
f 1436 1437 1435
f 1435 1437 1438
f 1440 1441 1439
f 1439 1441 1442
f 1443 1444 1446
f 1446 1444 1445
f 823 809 938
f 938 809 817
f 810 1447 811
f 811 1447 1448
f 1449 1450 679
f 679 1450 706
f 913 916 1205
f 1205 916 1451
f 1275 1225 912
f 912 1225 909
f 1452 1453 880
f 880 1453 881
f 1444 1401 1445
f 1445 1401 1400
f 936 1454 937
f 937 1454 1360
f 824 1455 810
f 810 1455 1447
f 631 656 632
f 632 656 655
f 966 1456 967
f 967 1456 1457
f 1459 1460 1458
f 1458 1460 1461
f 1460 1462 1461
f 1461 1462 1463
f 972 974 973
f 973 974 975
f 990 995 991
f 991 995 994
f 1464 1187 1033
f 1033 1187 1174
f 1018 1021 1172
f 1172 1021 1173
f 1000 999 1001
f 1001 999 998
f 976 979 1022
f 1022 979 1032
f 1023 1024 980
f 980 1024 982
f 989 986 1171
f 1171 986 1169
f 1171 1170 989
f 989 1170 990
f 1170 1027 990
f 990 1027 995
f 1041 1039 998
f 998 1039 1001
f 1051 1063 1000
f 1000 1063 999
f 1066 1064 1051
f 1051 1064 1063
f 1183 1081 1066
f 1066 1081 1064
f 1178 1372 1103
f 1103 1372 1104
f 1092 1091 1465
f 1465 1091 1182
f 1467 1465 1466
f 1466 1465 1468
f 1469 1470 1184
f 1184 1470 1468
f 1095 1098 1471
f 1471 1098 1101
f 1076 1374 1120
f 1120 1374 1376
f 1110 1472 1127
f 1127 1472 1132
f 1472 1473 1132
f 1132 1473 1129
f 1474 1475 1466
f 1466 1475 1473
f 1119 1118 1116
f 1116 1118 1113
f 1375 1121 1376
f 1376 1121 1120
f 1127 1132 1128
f 1128 1132 1131
f 1227 1476 1228
f 1228 1476 1361
f 1365 1477 1362
f 1362 1477 872
f 1478 1479 1323
f 1323 1479 1230
f 1480 1481 914
f 914 1481 915
f 913 1277 914
f 914 1277 1276
f 1168 1034 1022
f 1022 1034 1023
f 1035 1036 1024
f 1024 1036 1025
f 1039 1041 1170
f 1170 1041 1027
f 1042 1148 1028
f 1028 1148 1146
f 968 1459 969
f 969 1459 1458
f 1482 1483 664
f 664 1483 665
f 1485 1486 1484
f 1484 1486 1487
f 1489 1490 1488
f 1488 1490 1491
f 1492 1493 722
f 722 1493 634
f 1495 1496 1494
f 1494 1496 1497
f 1498 1207 1339
f 1339 1207 863
f 1224 1499 1165
f 1165 1499 1166
f 1160 1163 1500
f 1500 1163 1275
f 1500 877 1160
f 1160 877 1501
f 876 873 1502
f 1502 873 1479
f 945 1264 851
f 851 1264 1229
f 835 1231 839
f 839 1231 871
f 1503 1283 778
f 778 1283 1282
f 716 715 1505
f 1505 715 1504
f 1446 1445 1507
f 1507 1445 1506
f 779 792 1381
f 1381 792 791
f 1430 1409 1341
f 1341 1409 1342
f 1411 1429 1508
f 1508 1429 1417
f 635 1510 1509
f 1509 1510 1511
f 1377 1380 1315
f 1315 1380 1316
f 1445 1400 1506
f 1506 1400 1408
f 918 917 1336
f 1336 917 1333
f 1513 1514 1512
f 1512 1514 870
f 1515 1516 1363
f 1363 1516 1364
f 1453 1517 881
f 881 1517 1276
f 992 1518 993
f 993 1518 1519
f 1520 1029 1518
f 1518 1029 955
f 1520 1026 1521
f 1521 1026 1040
f 1522 1015 1521
f 1521 1015 1043
f 996 1523 997
f 997 1523 1522
f 1060 1016 1524
f 1524 1016 1523
f 1061 1525 1062
f 1062 1525 1524
f 1079 1527 1526
f 1526 1527 1528
f 1093 1529 1094
f 1094 1529 1528
f 1111 1530 1112
f 1112 1530 1531
f 1532 1533 1105
f 1105 1533 1123
f 934 937 1139
f 1139 937 1140
f 1138 1363 1139
f 1139 1363 1362
f 1534 1222 1355
f 1355 1222 1278
f 1535 1223 1534
f 1534 1223 1222
f 821 587 1238
f 1238 587 586
f 1319 711 1317
f 1317 711 1536
f 1538 1200 1537
f 1537 1200 1199
f 1508 1417 1539
f 1539 1417 1416
f 1540 1541 840
f 840 1541 837
f 1231 898 871
f 871 898 901
f 1500 1275 1367
f 1367 1275 912
f 1543 1379 1542
f 1542 1379 1395
f 1539 772 1508
f 1508 772 1544
f 1546 1403 1545
f 1545 1403 1402
f 1548 1549 1547
f 1547 1549 1550
f 1552 1548 1551
f 1551 1548 1547
f 1554 1555 1553
f 1553 1555 1556
f 1558 1559 1557
f 1557 1559 1560
f 1562 1563 1561
f 1561 1563 1564
f 1566 1567 1565
f 1565 1567 1568
f 1570 1571 1569
f 1569 1571 1572
f 1574 1575 1573
f 1573 1575 1576
f 1577 1578 1572
f 1572 1578 1569
f 1580 1581 1579
f 1579 1581 1582
f 1584 1585 1583
f 1583 1585 1586
f 1588 1555 1587
f 1587 1555 1589
f 1591 1592 1590
f 1590 1592 1593
f 1595 1596 1594
f 1594 1596 1597
f 1596 1581 1597
f 1597 1581 1576
f 1599 1570 1598
f 1598 1570 1569
f 1601 1602 1600
f 1600 1602 1603
f 1605 1606 1604
f 1604 1606 1607
f 1608 1609 1568
f 1568 1609 1565
f 1611 1612 1610
f 1610 1612 1613
f 1615 1616 1614
f 1614 1616 1617
f 1619 1617 1618
f 1618 1617 1616
f 1621 1622 1620
f 1620 1622 1623
f 1625 1626 1624
f 1624 1626 1627
f 1629 1630 1628
f 1628 1630 1631
f 1633 1634 1632
f 1632 1634 1635
f 1636 1637 1639
f 1639 1637 1638
f 1641 1642 1640
f 1640 1642 1643
f 1624 1627 1644
f 1644 1627 1645
f 1647 1648 1646
f 1646 1648 1649
f 1651 1652 1650
f 1650 1652 1653
f 1655 1656 1654
f 1654 1656 1657
f 1659 1660 1658
f 1658 1660 1661
f 1662 1663 1631
f 1631 1663 1628
f 1651 1665 1664
f 1664 1665 1666
f 1667 1656 1619
f 1619 1656 1617
f 1669 1670 1668
f 1668 1670 1671
f 1632 1635 1672
f 1672 1635 1673
f 1674 1675 1638
f 1638 1675 1639
f 1677 1678 1676
f 1676 1678 1679
f 1680 1640 1681
f 1681 1640 1643
f 1682 1683 1643
f 1643 1683 1681
f 1670 1669 1235
f 1235 1669 1232
f 1396 1399 1674
f 1674 1399 1675
f 627 630 1679
f 1679 630 1676
f 1681 1315 1680
f 1680 1315 1311
f 1683 1377 1681
f 1681 1377 1315
f 1672 1673 1387
f 1387 1673 1385
f 1636 1684 1646
f 1646 1684 1685
f 1687 1688 1686
f 1686 1688 1689
f 1585 1690 1586
f 1586 1690 1691
f 1599 1692 1551
f 1551 1692 1693
f 1552 1558 1694
f 1694 1558 1557
f 1696 1615 1695
f 1695 1615 1614
f 1698 1699 1697
f 1697 1699 1623
f 1700 1701 1703
f 1703 1701 1702
f 1705 1706 1704
f 1704 1706 1707
f 1708 1709 1640
f 1640 1709 1641
f 1710 1711 1713
f 1713 1711 1712
f 1652 1655 1653
f 1653 1655 1654
f 1714 1699 1712
f 1712 1699 1713
f 1715 1710 1716
f 1716 1710 1713
f 1717 1708 1680
f 1680 1708 1640
f 1393 1392 1715
f 1715 1392 1710
f 1719 1720 1718
f 1718 1720 1721
f 1680 1311 1717
f 1717 1311 789
f 1378 1711 1392
f 1392 1711 1710
f 1388 1391 1719
f 1719 1391 1720
f 1723 1606 1722
f 1722 1606 1689
f 1725 1568 1724
f 1724 1568 1567
f 1726 1647 1685
f 1685 1647 1646
f 1728 1554 1727
f 1727 1554 1553
f 1591 1687 1600
f 1600 1687 1686
f 1730 1595 1729
f 1729 1595 1594
f 1601 1605 1731
f 1731 1605 1604
f 1733 1663 1732
f 1732 1663 1734
f 1736 1639 1735
f 1735 1639 1675
f 1658 1644 1737
f 1737 1644 1645
f 1726 1662 1724
f 1724 1662 1631
f 1399 1738 1675
f 1675 1738 1735
f 1621 1667 1739
f 1739 1667 1619
f 1714 1740 1620
f 1620 1740 1741
f 1592 1549 1593
f 1593 1549 1742
f 1602 1571 1603
f 1603 1571 1550
f 1688 1690 1689
f 1689 1690 1722
f 1588 1559 1582
f 1582 1559 1579
f 1673 1735 1385
f 1385 1735 1738
f 1387 1232 1672
f 1672 1232 1669
f 1580 1692 1573
f 1573 1692 1743
f 1377 1683 1378
f 1378 1683 1711
f 1664 1666 1744
f 1744 1666 1745
f 1744 1696 1664
f 1664 1696 1695
f 1746 1747 1732
f 1732 1747 1748
f 1749 1750 1677
f 1677 1750 1678
f 1709 1708 1750
f 1750 1708 1678
f 1668 1632 1669
f 1669 1632 1672
f 1633 1746 1734
f 1734 1746 1732
f 1679 1678 1717
f 1717 1678 1708
f 789 627 1717
f 1717 627 1679
f 1563 1723 1564
f 1564 1723 1722
f 1728 1584 1751
f 1751 1584 1583
f 1674 1676 1396
f 1396 1676 630
f 1666 1566 1745
f 1745 1566 1565
f 1627 1629 1645
f 1645 1629 1628
f 1637 1749 1638
f 1638 1749 1677
f 1648 1665 1649
f 1649 1665 1752
f 1740 1642 1741
f 1741 1642 1657
f 1676 1674 1677
f 1677 1674 1638
f 1683 1682 1711
f 1711 1682 1712
f 1618 1753 1619
f 1619 1753 1739
f 1701 1739 1702
f 1702 1739 1753
f 1754 1214 1756
f 1756 1214 1755
f 647 1757 619
f 619 1757 941
f 1759 1193 1758
f 1758 1193 691
f 1419 1760 1420
f 1420 1760 1761
f 682 1762 683
f 683 1762 1763
f 1412 780 1413
f 1413 780 1384
f 1383 1398 1384
f 1384 1398 1413
f 1197 1424 1764
f 1764 1424 1423
f 1537 1287 1538
f 1538 1287 1286
f 1634 1684 1635
f 1635 1684 1736
f 1724 1631 1725
f 1725 1631 1630
f 1562 1730 1610
f 1610 1730 1729
f 1735 1673 1736
f 1736 1673 1635
f 1757 1195 941
f 941 1195 1194
f 1766 200 1765
f 1765 200 199
f 475 500 476
f 476 500 479
f 498 558 483
f 483 558 487
f 545 551 546
f 546 551 550
f 453 1281 219
f 219 1281 1314
f 298 453 208
f 208 453 219
f 368 1765 1767
f 1767 1765 199
f 523 405 363
f 363 405 404
f 523 533 405
f 405 533 402
f 298 208 299
f 299 208 207
f 299 207 176
f 176 207 300
f 176 300 173
f 173 300 202
f 173 202 174
f 174 202 201
f 1337 918 1768
f 1768 918 1336
f 1769 1770 1338
f 1338 1770 859
f 581 570 578
f 578 570 1771
f 555 562 580
f 580 562 561
f 504 1772 501
f 501 1772 548
f 517 542 584
f 584 542 543
f 515 514 516
f 516 514 544
f 542 517 544
f 544 517 516
f 561 575 580
f 580 575 581
f 575 569 581
f 581 569 570
f 501 548 1773
f 1773 548 547
f 1774 1775 570
f 570 1775 1771
f 369 368 1776
f 1776 368 1767
f 372 369 375
f 375 369 1776
f 822 1280 1308
f 1308 1280 1320
f 820 1281 822
f 822 1281 1280
f 818 1314 820
f 820 1314 1281
f 1314 818 1313
f 1313 818 804
f 807 814 825
f 825 814 826
f 814 813 826
f 826 813 827
f 813 1220 827
f 827 1220 828
f 580 579 555
f 555 579 547
f 1477 1540 872
f 872 1540 840
f 367 499 368
f 368 499 1765
f 1766 1765 525
f 525 1765 499
f 1777 1766 526
f 526 1766 525
f 520 527 362
f 362 527 384
f 361 1778 519
f 519 1778 528
f 371 1779 372
f 372 1779 369
f 369 1779 370
f 370 1779 478
f 1779 371 478
f 478 371 374
f 1778 1777 528
f 528 1777 526
f 1781 1782 1780
f 1780 1782 1783
f 431 460 67
f 67 460 64
f 68 338 74
f 74 338 72
f 1785 1782 1784
f 1784 1782 1786
f 1787 1788 1790
f 1790 1788 1789
f 1792 1789 1791
f 1791 1789 1793
f 1791 1794 1792
f 1792 1794 1795
f 1794 1796 1795
f 1795 1796 1797
f 1797 1798 938
f 938 1798 868
f 1798 1799 868
f 868 1799 869
f 1801 1802 1800
f 1800 1802 1451
f 1803 1804 1205
f 1205 1804 1206
f 1805 1806 864
f 864 1806 865
f 1806 1807 865
f 865 1807 1808
f 68 71 338
f 287 328 288
f 1320 1321 1308
f 1308 1321 1309
f 1320 441 1321
f 1321 441 217
f 441 152 217
f 217 152 218
f 151 286 152
f 152 286 218
f 297 310 151
f 151 310 286
f 296 307 297
f 297 307 310
f 296 143 307
f 307 143 284
f 143 56 284
f 284 56 104
f 56 59 104
f 104 59 63
f 59 102 63
f 63 102 60
f 102 94 60
f 60 94 282
f 93 459 279
f 279 459 77
f 459 460 77
f 77 460 78
f 460 431 78
f 78 431 295
f 431 49 295
f 295 49 292
f 48 421 49
f 49 421 292
f 276 278 418
f 418 278 429
f 317 432 278
f 278 432 429
f 432 317 433
f 433 317 316
f 326 324 316
f 316 324 433
f 1536 592 1809
f 1809 592 591
f 1810 744 1812
f 1812 744 1811
f 1814 1815 1813
f 1813 1815 1816
f 1817 748 1818
f 1818 748 747
f 1812 1819 1810
f 1810 1819 1817
f 1820 1821 748
f 748 1821 749
f 1823 1824 1822
f 1822 1824 1825
f 1827 1828 1826
f 1826 1828 1829
f 1831 1832 1830
f 1830 1832 1833
f 1834 1827 1243
f 1243 1827 1826
f 1313 804 825
f 825 804 807
f 1835 1253 1236
f 1236 1253 1237
f 1836 1837 1438
f 1438 1837 1435
f 1838 1505 1840
f 1840 1505 1839
f 1841 1842 716
f 716 1842 713
f 1843 1844 1510
f 1510 1844 1845
f 1847 1848 1846
f 1846 1848 1849
f 1850 1240 1822
f 1822 1240 1239
f 636 1831 637
f 637 1831 1830
f 1852 1853 1851
f 1851 1853 1854
f 1855 1856 1858
f 1858 1856 1857
f 1846 1849 1859
f 1859 1849 1860
f 1343 1401 1509
f 1509 1401 1861
f 1509 1861 635
f 635 1861 636
f 1863 1864 1862
f 1862 1864 1865
f 1283 1503 1867
f 1867 1503 1866
f 1868 1867 681
f 681 1867 682
f 1286 1285 683
f 683 1285 684
f 757 756 1274
f 1274 756 1869
f 1274 1869 717
f 717 1869 718
f 1434 1433 719
f 719 1433 720
f 1200 1538 1545
f 1545 1538 1763
f 1285 1289 684
f 684 1289 1273
f 684 1273 681
f 681 1273 1272
f 785 1283 1868
f 1868 1283 1867
f 786 785 1870
f 1870 785 1868
f 1289 757 1273
f 1273 757 1274
f 1539 1416 1871
f 1871 1416 1872
f 773 1871 1403
f 1403 1871 1404
f 675 674 1405
f 1405 674 1402
f 1864 1873 1865
f 1865 1873 1874
f 638 1843 635
f 635 1843 1510
f 1344 1343 1511
f 1511 1343 1509
f 772 1539 773
f 773 1539 1871
f 674 1200 1402
f 1402 1200 1545
f 1538 1286 1763
f 1763 1286 683
f 1444 1443 1875
f 1875 1443 1876
f 1875 1876 1831
f 1831 1876 1832
f 1416 1344 1872
f 1872 1344 1511
f 1877 1878 774
f 774 1878 1879
f 1878 1847 1879
f 1879 1847 1846
f 1880 714 1881
f 1881 714 1848
f 1401 1444 1861
f 1861 1444 1875
f 1861 1875 636
f 636 1875 1831
f 1823 1863 1882
f 1882 1863 1862
f 1441 1440 1884
f 1884 1440 1883
f 1883 1852 1884
f 1884 1852 1851
f 1886 1887 1885
f 1885 1887 1888
f 1358 1889 1359
f 1359 1889 1890
f 1891 1886 1892
f 1892 1886 1885
f 774 1879 775
f 775 1879 1893
f 1859 1893 1846
f 1846 1893 1879
f 713 1842 1849
f 1849 1842 1860
f 1318 1895 1894
f 1894 1895 1896
f 1873 1897 1874
f 1874 1897 1898
f 1898 605 1899
f 1899 605 675
f 1405 1844 675
f 675 1844 1899
f 1404 1845 1405
f 1405 1845 1844
f 593 1296 591
f 591 1296 1809
f 1295 1292 1900
f 1900 1292 1895
f 606 1897 1291
f 1291 1897 1896
f 1510 1845 1511
f 1511 1845 1872
f 1871 1872 1404
f 1404 1872 1845
f 1866 770 1762
f 1762 770 1546
f 1762 682 1866
f 1866 682 1867
f 1870 1868 1272
f 1272 1868 681
f 1272 717 1870
f 1870 717 720
f 1870 720 786
f 786 720 1433
f 786 1433 787
f 787 1433 1432
f 1261 1414 1432
f 1432 1414 787
f 1389 1234 1260
f 1260 1234 1415
f 1719 1670 1388
f 1388 1670 1235
f 1718 1671 1719
f 1719 1671 1670
f 1705 1747 1718
f 1718 1747 1671
f 1659 1901 1704
f 1704 1901 1748
f 1877 1903 1902
f 1902 1903 1904
f 1259 1905 1390
f 1390 1905 1394
f 1715 1720 1393
f 1393 1720 1391
f 1716 1721 1715
f 1715 1721 1720
f 1698 1706 1716
f 1716 1706 1721
f 277 276 47
f 47 276 48
f 84 96 81
f 81 96 82
f 80 70 81
f 81 70 85
f 99 97 88
f 88 97 89
f 90 100 88
f 88 100 99
f 101 95 102
f 102 95 94
f 1906 1907 280
f 280 1907 281
f 97 86 89
f 89 86 85
f 60 282 61
f 61 282 281
f 83 82 46
f 46 82 47
f 293 292 420
f 420 292 421
f 419 1908 420
f 420 1908 1909
f 92 95 91
f 91 95 90
f 279 282 93
f 93 282 94
f 276 418 48
f 48 418 421
f 1910 1660 1697
f 1697 1660 1707
f 1703 1624 1700
f 1700 1624 1644
f 1622 1910 1623
f 1623 1910 1697
f 1701 1700 1911
f 1911 1700 1661
f 1700 1644 1661
f 1661 1644 1658
f 1901 1737 1733
f 1733 1737 1645
f 1625 1912 1604
f 1604 1912 1731
f 1912 1913 1731
f 1731 1913 1914
f 1913 1577 1914
f 1914 1577 1572
f 1915 1578 1616
f 1616 1578 1618
f 1915 1916 1598
f 1598 1916 1743
f 1916 1574 1743
f 1743 1574 1573
f 1575 1917 1576
f 1576 1917 1597
f 1917 1609 1597
f 1597 1609 1594
f 1608 1611 1729
f 1729 1611 1610
f 1918 1612 1629
f 1629 1612 1630
f 1626 1918 1627
f 1627 1918 1629
f 1920 1921 1919
f 1919 1921 1922
f 1920 1924 1923
f 1923 1924 1925
f 1926 1927 1924
f 1924 1927 1925
f 1929 1930 1928
f 1928 1930 1931
f 1932 1933 1935
f 1935 1933 1934
f 1937 1938 1936
f 1936 1938 1939
f 1941 1942 1940
f 1940 1942 1943
f 1941 1945 1944
f 1944 1945 1946
f 1947 1948 1694
f 1694 1948 1949
f 1950 1951 1953
f 1953 1951 1952
f 1955 1956 1954
f 1954 1956 1589
f 1958 1956 1957
f 1957 1956 1932
f 1960 1934 1959
f 1959 1934 1933
f 1962 1963 1961
f 1961 1963 1964
f 1965 1955 1751
f 1751 1955 1954
f 1935 1930 1932
f 1932 1930 1957
f 1951 1950 1926
f 1926 1950 1929
f 1966 1967 1593
f 1593 1967 1590
f 1969 1967 1968
f 1968 1967 1964
f 1962 1921 1970
f 1970 1921 1971
f 1963 1945 1964
f 1964 1945 1968
f 1972 1948 1922
f 1922 1948 1919
f 1966 1972 1961
f 1961 1972 1922
f 1958 1953 1587
f 1587 1953 1560
f 1974 1975 1973
f 1973 1975 1976
f 1978 1979 1977
f 1977 1979 1691
f 1979 1975 1691
f 1691 1975 1586
f 1938 1942 1939
f 1939 1942 1980
f 1952 1947 1557
f 1557 1947 1694
f 1969 1978 1981
f 1981 1978 1977
f 1983 1984 1982
f 1982 1984 1985
f 1986 1987 1989
f 1989 1987 1988
f 1990 1991 1983
f 1983 1991 1984
f 1990 1993 1992
f 1992 1993 1994
f 1995 1996 1994
f 1994 1996 1997
f 1999 2000 1998
f 1998 2000 2001
f 2003 2004 2002
f 2002 2004 2005
f 2007 2008 2006
f 2006 2008 2009
f 2011 2012 2010
f 2010 2012 2013
f 2014 2015 2017
f 2017 2015 2016
f 2018 2019 2021
f 2021 2019 2020
f 2022 1989 2024
f 2024 1989 2023
f 1989 1988 2023
f 2023 1988 2025
f 2026 2027 2017
f 2017 2027 2014
f 2029 2030 2028
f 2028 2030 2031
f 2033 2034 2032
f 2032 2034 2035
f 2032 2035 2036
f 2036 2035 2037
f 2039 2040 2038
f 2038 2040 2041
f 1982 2042 1983
f 1983 2042 2043
f 2045 2046 2044
f 2044 2046 2047
f 2049 2050 2048
f 2048 2050 2051
f 2053 2054 2052
f 2052 2054 2055
f 2057 2058 2056
f 2056 2058 2059
f 2060 2061 2033
f 2033 2061 2034
f 2063 2064 2062
f 2062 2064 2065
f 2066 2035 2067
f 2067 2035 2034
f 2069 2039 2068
f 2068 2039 2038
f 2025 2070 2023
f 2023 2070 2071
f 2072 2024 2071
f 2071 2024 2023
f 2074 2020 2073
f 2073 2020 2019
f 2050 2049 2047
f 2047 2049 2075
f 1983 2043 1990
f 1990 2043 1993
f 2006 2050 2007
f 2007 2050 2076
f 2050 2006 2051
f 2051 2006 2077
f 2079 2080 2078
f 2078 2080 2081
f 2082 2083 2085
f 2085 2083 2084
f 2010 2013 2086
f 2086 2013 2087
f 2089 2033 2088
f 2088 2033 2032
f 2090 2060 2089
f 2089 2060 2033
f 2092 2093 2091
f 2091 2093 2094
f 2096 1986 2095
f 2095 1986 2097
f 2097 1986 2022
f 2022 1986 1989
f 2015 2094 2016
f 2016 2094 2098
f 2016 2098 2100
f 2100 2098 2099
f 2017 2016 2101
f 2101 2016 2100
f 2017 2101 2026
f 2026 2101 2102
f 2100 2099 2104
f 2104 2099 2103
f 2104 2105 2100
f 2100 2105 2101
f 2105 2106 2101
f 2101 2106 2102
f 2108 2061 2107
f 2107 2061 2109
f 2111 2112 2110
f 2110 2112 2020
f 2020 2074 2110
f 2110 2074 2113
f 2115 2116 2114
f 2114 2116 2117
f 2118 2119 1995
f 1995 2119 2120
f 2121 2122 2027
f 2027 2122 2014
f 2047 2075 2044
f 2044 2075 2123
f 2124 2125 2127
f 2127 2125 2126
f 2129 2130 2128
f 2128 2130 2131
f 2132 2133 2057
f 2057 2133 2058
f 2134 1999 2136
f 2136 1999 2135
f 2055 2138 2137
f 2137 2138 2139
f 2141 2142 2140
f 2140 2142 2143
f 2083 2082 2064
f 2064 2082 2065
f 2082 2144 2065
f 2065 2144 2145
f 2040 2146 2041
f 2041 2146 2147
f 2060 2090 2148
f 2148 2090 2149
f 2048 2051 2137
f 2137 2051 2150
f 2151 1997 2135
f 2135 1997 1996
f 2152 2150 2077
f 2077 2150 2051
f 2046 2045 2118
f 2118 2045 2119
f 2154 2155 2153
f 2153 2155 2156
f 2158 2159 2157
f 2157 2159 2160
f 2162 2163 2161
f 2161 2163 2164
f 2164 2163 2165
f 2165 2163 2166
f 2168 2169 2167
f 2167 2169 2170
f 2003 2172 2171
f 2171 2172 2173
f 2174 2175 2002
f 2002 2175 2176
f 2145 2177 2065
f 2065 2177 2062
f 2178 2179 2180
f 2180 2179 2134
f 2181 2052 2152
f 2152 2052 2150
f 2040 2127 2146
f 2146 2127 2182
f 2130 2162 2131
f 2131 2162 2161
f 2052 2055 2150
f 2150 2055 2137
f 2184 2185 2183
f 2183 2185 2186
f 2159 2030 2160
f 2160 2030 2187
f 2146 2182 2029
f 2029 2182 2188
f 2189 2190 2192
f 2192 2190 2191
f 2172 2003 2176
f 2176 2003 2002
f 1998 2151 1999
f 1999 2151 2135
f 2177 2172 2062
f 2062 2172 2176
f 2172 2177 2173
f 2173 2177 2193
f 2063 2194 2064
f 2064 2194 2195
f 2066 2197 2196
f 2196 2197 2198
f 2002 2005 2174
f 2174 2005 2199
f 2004 2003 2200
f 2200 2003 2171
f 2198 2201 2171
f 2171 2201 2200
f 2197 2202 2198
f 2198 2202 2201
f 2202 2197 2203
f 2203 2197 2204
f 2196 2198 2173
f 2173 2198 2171
f 2205 2069 2170
f 2170 2069 2206
f 2197 2066 2204
f 2204 2066 2067
f 2107 2207 2108
f 2108 2207 2208
f 2210 2208 2209
f 2209 2208 2207
f 2185 2211 2212
f 2213 2214 2211
f 2211 2214 2212
f 1998 2001 2213
f 2213 2001 2214
f 2134 2215 1999
f 1999 2215 2000
f 2216 2217 2219
f 2219 2217 2218
f 2206 2220 2170
f 2170 2220 2167
f 2069 2068 2206
f 2206 2068 2221
f 2151 1998 2222
f 2222 1998 2213
f 2124 2039 2205
f 2205 2039 2069
f 2142 2223 2143
f 2143 2223 2128
f 2203 2186 2202
f 2202 2186 2185
f 2185 2184 2211
f 2211 2184 2224
f 2224 2225 2222
f 2222 2225 2226
f 2071 2227 2072
f 2072 2227 2228
f 2229 2074 2230
f 2230 2074 2073
f 2074 2229 2113
f 2113 2229 2231
f 2232 2225 2227
f 2227 2225 2224
f 2233 2234 2031
f 2031 2234 2028
f 2236 2231 2235
f 2235 2231 2229
f 2230 2183 2229
f 2229 2183 2235
f 2237 1987 2096
f 2096 1987 1986
f 2152 2238 2181
f 2181 2238 2239
f 2080 2240 2081
f 2081 2240 2241
f 2236 2242 1971
f 1971 2242 1970
f 1925 2113 1923
f 1923 2113 2231
f 2110 1927 2111
f 2111 1927 1928
f 2103 2111 1931
f 1931 2111 1928
f 1931 2243 2103
f 2103 2243 2104
f 2105 2104 2244
f 2244 2104 2243
f 1939 1980 2148
f 2148 1980 2109
f 1980 1944 2109
f 2109 1944 2107
f 1946 2245 2207
f 2207 2245 2209
f 2245 1970 2209
f 2209 1970 2242
f 2231 2236 1923
f 1923 2236 1971
f 2113 1925 2110
f 2110 1925 1927
f 2234 2246 2028
f 2028 2246 2147
f 2247 2248 2058
f 2058 2248 2059
f 2114 2117 2249
f 2249 2117 2250
f 2252 2253 2251
f 2251 2253 2254
f 2094 2015 2091
f 2091 2015 2255
f 2256 2255 2014
f 2014 2255 2015
f 2257 2145 2258
f 2258 2145 2144
f 2131 2161 2123
f 2123 2161 2044
f 2045 2044 2164
f 2164 2044 2161
f 2045 2164 2119
f 2119 2164 2165
f 2259 2120 2165
f 2165 2120 2119
f 2260 2261 2259
f 2259 2261 2120
f 2205 2262 2124
f 2124 2262 2125
f 2180 2263 2178
f 2178 2263 2264
f 2265 2266 2092
f 2092 2266 2093
f 1992 2267 2268
f 2184 2228 2224
f 2224 2228 2227
f 2048 2269 2049
f 2049 2269 2141
f 2129 2168 2157
f 2157 2168 2167
f 2049 2141 2075
f 2075 2141 2140
f 2199 2215 2270
f 2270 2215 2271
f 2142 2141 2272
f 2272 2141 2269
f 2089 2026 2090
f 2090 2026 2102
f 2146 2029 2147
f 2147 2029 2028
f 2111 2103 2112
f 2112 2103 2099
f 2061 2060 2109
f 2109 2060 2148
f 2273 2274 2041
f 2041 2274 2038
f 2260 2275 2261
f 2261 2275 2136
f 2057 2138 2132
f 2132 2138 2276
f 2272 2269 2056
f 2056 2269 2139
f 2277 2278 2270
f 2270 2278 2199
f 2029 2188 2030
f 2030 2188 2187
f 2040 2039 2127
f 2127 2039 2124
f 2064 2195 2083
f 2083 2195 2279
f 2056 2139 2057
f 2057 2139 2138
f 2278 2277 2247
f 2247 2277 2248
f 2062 2176 2063
f 2063 2176 2175
f 2280 2210 2242
f 2242 2210 2209
f 2282 2233 2281
f 2281 2233 2031
f 2216 2219 2283
f 2283 2219 2221
f 2158 2220 2218
f 2218 2220 2219
f 2217 2282 2218
f 2218 2282 2281
f 2220 2158 2167
f 2167 2158 2157
f 2223 2264 2128
f 2128 2264 2263
f 2261 1996 2120
f 2120 1996 1995
f 2213 2211 2222
f 2222 2211 2224
f 2283 2221 2284
f 2284 2221 2068
f 2135 1996 2136
f 2136 1996 2261
f 2144 2081 2258
f 2258 2081 2241
f 2235 2280 2236
f 2236 2280 2242
f 2246 2273 2147
f 2147 2273 2041
f 2036 2285 2032
f 2032 2285 2088
f 2077 2286 2152
f 2152 2286 2238
f 1937 1960 1973
f 1973 1960 1959
f 2070 2232 2071
f 2071 2232 2227
f 2244 2287 2105
f 2105 2287 2106
f 1936 1939 2149
f 2149 1939 2148
f 1944 1946 2107
f 2107 1946 2207
f 2285 2121 2088
f 2088 2121 2027
f 2253 2249 2254
f 2254 2249 2250
f 2006 2009 2077
f 2077 2009 2286
f 2289 2086 2288
f 2288 2086 2087
f 2223 2142 2290
f 2290 2142 2272
f 2128 2131 2143
f 2143 2131 2123
f 2156 2291 2153
f 2153 2291 2175
f 2292 2293 2278
f 2278 2293 2294
f 2075 2140 2123
f 2123 2140 2143
f 2262 2169 2275
f 2275 2169 2180
f 2275 2180 2136
f 2136 2180 2134
f 2274 2284 2038
f 2038 2284 2068
f 2127 2126 2182
f 2182 2126 2166
f 2094 2093 2098
f 2098 2093 2021
f 2098 2021 2099
f 2099 2021 2112
f 2018 2021 2266
f 2266 2021 2093
f 2251 2289 2252
f 2252 2289 2288
f 1997 2151 2226
f 2226 2151 2222
f 2206 2221 2220
f 2220 2221 2219
f 2269 2048 2139
f 2139 2048 2137
f 2159 2158 2281
f 2281 2158 2218
f 2156 2155 2190
f 2190 2155 2191
f 1974 1965 1583
f 1583 1965 1751
f 2088 2027 2089
f 2089 2027 2026
f 2030 2159 2031
f 2031 2159 2281
f 2106 2149 2102
f 2102 2149 2090
f 2287 1936 2106
f 2106 1936 2149
f 2293 2154 2294
f 2294 2154 2153
f 2021 2020 2112
f 2247 2295 2278
f 2278 2295 2292
f 2284 2296 2283
f 2283 2296 2297
f 2298 2296 2274
f 2274 2296 2284
f 2273 2299 2274
f 2274 2299 2298
f 2246 2300 2273
f 2273 2300 2299
f 2283 2297 2216
f 2216 2297 2301
f 2216 2301 2217
f 2217 2301 2302
f 2302 2303 2217
f 2217 2303 2282
f 2304 2301 2305
f 2305 2301 2297
f 2307 2308 2306
f 2306 2308 2309
f 2306 2310 2307
f 2307 2310 2311
f 2307 2312 2308
f 2308 2312 2313
f 2314 2315 2312
f 2312 2315 2316
f 2316 2317 2312
f 2312 2317 2313
f 2317 2305 2313
f 2313 2305 2318
f 2314 2312 2311
f 2311 2312 2307
f 2319 2320 2322
f 2322 2320 2321
f 2322 2311 2319
f 2319 2311 2310
f 2313 2318 2308
f 2308 2318 2309
f 2296 2298 2318
f 2318 2298 2309
f 2309 2298 2323
f 2323 2298 2299
f 2306 2309 2324
f 2324 2309 2323
f 2310 2306 2325
f 2325 2306 2324
f 2296 2318 2297
f 2297 2318 2305
f 2319 2310 2326
f 2326 2310 2325
f 2328 2325 2327
f 2327 2325 2324
f 2325 2328 2326
f 2326 2328 2329
f 2331 2328 2330
f 2330 2328 2327
f 2332 2333 2327
f 2327 2333 2330
f 2328 2331 2329
f 2329 2331 2334
f 2324 2323 2327
f 2327 2323 2332
f 2300 2332 2299
f 2299 2332 2323
f 2326 2335 2319
f 2319 2335 2320
f 2305 2317 2336
f 2336 2317 2316
f 2336 2316 2337
f 2337 2316 2315
f 2338 2304 2336
f 2336 2304 2305
f 2337 2339 2336
f 2336 2339 2338
f 2337 2315 2341
f 2341 2315 2340
f 2342 2300 2234
f 2234 2300 2246
f 2303 2343 2282
f 2282 2343 2233
f 2234 2233 2342
f 2342 2233 2343
f 2342 2343 2333
f 2333 2343 2344
f 2333 2344 2330
f 2330 2344 2345
f 2346 2344 2303
f 2303 2344 2343
f 2332 2300 2333
f 2333 2300 2342
f 2347 2346 2302
f 2302 2346 2303
f 2301 2304 2302
f 2302 2304 2347
f 2304 2338 2347
f 2347 2338 2348
f 2348 2349 2347
f 2347 2349 2346
f 2350 2351 2348
f 2348 2351 2349
f 2349 2345 2346
f 2346 2345 2344
f 2345 2349 2352
f 2352 2349 2351
f 2338 2339 2348
f 2348 2339 2350
f 2350 2339 2353
f 2353 2339 2354
f 2356 2357 2355
f 2355 2357 2353
f 2351 2350 2357
f 2357 2350 2353
f 2353 2354 2355
f 2355 2354 2335
f 2320 2335 2341
f 2341 2335 2354
f 2339 2337 2354
f 2354 2337 2341
f 2352 2331 2345
f 2345 2331 2330
f 2356 2334 2352
f 2352 2334 2331
f 2356 2352 2357
f 2357 2352 2351
f 2355 2329 2356
f 2356 2329 2334
f 2335 2326 2355
f 2355 2326 2329
f 2321 2314 2322
f 2322 2314 2311
f 2321 2320 2340
f 2340 2320 2341
f 2315 2314 2340
f 2340 2314 2321
f 2125 2260 2126
f 2126 2260 2259
f 2157 2160 2129
f 2129 2160 2130
f 2188 2163 2187
f 2187 2163 2162
f 2182 2166 2188
f 2188 2166 2163
f 2180 2169 2263
f 2263 2169 2168
f 2160 2187 2130
f 2130 2187 2162
f 2275 2260 2262
f 2262 2260 2125
f 2128 2263 2129
f 2129 2263 2168
f 2262 2205 2169
f 2169 2205 2170
f 2165 2166 2259
f 2259 2166 2126
f 2359 2360 2358
f 2358 2360 2361
f 2363 2364 2362
f 2362 2364 2365
f 2367 2363 2366
f 2366 2363 2362
f 2368 2369 2371
f 2371 2369 2370
f 2372 2373 2248
f 2248 2373 2059
f 2364 2374 2365
f 2365 2374 2375
f 2377 2378 2376
f 2376 2378 2379
f 2290 2380 2223
f 2223 2380 2381
f 2223 2381 2264
f 2264 2381 2382
f 2384 2385 2383
f 2383 2385 2386
f 2364 2371 2374
f 2374 2371 2387
f 2059 2373 2290
f 2290 2373 2380
f 2378 2360 2379
f 2379 2360 2388
f 2374 2387 2359
f 2359 2387 2389
f 2390 2367 2386
f 2386 2367 2391
f 2393 2394 2392
f 2392 2394 2395
f 2386 2391 2383
f 2383 2391 2396
f 2367 2366 2391
f 2391 2366 2397
f 2363 2367 2368
f 2368 2367 2390
f 2398 2399 2361
f 2361 2399 2358
f 2399 2400 2358
f 2358 2400 2375
f 2390 2401 2368
f 2368 2401 2369
f 2372 2384 2376
f 2376 2384 2383
f 2374 2359 2375
f 2375 2359 2358
f 2402 2403 2365
f 2365 2403 2362
f 2359 2389 2360
f 2360 2389 2388
f 2364 2363 2371
f 2371 2363 2368
f 2405 2398 2404
f 2404 2398 2361
f 2392 2395 2406
f 2406 2395 2397
f 2377 2396 2394
f 2394 2396 2395
f 2394 2393 2404
f 2404 2393 2405
f 2396 2377 2383
f 2383 2377 2376
f 2406 2397 2407
f 2407 2397 2366
f 2400 2402 2375
f 2375 2402 2365
f 2385 2270 2401
f 2401 2270 2271
f 2403 2407 2362
f 2362 2407 2366
f 2371 2370 2387
f 2387 2370 2382
f 2391 2397 2396
f 2396 2397 2395
f 2378 2377 2404
f 2404 2377 2394
f 2360 2378 2361
f 2361 2378 2404
f 2407 2408 2406
f 2406 2408 2409
f 2410 2408 2403
f 2403 2408 2407
f 2411 2410 2402
f 2402 2410 2403
f 2412 2411 2400
f 2400 2411 2402
f 2406 2409 2392
f 2392 2409 2413
f 2392 2413 2393
f 2393 2413 2414
f 2415 2405 2414
f 2414 2405 2393
f 2416 2413 2417
f 2417 2413 2409
f 2419 2420 2418
f 2418 2420 2421
f 2420 2422 2421
f 2421 2422 2423
f 2420 2424 2422
f 2422 2424 2425
f 2426 2427 2424
f 2424 2427 2428
f 2428 2429 2424
f 2424 2429 2425
f 2426 2424 2419
f 2419 2424 2420
f 2419 2418 2431
f 2431 2418 2430
f 2425 2432 2422
f 2422 2432 2423
f 2408 2410 2432
f 2432 2410 2423
f 2423 2410 2433
f 2433 2410 2411
f 2421 2423 2434
f 2434 2423 2433
f 2435 2418 2434
f 2434 2418 2421
f 2429 2417 2425
f 2425 2417 2432
f 2408 2432 2409
f 2409 2432 2417
f 2418 2435 2430
f 2430 2435 2436
f 2438 2435 2437
f 2437 2435 2434
f 2435 2438 2436
f 2436 2438 2439
f 2441 2438 2440
f 2440 2438 2437
f 2442 2443 2437
f 2437 2443 2440
f 2439 2438 2444
f 2444 2438 2441
f 2433 2442 2434
f 2434 2442 2437
f 2412 2442 2411
f 2411 2442 2433
f 2436 2445 2430
f 2430 2445 2446
f 2430 2446 2431
f 2431 2446 2447
f 2417 2429 2448
f 2448 2429 2428
f 2427 2449 2428
f 2428 2449 2448
f 2450 2416 2448
f 2448 2416 2417
f 2451 2450 2449
f 2449 2450 2448
f 2427 2452 2449
f 2449 2452 2453
f 2447 2446 2452
f 2452 2446 2453
f 2454 2412 2399
f 2399 2412 2400
f 2415 2455 2405
f 2405 2455 2398
f 2399 2398 2454
f 2454 2398 2455
f 2454 2455 2443
f 2443 2455 2456
f 2443 2456 2440
f 2440 2456 2457
f 2458 2456 2415
f 2415 2456 2455
f 2443 2442 2454
f 2454 2442 2412
f 2459 2458 2414
f 2414 2458 2415
f 2413 2416 2414
f 2414 2416 2459
f 2459 2416 2460
f 2460 2416 2450
f 2460 2461 2459
f 2459 2461 2458
f 2462 2463 2460
f 2460 2463 2461
f 2461 2457 2458
f 2458 2457 2456
f 2457 2461 2464
f 2464 2461 2463
f 2451 2462 2450
f 2450 2462 2460
f 2462 2451 2465
f 2465 2451 2466
f 2468 2469 2467
f 2467 2469 2465
f 2463 2462 2469
f 2469 2462 2465
f 2465 2466 2467
f 2467 2466 2445
f 2446 2445 2453
f 2453 2445 2466
f 2451 2449 2466
f 2466 2449 2453
f 2464 2441 2457
f 2457 2441 2440
f 2468 2444 2464
f 2464 2444 2441
f 2468 2464 2469
f 2469 2464 2463
f 2467 2439 2468
f 2468 2439 2444
f 2445 2436 2467
f 2467 2436 2439
f 2447 2426 2431
f 2431 2426 2419
f 2427 2426 2452
f 2452 2426 2447
f 2369 2179 2370
f 2370 2179 2178
f 2376 2379 2372
f 2372 2379 2373
f 2389 2381 2388
f 2388 2381 2380
f 2387 2382 2389
f 2389 2382 2381
f 2270 2385 2277
f 2277 2385 2384
f 2379 2388 2373
f 2373 2388 2380
f 2401 2271 2369
f 2369 2271 2179
f 2248 2277 2372
f 2372 2277 2384
f 2401 2390 2385
f 2385 2390 2386
f 2264 2382 2178
f 2178 2382 2370
f 2215 2134 2271
f 2271 2134 2179
f 2005 2000 2199
f 2199 2000 2215
f 2004 2001 2005
f 2005 2001 2000
f 2200 2214 2004
f 2004 2214 2001
f 2470 2471 2473
f 2473 2471 2472
f 2475 2476 2474
f 2474 2476 2477
f 2479 2475 2478
f 2478 2475 2474
f 2481 2482 2480
f 2480 2482 2483
f 2476 2484 2477
f 2477 2484 2485
f 2487 2488 2486
f 2486 2488 2489
f 2133 2490 2058
f 2058 2490 2491
f 2058 2491 2247
f 2247 2491 2492
f 2494 2495 2493
f 2493 2495 2496
f 2476 2483 2484
f 2484 2483 2497
f 2472 2498 2488
f 2488 2498 2489
f 2484 2497 2471
f 2471 2497 2499
f 2500 2479 2496
f 2496 2479 2501
f 2502 2503 2505
f 2505 2503 2504
f 2496 2501 2493
f 2493 2501 2506
f 2479 2478 2501
f 2501 2478 2507
f 2475 2479 2480
f 2480 2479 2500
f 2508 2509 2473
f 2473 2509 2470
f 2509 2510 2470
f 2470 2510 2485
f 2511 2481 2500
f 2500 2481 2480
f 2512 2494 2486
f 2486 2494 2493
f 2485 2484 2470
f 2470 2484 2471
f 2513 2514 2477
f 2477 2514 2474
f 2471 2499 2472
f 2472 2499 2498
f 2476 2475 2483
f 2483 2475 2480
f 2516 2508 2515
f 2515 2508 2473
f 2502 2505 2517
f 2517 2505 2507
f 2504 2487 2505
f 2505 2487 2506
f 2503 2516 2504
f 2504 2516 2515
f 2506 2487 2493
f 2493 2487 2486
f 2517 2507 2518
f 2518 2507 2478
f 2510 2513 2485
f 2485 2513 2477
f 2511 2495 2293
f 2293 2495 2154
f 2514 2518 2474
f 2474 2518 2478
f 2483 2482 2497
f 2497 2482 2492
f 2501 2507 2506
f 2506 2507 2505
f 2488 2487 2515
f 2515 2487 2504
f 2472 2488 2473
f 2473 2488 2515
f 2518 2519 2517
f 2517 2519 2520
f 2521 2519 2514
f 2514 2519 2518
f 2522 2521 2513
f 2513 2521 2514
f 2523 2522 2510
f 2510 2522 2513
f 2517 2520 2502
f 2502 2520 2524
f 2502 2524 2503
f 2503 2524 2525
f 2525 2526 2503
f 2503 2526 2516
f 2527 2524 2528
f 2528 2524 2520
f 2530 2531 2529
f 2529 2531 2532
f 2531 2533 2532
f 2532 2533 2534
f 2531 2535 2533
f 2533 2535 2536
f 2537 2538 2535
f 2535 2538 2539
f 2539 2540 2535
f 2535 2540 2536
f 2537 2535 2530
f 2530 2535 2531
f 2529 2541 2530
f 2530 2541 2542
f 2543 2534 2536
f 2536 2534 2533
f 2519 2521 2543
f 2543 2521 2534
f 2534 2521 2544
f 2544 2521 2522
f 2532 2534 2545
f 2545 2534 2544
f 2529 2532 2546
f 2546 2532 2545
f 2536 2540 2543
f 2543 2540 2528
f 2519 2543 2520
f 2520 2543 2528
f 2541 2529 2547
f 2547 2529 2546
f 2548 2549 2545
f 2545 2549 2546
f 2549 2550 2546
f 2546 2550 2547
f 2551 2552 2548
f 2548 2552 2549
f 2548 2553 2551
f 2551 2553 2554
f 2550 2549 2555
f 2555 2549 2552
f 2545 2544 2548
f 2548 2544 2553
f 2523 2553 2522
f 2522 2553 2544
f 2547 2556 2541
f 2541 2556 2557
f 2541 2557 2542
f 2542 2557 2558
f 2528 2540 2559
f 2559 2540 2539
f 2538 2560 2539
f 2539 2560 2559
f 2561 2527 2559
f 2559 2527 2528
f 2560 2562 2559
f 2559 2562 2561
f 2560 2538 2564
f 2564 2538 2563
f 2558 2557 2563
f 2563 2557 2564
f 2565 2523 2509
f 2509 2523 2510
f 2526 2566 2516
f 2516 2566 2508
f 2509 2508 2565
f 2565 2508 2566
f 2565 2566 2554
f 2554 2566 2567
f 2554 2567 2551
f 2551 2567 2568
f 2569 2567 2526
f 2526 2567 2566
f 2553 2523 2554
f 2554 2523 2565
f 2570 2569 2525
f 2525 2569 2526
f 2524 2527 2525
f 2525 2527 2570
f 2527 2561 2570
f 2570 2561 2571
f 2571 2572 2570
f 2570 2572 2569
f 2573 2574 2571
f 2571 2574 2572
f 2572 2568 2569
f 2569 2568 2567
f 2568 2572 2575
f 2575 2572 2574
f 2562 2573 2561
f 2561 2573 2571
f 2573 2562 2576
f 2576 2562 2577
f 2579 2580 2578
f 2578 2580 2576
f 2574 2573 2580
f 2580 2573 2576
f 2576 2577 2578
f 2578 2577 2556
f 2557 2556 2564
f 2564 2556 2577
f 2562 2560 2577
f 2577 2560 2564
f 2575 2552 2568
f 2568 2552 2551
f 2579 2555 2575
f 2575 2555 2552
f 2579 2575 2580
f 2580 2575 2574
f 2550 2555 2578
f 2578 2555 2579
f 2556 2547 2578
f 2578 2547 2550
f 2558 2537 2542
f 2542 2537 2530
f 2538 2537 2563
f 2563 2537 2558
f 2292 2295 2481
f 2481 2295 2482
f 2486 2489 2512
f 2512 2489 2581
f 2499 2491 2498
f 2498 2491 2490
f 2497 2492 2499
f 2499 2492 2491
f 2155 2154 2494
f 2494 2154 2495
f 2581 2489 2490
f 2490 2489 2498
f 2293 2292 2511
f 2511 2292 2481
f 2191 2155 2512
f 2512 2155 2494
f 2500 2496 2511
f 2511 2496 2495
f 2247 2492 2295
f 2295 2492 2482
f 2583 2584 2582
f 2582 2584 2585
f 2587 2588 2586
f 2586 2588 2589
f 2591 2587 2590
f 2590 2587 2586
f 2593 2594 2592
f 2592 2594 2595
f 2596 2597 2599
f 2599 2597 2598
f 2588 2600 2589
f 2589 2600 2601
f 2602 2603 2605
f 2605 2603 2604
f 2606 2607 2609
f 2609 2607 2608
f 2609 2608 2190
f 2190 2608 2610
f 2611 2612 2614
f 2614 2612 2613
f 2600 2588 2615
f 2615 2588 2595
f 2599 2598 2606
f 2606 2598 2607
f 2584 2616 2604
f 2604 2616 2605
f 2600 2615 2583
f 2583 2615 2617
f 2591 2619 2618
f 2618 2619 2614
f 2621 2622 2620
f 2620 2622 2623
f 2619 2624 2614
f 2614 2624 2611
f 2591 2590 2619
f 2619 2590 2625
f 2587 2591 2592
f 2592 2591 2618
f 2626 2627 2585
f 2585 2627 2582
f 2627 2628 2582
f 2582 2628 2601
f 2629 2593 2618
f 2618 2593 2592
f 2602 2597 2611
f 2611 2597 2612
f 2600 2583 2601
f 2601 2583 2582
f 2630 2631 2589
f 2589 2631 2586
f 2583 2617 2584
f 2584 2617 2616
f 2588 2587 2595
f 2595 2587 2592
f 2633 2626 2632
f 2632 2626 2585
f 2620 2623 2634
f 2634 2623 2625
f 2622 2603 2623
f 2623 2603 2624
f 2621 2633 2622
f 2622 2633 2632
f 2611 2624 2602
f 2602 2624 2603
f 2634 2625 2635
f 2635 2625 2590
f 2628 2630 2601
f 2601 2630 2589
f 2613 2195 2629
f 2629 2195 2194
f 2631 2635 2586
f 2586 2635 2590
f 2595 2594 2615
f 2615 2594 2610
f 2619 2625 2624
f 2624 2625 2623
f 2632 2604 2622
f 2622 2604 2603
f 2585 2584 2632
f 2632 2584 2604
f 2635 2636 2634
f 2634 2636 2637
f 2638 2636 2631
f 2631 2636 2635
f 2639 2638 2630
f 2630 2638 2631
f 2640 2639 2628
f 2628 2639 2630
f 2634 2637 2620
f 2620 2637 2641
f 2620 2641 2621
f 2621 2641 2642
f 2642 2643 2621
f 2621 2643 2633
f 2641 2637 2644
f 2644 2637 2645
f 2646 2647 2649
f 2649 2647 2648
f 2648 2650 2649
f 2649 2650 2651
f 2648 2652 2650
f 2650 2652 2653
f 2652 2654 2656
f 2656 2654 2655
f 2656 2657 2652
f 2652 2657 2653
f 2654 2652 2647
f 2647 2652 2648
f 2647 2646 2659
f 2659 2646 2658
f 2660 2651 2653
f 2653 2651 2650
f 2636 2638 2660
f 2660 2638 2651
f 2651 2638 2661
f 2661 2638 2639
f 2651 2661 2649
f 2649 2661 2662
f 2663 2646 2662
f 2662 2646 2649
f 2653 2657 2660
f 2660 2657 2645
f 2636 2660 2637
f 2637 2660 2645
f 2646 2663 2658
f 2658 2663 2664
f 2665 2666 2662
f 2662 2666 2663
f 2666 2667 2663
f 2663 2667 2664
f 2668 2669 2665
f 2665 2669 2666
f 2665 2670 2668
f 2668 2670 2671
f 2667 2666 2672
f 2672 2666 2669
f 2662 2661 2665
f 2665 2661 2670
f 2640 2670 2639
f 2639 2670 2661
f 2673 2674 2664
f 2664 2674 2658
f 2658 2674 2659
f 2659 2674 2675
f 2645 2657 2676
f 2676 2657 2656
f 2677 2676 2655
f 2655 2676 2656
f 2676 2678 2645
f 2645 2678 2644
f 2677 2679 2676
f 2676 2679 2678
f 2655 2680 2677
f 2677 2680 2681
f 2675 2674 2680
f 2680 2674 2681
f 2682 2640 2627
f 2627 2640 2628
f 2643 2683 2633
f 2633 2683 2626
f 2682 2627 2683
f 2683 2627 2626
f 2683 2684 2682
f 2682 2684 2671
f 2684 2685 2671
f 2671 2685 2668
f 2686 2684 2643
f 2643 2684 2683
f 2670 2640 2671
f 2671 2640 2682
f 2687 2686 2642
f 2642 2686 2643
f 2642 2641 2687
f 2687 2641 2644
f 2687 2644 2688
f 2688 2644 2678
f 2688 2689 2687
f 2687 2689 2686
f 2690 2691 2688
f 2688 2691 2689
f 2689 2685 2686
f 2686 2685 2684
f 2685 2689 2692
f 2692 2689 2691
f 2679 2690 2678
f 2678 2690 2688
f 2690 2679 2693
f 2693 2679 2694
f 2696 2697 2695
f 2695 2697 2693
f 2691 2690 2697
f 2697 2690 2693
f 2693 2694 2695
f 2695 2694 2673
f 2674 2673 2681
f 2681 2673 2694
f 2679 2677 2694
f 2694 2677 2681
f 2685 2692 2668
f 2668 2692 2669
f 2696 2672 2692
f 2692 2672 2669
f 2696 2692 2697
f 2697 2692 2691
f 2695 2667 2696
f 2696 2667 2672
f 2673 2664 2695
f 2695 2664 2667
f 2675 2654 2659
f 2659 2654 2647
f 2655 2654 2680
f 2680 2654 2675
f 2291 2156 2593
f 2593 2156 2594
f 2597 2602 2598
f 2598 2602 2605
f 2616 2617 2607
f 2607 2617 2608
f 2615 2610 2617
f 2617 2610 2608
f 2597 2596 2612
f 2612 2596 2698
f 2598 2605 2607
f 2607 2605 2616
f 2194 2291 2629
f 2629 2291 2593
f 2629 2618 2613
f 2613 2618 2614
f 2190 2610 2156
f 2156 2610 2594
f 2700 2010 2699
f 2699 2010 2086
f 2267 2701 2116
f 2116 2701 2702
f 2116 2702 2117
f 2117 2702 2703
f 2704 2705 2250
f 2250 2705 2254
f 2011 2706 2267
f 2267 2706 2701
f 2699 2086 2707
f 2707 2086 2289
f 2010 2700 2011
f 2011 2700 2706
f 2708 2707 2251
f 2251 2707 2289
f 2703 2704 2117
f 2117 2704 2250
f 2705 2708 2254
f 2254 2708 2251
f 2709 2710 2708
f 2708 2710 2707
f 2711 2709 2705
f 2705 2709 2708
f 2712 2711 2704
f 2704 2711 2705
f 2713 2712 2703
f 2703 2712 2704
f 2707 2710 2699
f 2699 2710 2714
f 2699 2714 2700
f 2700 2714 2715
f 2716 2706 2715
f 2715 2706 2700
f 2714 2710 2717
f 2717 2710 2718
f 2720 2721 2719
f 2719 2721 2722
f 2721 2723 2722
f 2722 2723 2724
f 2721 2725 2723
f 2723 2725 2726
f 2727 2728 2725
f 2725 2728 2726
f 2729 2725 2720
f 2720 2725 2721
f 2731 2729 2730
f 2730 2729 2720
f 2719 2732 2720
f 2720 2732 2730
f 2726 2733 2723
f 2723 2733 2724
f 2709 2711 2733
f 2733 2711 2724
f 2724 2711 2734
f 2734 2711 2712
f 2722 2724 2735
f 2735 2724 2734
f 2719 2722 2736
f 2736 2722 2735
f 2726 2728 2733
f 2733 2728 2718
f 2709 2733 2710
f 2710 2733 2718
f 2732 2719 2737
f 2737 2719 2736
f 2738 2739 2735
f 2735 2739 2736
f 2739 2740 2736
f 2736 2740 2737
f 2741 2742 2738
f 2738 2742 2739
f 2738 2743 2741
f 2741 2743 2744
f 2740 2739 2745
f 2745 2739 2742
f 2735 2734 2738
f 2738 2734 2743
f 2713 2743 2712
f 2712 2743 2734
f 2737 2746 2732
f 2732 2746 2747
f 2732 2747 2730
f 2730 2747 2731
f 2718 2728 2748
f 2748 2728 2727
f 2749 2750 2727
f 2727 2750 2748
f 2748 2751 2718
f 2718 2751 2717
f 2750 2752 2748
f 2748 2752 2751
f 2750 2749 2754
f 2754 2749 2753
f 2731 2747 2753
f 2753 2747 2754
f 2727 2725 2749
f 2749 2725 2729
f 2749 2729 2753
f 2753 2729 2731
f 2702 2755 2703
f 2703 2755 2713
f 2706 2716 2701
f 2701 2716 2756
f 2755 2702 2756
f 2756 2702 2701
f 2756 2757 2755
f 2755 2757 2744
f 2757 2758 2744
f 2744 2758 2741
f 2759 2757 2716
f 2716 2757 2756
f 2743 2713 2744
f 2744 2713 2755
f 2760 2759 2715
f 2715 2759 2716
f 2715 2714 2760
f 2760 2714 2717
f 2760 2717 2761
f 2761 2717 2751
f 2761 2762 2760
f 2760 2762 2759
f 2763 2764 2761
f 2761 2764 2762
f 2762 2758 2759
f 2759 2758 2757
f 2758 2762 2765
f 2765 2762 2764
f 2752 2763 2751
f 2751 2763 2761
f 2763 2752 2766
f 2766 2752 2767
f 2768 2769 2766
f 2766 2769 2770
f 2764 2763 2770
f 2770 2763 2766
f 2766 2767 2768
f 2768 2767 2746
f 2747 2746 2754
f 2754 2746 2767
f 2752 2750 2767
f 2767 2750 2754
f 2758 2765 2741
f 2741 2765 2742
f 2769 2745 2765
f 2765 2745 2742
f 2769 2765 2770
f 2770 2765 2764
f 2768 2740 2769
f 2769 2740 2745
f 2746 2737 2768
f 2768 2737 2740
f 2201 2212 2200
f 2200 2212 2214
f 2201 2202 2212
f 2212 2202 2185
f 2512 2581 2191
f 2191 2581 2192
f 2059 2290 2056
f 2056 2290 2272
f 2174 2199 2294
f 2294 2199 2278
f 2063 2175 2194
f 2194 2175 2291
f 2192 2581 2133
f 2133 2581 2490
f 2133 2132 2192
f 2192 2132 2189
f 2054 2276 2055
f 2055 2276 2138
f 2083 2279 2084
f 2084 2279 2771
f 2771 2279 2599
f 2599 2279 2596
f 2606 2772 2599
f 2599 2772 2771
f 2772 2773 2771
f 2771 2773 2084
f 2773 2774 2084
f 2084 2774 2085
f 2085 2775 2082
f 2082 2775 2144
f 2774 2078 2085
f 2085 2078 2775
f 2078 2774 2079
f 2079 2774 2776
f 2774 2773 2776
f 2776 2773 2777
f 2773 2772 2777
f 2777 2772 2778
f 2190 2189 2609
f 2609 2189 2778
f 2053 2052 2779
f 2779 2052 2181
f 2144 2775 2081
f 2081 2775 2078
f 2294 2153 2174
f 2174 2153 2175
f 2132 2276 2189
f 2189 2276 2778
f 2606 2609 2772
f 2772 2609 2778
f 2195 2613 2698
f 2698 2613 2612
f 2596 2279 2698
f 2698 2279 2195
f 2054 2777 2276
f 2276 2777 2778
f 2777 2054 2776
f 2776 2054 2053
f 2053 2779 2776
f 2776 2779 2079
f 2779 2181 2079
f 2079 2181 2080
f 2181 2239 2080
f 2080 2239 2240
f 2122 2256 2014
f 2042 1982 2076
f 2076 1982 2007
f 1982 1985 2007
f 2007 1985 2008
f 2095 2097 2265
f 2265 2097 2266
f 2076 2050 2042
f 2042 2050 2047
f 2046 2043 2047
f 2047 2043 2042
f 2118 1993 2046
f 2046 1993 2043
f 1995 1994 2118
f 2118 1994 1993
f 2267 1992 2011
f 2011 1992 2012
f 1997 2012 1994
f 1994 2012 1992
f 2226 2013 1997
f 1997 2013 2012
f 2225 2087 2226
f 2226 2087 2013
f 2225 2232 2087
f 2087 2232 2288
f 2232 2070 2288
f 2288 2070 2252
f 2070 2025 2252
f 2252 2025 2253
f 1988 2249 2025
f 2025 2249 2253
f 2116 2115 2267
f 2267 2115 2268
f 2096 1984 2237
f 2237 1984 1991
f 2095 1985 2096
f 2096 1985 1984
f 2265 2008 2095
f 2095 2008 1985
f 2092 2009 2265
f 2265 2009 2008
f 2091 2286 2092
f 2092 2286 2009
f 2255 2238 2091
f 2091 2238 2286
f 2256 2239 2255
f 2255 2239 2238
f 2122 2240 2256
f 2256 2240 2239
f 2121 2241 2122
f 2122 2241 2240
f 2022 2018 2097
f 2097 2018 2266
f 2022 2024 2018
f 2018 2024 2019
f 2024 2072 2019
f 2019 2072 2073
f 2072 2228 2073
f 2073 2228 2230
f 2228 2184 2230
f 2230 2184 2183
f 2121 2285 2241
f 2241 2285 2258
f 2285 2036 2258
f 2258 2036 2257
f 2177 2145 2193
f 2193 2145 2257
f 2173 2193 2196
f 2196 2193 2037
f 2036 2037 2257
f 2257 2037 2193
f 2196 2037 2066
f 2066 2037 2035
f 2061 2108 2034
f 2034 2108 2067
f 2108 2208 2067
f 2067 2208 2204
f 2208 2210 2204
f 2204 2210 2203
f 2210 2280 2203
f 2203 2280 2186
f 2183 2186 2235
f 2235 2186 2280
f 1987 2114 1988
f 1988 2114 2249
f 2237 2115 1987
f 1987 2115 2114
f 1991 2268 2237
f 2237 2268 2115
f 1991 1990 2268
f 2268 1990 1992
f 107 110 2781
f 2781 110 2780
f 117 2782 118
f 118 2782 2783
f 119 2784 120
f 120 2784 2785
f 125 2786 126
f 126 2786 2787
f 127 2788 128
f 128 2788 2789
f 127 132 2788
f 2788 132 2790
f 231 230 2792
f 2792 230 2791
f 118 2783 119
f 119 2783 2784
f 241 243 2794
f 2794 243 2793
f 2781 2795 107
f 107 2795 352
f 120 2785 437
f 437 2785 2796
f 126 2787 110
f 110 2787 2780
f 455 2797 456
f 456 2797 2798
f 128 2789 457
f 457 2789 2799
f 456 2798 117
f 117 2798 2782
f 2794 2797 241
f 241 2797 455
f 457 2799 125
f 125 2799 2786
f 132 231 2790
f 2790 231 2792
f 230 437 2791
f 2791 437 2796
f 2792 2789 2790
f 2790 2789 2788
f 2785 2784 2801
f 2801 2784 2800
f 2786 2802 2787
f 2787 2802 2803
f 2792 2791 2805
f 2805 2791 2804
f 2784 2783 2800
f 2800 2783 2806
f 2785 2801 2796
f 2796 2801 2807
f 2787 2803 2780
f 2780 2803 2808
f 2789 2809 2799
f 2799 2809 2810
f 2799 2810 2786
f 2786 2810 2802
f 2791 2796 2804
f 2804 2796 2807
f 2789 2792 2809
f 2809 2792 2805
f 2812 2797 2811
f 2811 2797 2794
f 2809 2805 2810
f 2810 2805 2804
f 2810 2804 2802
f 2802 2804 2807
f 2802 2807 2803
f 2803 2807 2801
f 2808 2803 2800
f 2800 2803 2801
f 2814 699 2813
f 2813 699 698
f 2808 2815 2780
f 2780 2815 2781
f 2817 2782 2816
f 2816 2782 2798
f 2815 2818 2781
f 2781 2818 2795
f 2797 2812 2798
f 2798 2812 2816
f 2783 2782 2806
f 2806 2782 2817
f 2800 2806 2808
f 2808 2806 2815
f 2794 2793 2811
f 2811 2793 2819
f 174 201 384
f 384 201 362
f 200 1766 390
f 390 1766 1777
f 1777 1778 390
f 390 1778 398
f 1778 361 398
f 398 361 222
f 2820 2821 628
f 628 2821 629
f 1406 2820 790
f 790 2820 628
f 794 1415 1233
f 1233 1415 1234
f 1406 790 1407
f 1407 790 1312
f 1407 1312 2822
f 2822 1312 1316
f 2823 1380 1543
f 1543 1380 1379
f 1385 1738 1382
f 1382 1738 1383
f 1381 791 1382
f 1382 791 1386
f 791 794 1386
f 1386 794 1233
f 1259 1390 1260
f 1260 1390 1389
f 1905 1542 1394
f 1394 1542 1395
f 1410 1413 1397
f 1397 1413 1398
f 2821 1410 629
f 629 1410 1397
f 2823 2822 1380
f 1380 2822 1316
f 1392 1395 1378
f 1378 1395 1379
f 1738 1399 1383
f 1383 1399 1398
f 1388 1235 1389
f 1389 1235 1234
f 1393 1391 1394
f 1394 1391 1390
f 1381 1384 779
f 779 1384 780
f 1282 788 792
f 792 788 793
f 1431 1262 1432
f 1432 1262 1261
f 1400 1342 1408
f 1408 1342 1409
f 1508 1544 1411
f 1411 1544 1412
f 788 787 793
f 793 787 1414
f 2821 2820 1429
f 1429 2820 1430
f 2822 2823 1506
f 1506 2823 1507
f 778 1282 779
f 779 1282 792
f 2820 1406 1430
f 1430 1406 1409
f 1410 2821 1411
f 1411 2821 1429
f 1407 2822 1408
f 1408 2822 1506
f 1544 781 1412
f 1412 781 780
f 1260 1415 1261
f 1261 1415 1414
f 1334 2824 923
f 923 2824 924
f 2826 1268 2825
f 2825 1268 1267
f 769 1212 2827
f 2827 1212 2828
f 1492 1190 1266
f 1266 1190 1267
f 1488 2829 1489
f 1489 2829 2830
f 922 1329 923
f 923 1329 1328
f 1484 2831 1485
f 1485 2831 2832
f 1482 2833 1485
f 1485 2833 1486
f 1324 1493 1489
f 1489 1493 1490
f 1265 1491 1266
f 1266 1491 1490
f 2835 2836 2834
f 2834 2836 2837
f 1250 2838 2827
f 2827 2838 2839
f 1488 1491 2840
f 2840 1491 2841
f 1268 2826 2842
f 2842 2826 2843
f 2844 2845 1495
f 1495 2845 1496
f 1427 2847 2846
f 2846 2847 926
f 2829 1488 2848
f 2848 1488 2840
f 1329 922 2849
f 2849 922 927
f 2850 2851 768
f 768 2851 1213
f 1265 1268 2852
f 2852 1268 2842
f 1491 1265 2841
f 2841 1265 2852
f 2854 2855 2853
f 2853 2855 2856
f 2855 2857 2856
f 2856 2857 598
f 2857 2858 598
f 598 2858 595
f 2858 2859 595
f 595 2859 626
f 649 652 2860
f 2860 652 2861
f 639 642 2862
f 2862 642 2863
f 2864 705 2862
f 2862 705 639
f 2865 1418 2864
f 2864 1418 705
f 2866 2867 2865
f 2865 2867 1418
f 1760 1348 1761
f 1761 1348 2867
f 1764 2868 1197
f 1197 2868 1198
f 2869 611 2868
f 2868 611 1198
f 2870 612 2869
f 2869 612 611
f 1352 1350 944
f 944 1350 688
f 1350 1256 688
f 688 1256 685
f 1256 1255 685
f 685 1255 692
f 1255 2871 692
f 692 2871 2872
f 701 2873 698
f 698 2873 2813
f 2872 1349 692
f 692 1349 693
f 1696 1744 1574
f 1574 1744 1575
f 1753 1618 1577
f 1577 1618 1578
f 1729 1594 1608
f 1608 1594 1609
f 1725 1630 1611
f 1611 1630 1612
f 1604 1607 1625
f 1625 1607 1626
f 1624 1703 1625
f 1625 1703 1912
f 1703 1702 1912
f 1912 1702 1913
f 1702 1753 1913
f 1913 1753 1577
f 1598 1569 1915
f 1915 1569 1578
f 1616 1615 1915
f 1915 1615 1916
f 1615 1696 1916
f 1916 1696 1574
f 1744 1745 1575
f 1575 1745 1917
f 1745 1565 1917
f 1917 1565 1609
f 1568 1725 1608
f 1608 1725 1611
f 2874 1613 1918
f 1918 1613 1612
f 1607 2874 1626
f 1626 2874 1918
f 1610 1613 1562
f 1562 1613 1563
f 1547 1550 1570
f 1570 1550 1571
f 1573 1576 1580
f 1580 1576 1581
f 1553 1556 1595
f 1595 1556 1596
f 1556 1582 1596
f 1596 1582 1581
f 1551 1547 1599
f 1599 1547 1570
f 1731 1914 1601
f 1601 1914 1602
f 1686 1689 1605
f 1605 1689 1606
f 1598 1743 1599
f 1599 1743 1692
f 2874 1607 1723
f 1723 1607 1606
f 1727 1553 1730
f 1730 1553 1595
f 1600 1686 1601
f 1601 1686 1605
f 1914 1572 1602
f 1602 1572 1571
f 1579 1693 1580
f 1580 1693 1692
f 1613 2874 1563
f 1563 2874 1723
f 1561 1727 1562
f 1562 1727 1730
f 1949 1742 1548
f 1548 1742 1549
f 1694 1949 1552
f 1552 1949 1548
f 1954 1589 1554
f 1554 1589 1555
f 1693 1579 1558
f 1558 1579 1559
f 1561 1564 1584
f 1584 1564 1585
f 1582 1556 1588
f 1588 1556 1555
f 1600 1603 1591
f 1591 1603 1592
f 1981 1977 1687
f 1687 1977 1688
f 1564 1722 1585
f 1585 1722 1690
f 1551 1693 1552
f 1552 1693 1558
f 1751 1954 1728
f 1728 1954 1554
f 1590 1981 1591
f 1591 1981 1687
f 1603 1550 1592
f 1592 1550 1549
f 1977 1691 1688
f 1688 1691 1690
f 1587 1560 1588
f 1588 1560 1559
f 1727 1561 1728
f 1728 1561 1584
f 2875 1919 1947
f 1947 1919 1948
f 1557 1560 1952
f 1952 1560 1953
f 1933 1932 1955
f 1955 1932 1956
f 1587 1589 1958
f 1958 1589 1956
f 1959 1933 1965
f 1965 1933 1955
f 1961 1964 1966
f 1966 1964 1967
f 1981 1590 1969
f 1969 1590 1967
f 1742 1949 1972
f 1972 1949 1948
f 1593 1742 1966
f 1966 1742 1972
f 1957 1950 1958
f 1958 1950 1953
f 1583 1586 1974
f 1974 1586 1975
f 1940 1943 1978
f 1978 1943 1979
f 1943 1976 1979
f 1979 1976 1975
f 1951 2875 1952
f 1952 2875 1947
f 1968 1940 1969
f 1969 1940 1978
f 1973 1959 1974
f 1974 1959 1965
f 1923 1971 1920
f 1920 1971 1921
f 1919 2875 1920
f 1920 2875 1924
f 2875 1951 1924
f 1924 1951 1926
f 1950 1957 1929
f 1929 1957 1930
f 2244 2243 1934
f 1934 2243 1935
f 1973 1976 1937
f 1937 1976 1938
f 1944 1980 1941
f 1941 1980 1942
f 1940 1968 1941
f 1941 1968 1945
f 2287 2244 1960
f 1960 2244 1934
f 1970 2245 1962
f 1962 2245 1963
f 2243 1931 1935
f 1935 1931 1930
f 1927 1926 1928
f 1928 1926 1929
f 1961 1922 1962
f 1962 1922 1921
f 2245 1946 1963
f 1963 1946 1945
f 1976 1943 1938
f 1938 1943 1942
f 1936 2287 1937
f 1937 2287 1960
f 743 1238 608
f 608 1238 609
f 607 1811 608
f 608 1811 744
f 1304 2876 1305
f 1305 2876 2877
f 586 585 1298
f 1298 585 1299
f 585 702 1299
f 1299 702 1300
f 702 1428 1300
f 1300 1428 1301
f 1238 586 609
f 609 586 1298
f 2878 2879 1218
f 1218 2879 2877
f 2880 2881 1812
f 1812 2881 1819
f 2883 1821 2882
f 2882 1821 1820
f 2840 2841 620
f 620 2841 621
f 2842 2843 795
f 795 2843 796
f 892 895 2844
f 2844 895 2845
f 2848 2840 942
f 942 2840 620
f 2849 927 1202
f 1202 927 1203
f 2852 2842 1270
f 1270 2842 795
f 2841 2852 621
f 621 2852 1270
f 941 1759 942
f 942 1759 2884
f 659 929 1427
f 1427 929 2847
f 1237 2851 751
f 751 2851 2850
f 1216 2885 1217
f 1217 2885 1754
f 2887 734 2886
f 2886 734 733
f 2889 1816 2888
f 2888 1816 1815
f 2890 1245 2889
f 2889 1245 1816
f 1824 2891 1825
f 1825 2891 1246
f 2892 2893 2895
f 2895 2893 2894
f 1854 1833 1851
f 1851 1833 1832
f 1851 1832 1884
f 1884 1832 1876
f 1884 1876 1441
f 1441 1876 1443
f 1441 1443 1442
f 1442 1443 1446
f 1442 1446 2896
f 2896 1446 1507
f 2897 2823 2898
f 2898 2823 1543
f 1542 2899 1543
f 1543 2899 2898
f 1542 1905 2899
f 2899 1905 2900
f 1905 1259 2900
f 2900 1259 2901
f 1262 1431 2902
f 2902 1431 1904
f 1431 1434 1904
f 1904 1434 1902
f 1902 1434 2903
f 2903 1434 719
f 2903 719 2904
f 2904 719 718
f 1869 1881 718
f 718 1881 2904
f 1881 1869 1880
f 1880 1869 756
f 1880 756 2905
f 2905 756 755
f 2905 755 2906
f 2906 755 758
f 762 2907 763
f 763 2907 2908
f 724 723 2909
f 2909 723 894
f 796 895 723
f 723 895 894
f 2843 2845 796
f 796 2845 895
f 2826 1496 2843
f 2843 1496 2845
f 2825 1497 2826
f 2826 1497 1496
f 1189 2836 2825
f 2825 2836 1497
f 797 891 798
f 798 891 2837
f 802 888 797
f 797 888 891
f 2910 2911 2913
f 2913 2911 2912
f 1780 1783 2915
f 2915 1783 2914
f 2916 2917 831
f 831 2917 832
f 2918 2919 845
f 845 2919 846
f 2920 2916 847
f 847 2916 831
f 2921 2922 857
f 857 2922 858
f 2923 2924 860
f 860 2924 861
f 2919 2912 846
f 846 2912 887
f 2925 2920 940
f 940 2920 847
f 2924 2926 861
f 861 2926 1204
f 2917 2918 832
f 832 2918 845
f 2927 2928 1449
f 1449 2928 1450
f 2929 2930 889
f 889 2930 2931
f 2896 1507 2897
f 2897 1507 2823
f 2902 2901 1262
f 1262 2901 1259
f 2932 2933 750
f 750 2933 1236
f 2933 2934 1236
f 1236 2934 1835
f 2936 2937 2935
f 2935 2937 2938
f 2940 2941 2939
f 2939 2941 2942
f 2943 2944 1841
f 1841 2944 1842
f 2945 1860 2944
f 2944 1860 1842
f 2945 2946 1860
f 1860 2946 1859
f 1889 2947 1890
f 1890 2947 1856
f 1856 2947 1857
f 1857 2947 2948
f 2950 709 2949
f 2949 709 1829
f 2952 730 2951
f 2951 730 729
f 2866 2953 2867
f 2867 2953 1761
f 2953 2954 1761
f 1761 2954 1420
f 2954 2955 1420
f 1420 2955 742
f 2955 2956 742
f 742 2956 739
f 2956 2957 739
f 739 2957 760
f 2957 2958 760
f 760 2958 761
f 2958 2959 761
f 761 2959 2960
f 2959 2961 2960
f 2960 2961 2962
f 2963 2964 1839
f 1839 2964 1840
f 2964 2965 1840
f 1840 2965 2942
f 2966 2950 2939
f 2939 2950 2949
f 2935 2967 2936
f 2936 2967 2968
f 2969 2970 736
f 736 2970 735
f 734 2887 1815
f 1815 2887 2888
f 2887 2882 2888
f 2888 2882 2881
f 1819 1820 1817
f 1817 1820 748
f 1195 1757 1197
f 1197 1757 1424
f 1757 647 1424
f 1424 647 646
f 647 648 646
f 646 648 643
f 648 1271 643
f 643 1271 737
f 1271 725 737
f 737 725 765
f 725 724 765
f 765 724 762
f 762 724 2907
f 2907 724 2909
f 1254 1437 2909
f 2909 1437 2907
f 1438 1253 1836
f 1836 1253 1835
f 1836 1835 2938
f 2938 1835 2934
f 2971 2972 2935
f 2935 2972 2967
f 897 896 2969
f 2969 896 2970
f 1815 1814 734
f 734 1814 731
f 728 1215 896
f 896 1215 732
f 2885 1216 733
f 733 1216 2886
f 1216 1219 2886
f 2886 1219 2883
f 2876 1304 1821
f 1821 1304 749
f 1304 1303 749
f 749 1303 746
f 1818 2973 1817
f 1817 2973 1810
f 747 2974 1818
f 1818 2974 2973
f 747 746 2974
f 2974 746 1303
f 2976 2977 2975
f 2975 2977 2978
f 2976 2979 2901
f 2901 2979 2900
f 2980 2981 2982
f 2982 2981 2979
f 2981 2980 2983
f 2983 2980 2984
f 2985 2897 2983
f 2983 2897 2898
f 2987 2988 2986
f 2986 2988 2985
f 2896 2988 1442
f 1442 2988 1439
f 1903 2977 1904
f 1904 2977 2902
f 1856 1855 1890
f 1890 1855 2989
f 2989 2990 1890
f 1890 2990 1359
f 2990 2991 1359
f 1359 2991 1356
f 2946 2992 1859
f 1859 2992 1893
f 2992 2993 1893
f 1893 2993 775
f 2993 2994 775
f 775 2994 776
f 2986 1356 2987
f 2987 1356 2991
f 2975 2978 776
f 776 2978 777
f 2982 2994 2980
f 2980 2994 2995
f 1357 2984 2995
f 2995 2984 2980
f 2995 2996 1357
f 1357 2996 1358
f 2996 2997 1358
f 1358 2997 1889
f 2998 2999 2932
f 2932 2999 2933
f 2999 2971 2933
f 2933 2971 2934
f 1837 1836 2937
f 2937 1836 2938
f 2943 1841 2941
f 2941 1841 1838
f 3001 2944 3000
f 3000 2944 2943
f 3001 3002 2944
f 2944 3002 2945
f 3002 3003 2945
f 2945 3003 2946
f 2997 3003 1889
f 1889 3003 2947
f 2947 3003 2948
f 2948 3003 3002
f 3001 3004 3002
f 3002 3004 2948
f 3000 3005 3001
f 3001 3005 3004
f 2940 3006 3000
f 3000 3006 3005
f 2999 3007 2971
f 2971 3007 2972
f 2998 2951 2999
f 2999 2951 3007
f 3008 2952 2998
f 2998 2952 2951
f 2966 2965 2936
f 2936 2965 2937
f 2935 2938 2971
f 2971 2938 2934
f 3003 2997 2946
f 2946 2997 2992
f 2997 2996 2992
f 2992 2996 2993
f 2996 2995 2993
f 2993 2995 2994
f 1356 2986 1357
f 1357 2986 2984
f 2982 2975 2994
f 2994 2975 776
f 1844 1843 1899
f 1899 1843 3009
f 1843 638 3009
f 3009 638 3010
f 638 637 3010
f 3010 637 3011
f 637 1830 3011
f 3011 1830 3012
f 1830 1833 3012
f 3012 1833 2894
f 1833 1854 2894
f 2894 1854 2895
f 1854 1853 2895
f 2895 1853 1888
f 1858 1857 1885
f 1885 1857 1892
f 1899 3009 1898
f 1898 3009 1874
f 3009 3010 1874
f 1874 3010 1865
f 3010 3011 1865
f 1865 3011 1862
f 3011 3012 1862
f 1862 3012 1882
f 3012 2894 1882
f 1882 2894 2893
f 1850 2890 782
f 782 2890 2889
f 783 2880 1811
f 1811 2880 1812
f 744 1810 745
f 745 1810 2973
f 745 2973 805
f 805 2973 806
f 2973 2974 806
f 806 2974 815
f 1303 812 2974
f 2974 812 815
f 1303 1302 812
f 812 1302 1221
f 1307 3013 1302
f 1302 3013 1221
f 1734 3014 1633
f 1633 3014 1634
f 1646 1649 1636
f 1636 1649 1637
f 1654 1657 1641
f 1641 1657 1642
f 1639 1736 1636
f 1636 1736 1684
f 1716 1713 1698
f 1698 1713 1699
f 1718 1721 1705
f 1705 1721 1706
f 1653 1654 1709
f 1709 1654 1641
f 1620 1623 1714
f 1714 1623 1699
f 1712 1682 1714
f 1714 1682 1740
f 1668 1671 1746
f 1746 1671 1747
f 1752 1650 1749
f 1749 1650 1750
f 1750 1650 1709
f 1709 1650 1653
f 1632 1668 1633
f 1633 1668 1746
f 1649 1752 1637
f 1637 1752 1749
f 1682 1643 1740
f 1740 1643 1642
f 3014 1685 1634
f 1634 1685 1684
f 1704 1748 1705
f 1705 1748 1747
f 1697 1707 1698
f 1698 1707 1706
f 1739 1701 1621
f 1621 1701 1622
f 1567 1566 1647
f 1647 1566 1648
f 1664 1695 1651
f 1651 1695 1652
f 1614 1617 1655
f 1655 1617 1656
f 1704 1707 1659
f 1659 1707 1660
f 3014 1734 1662
f 1662 1734 1663
f 1650 1752 1651
f 1651 1752 1665
f 1741 1657 1667
f 1667 1657 1656
f 1695 1614 1652
f 1652 1614 1655
f 1724 1567 1726
f 1726 1567 1647
f 1645 1628 1733
f 1733 1628 1663
f 1685 3014 1726
f 1726 3014 1662
f 1620 1741 1621
f 1621 1741 1667
f 1566 1666 1648
f 1648 1666 1665
f 1658 1737 1659
f 1659 1737 1901
f 1911 1661 1910
f 1910 1661 1660
f 1701 1911 1622
f 1622 1911 1910
f 1732 1748 1733
f 1733 1748 1901
f 1857 2948 1892
f 1892 2948 3004
f 1892 3004 1891
f 1891 3004 3005
f 1828 3006 1829
f 1829 3006 2949
f 2967 736 2968
f 2968 736 710
f 2972 2969 2967
f 2967 2969 736
f 2969 2972 897
f 897 2972 3007
f 897 3007 729
f 729 3007 2951
f 3016 753 3015
f 3015 753 752
f 3018 767 3017
f 3017 767 766
f 3019 3020 1249
f 1249 3020 3021
f 2915 2914 3019
f 3019 2914 3020
f 3023 2914 3022
f 3022 2914 1783
f 2827 2839 769
f 769 2839 766
f 3025 2838 3024
f 3024 2838 3021
f 768 767 2850
f 2850 767 3026
f 2850 3026 751
f 751 3026 752
f 750 753 2932
f 2932 753 3027
f 3008 2998 3027
f 3027 2998 2932
f 3028 3029 3008
f 3008 3029 2952
f 3029 3030 2952
f 2952 3030 730
f 3032 3033 3031
f 3031 3033 3034
f 3036 3037 3035
f 3035 3037 3038
f 2870 3039 612
f 612 3039 3040
f 3041 3042 3031
f 3031 3042 3038
f 3034 1352 3043
f 3043 1352 944
f 612 3040 613
f 613 3040 3044
f 613 3044 1425
f 1425 3044 1422
f 3045 3042 669
f 669 3042 670
f 3041 3043 599
f 599 3043 600
f 772 771 1544
f 1544 771 781
f 1503 771 1866
f 1866 771 770
f 771 1503 781
f 781 1503 778
f 61 281 416
f 416 281 1907
f 283 103 3046
f 3046 103 3047
f 76 79 3048
f 3048 79 3049
f 280 76 1906
f 1906 76 3048
f 3051 335 3050
f 3050 335 334
f 3053 417 3052
f 3052 417 416
f 3055 435 3054
f 3054 435 434
f 428 435 419
f 419 435 1908
f 420 1909 293
f 293 1909 443
f 79 294 3049
f 3049 294 444
f 3057 444 3056
f 3056 444 443
f 3051 3058 335
f 335 3058 452
f 216 215 1332
f 1332 215 452
f 308 283 462
f 462 283 3046
f 3050 334 3059
f 3059 334 462
f 103 62 3047
f 3047 62 417
f 313 312 434
f 434 312 463
f 3061 574 3060
f 3060 574 573
f 1310 3062 1428
f 1428 3062 3063
f 1258 3064 1255
f 1255 3064 2871
f 932 3065 2853
f 2853 3065 3066
f 699 2814 931
f 931 2814 3067
f 3068 1301 3063
f 3063 1301 1428
f 571 574 1310
f 1310 574 3062
f 3060 573 3069
f 3069 573 1332
f 3070 3071 1906
f 1906 3071 1907
f 3072 3073 1908
f 1908 3073 1909
f 3075 2814 3074
f 3074 2814 2813
f 2854 3076 1258
f 1258 3076 3064
f 2871 3077 2872
f 2872 3077 3078
f 3074 2813 3079
f 3079 2813 2873
f 2872 3078 1349
f 1349 3078 3080
f 2873 701 3068
f 3068 701 1301
f 1330 1201 3080
f 3080 1201 1349
f 1264 1263 3081
f 3081 1263 3082
f 3083 3084 3082
f 3082 3084 3081
f 811 1448 3086
f 3086 1448 3085
f 808 811 3087
f 3087 811 3086
f 3088 3083 833
f 833 3083 3082
f 884 3089 885
f 885 3089 3090
f 3087 1790 808
f 808 1790 816
f 1790 3087 1787
f 1787 3087 3091
f 3092 3091 3086
f 3086 3091 3087
f 3093 3094 3084
f 3084 3094 3095
f 3089 3096 3090
f 3090 3096 3088
f 3097 3093 3083
f 3083 3093 3084
f 3099 3100 3098
f 3098 3100 1786
f 3101 1788 2913
f 2913 1788 3102
f 838 837 885
f 885 837 886
f 886 837 3103
f 3103 837 1541
f 3094 3093 3104
f 3104 3093 3097
f 3105 3106 3089
f 3089 3106 3096
f 3108 3109 3107
f 3107 3109 3110
f 3111 3112 3091
f 3091 3112 1787
f 3114 3108 3113
f 3113 3108 3107
f 3114 3115 3112
f 3112 3115 3102
f 3091 3092 3111
f 3111 3092 3116
f 839 838 835
f 835 838 836
f 885 3090 838
f 838 3090 836
f 3110 3117 1247
f 1247 3117 3118
f 1247 3118 1248
f 1248 3118 3119
f 3120 3121 3119
f 3119 3121 1248
f 1247 844 3110
f 3110 844 3107
f 844 843 3107
f 3107 843 3113
f 843 3099 3113
f 3113 3099 3122
f 1781 3123 3098
f 3098 3123 3124
f 2915 2931 1780
f 1780 2931 2930
f 3019 3125 2915
f 2915 3125 2931
f 890 3125 2834
f 2834 3125 1252
f 3125 3019 1252
f 1252 3019 1249
f 907 908 946
f 946 908 947
f 1185 1188 1369
f 1369 1188 948
f 954 957 951
f 951 957 952
f 910 965 953
f 953 965 950
f 905 958 960
f 960 958 961
f 3126 978 949
f 949 978 962
f 936 935 967
f 967 935 968
f 994 993 969
f 969 993 966
f 902 904 971
f 971 904 972
f 983 985 973
f 973 985 970
f 906 905 974
f 974 905 960
f 977 981 959
f 959 981 975
f 911 910 1143
f 1143 910 953
f 952 957 1142
f 1142 957 1145
f 911 1143 1366
f 1366 1143 1368
f 1185 1369 1145
f 1145 1369 1142
f 993 1519 966
f 966 1519 1456
f 965 1454 950
f 950 1454 1457
f 900 899 1459
f 1459 899 1460
f 988 991 1461
f 1461 991 1458
f 899 963 1460
f 1460 963 1462
f 985 987 970
f 970 987 1463
f 904 906 972
f 972 906 974
f 981 983 975
f 975 983 973
f 935 900 968
f 968 900 1459
f 991 994 1458
f 1458 994 969
f 1154 1526 1088
f 1088 1526 1089
f 1109 1112 1092
f 1092 1112 1093
f 1083 1098 1084
f 1084 1098 1097
f 1078 1471 1100
f 1100 1471 1101
f 1075 1078 1104
f 1104 1078 1100
f 1152 1154 1156
f 1156 1154 1088
f 1156 1155 1372
f 1372 1155 1373
f 1372 1373 1104
f 1104 1373 1075
f 1467 1109 1465
f 1465 1109 1092
f 1465 1182 1468
f 1468 1182 1184
f 1474 1470 1096
f 1096 1470 1097
f 1102 1101 1083
f 1083 1101 1098
f 1112 1531 1093
f 1093 1531 1529
f 1102 1073 1099
f 1099 1073 1072
f 1526 1154 1079
f 1079 1154 1080
f 1081 1091 1082
f 1082 1091 1094
f 1069 1068 1085
f 1085 1068 1086
f 1153 1151 1080
f 1080 1151 1058
f 1371 1177 1179
f 1179 1177 1176
f 1099 1072 1103
f 1103 1072 1176
f 1068 1071 1086
f 1086 1071 1073
f 1085 1084 1180
f 1180 1084 1469
f 1066 1065 1183
f 1183 1065 1181
f 1153 1152 1177
f 1177 1152 1178
f 1091 1081 1182
f 1182 1081 1183
f 1057 1525 1079
f 1079 1525 1527
f 1120 1117 1076
f 1076 1117 1077
f 1087 1090 1107
f 1107 1090 1108
f 1127 1126 1110
f 1110 1126 1111
f 1095 1116 1096
f 1096 1116 1115
f 1471 1078 1119
f 1119 1078 1077
f 1087 1107 1155
f 1155 1107 1158
f 1376 1374 1157
f 1157 1374 1158
f 1076 1075 1374
f 1374 1075 1373
f 1109 1467 1110
f 1110 1467 1472
f 1467 1466 1472
f 1472 1466 1473
f 1135 1475 1114
f 1114 1475 1115
f 1471 1119 1095
f 1095 1119 1116
f 1126 1532 1111
f 1111 1532 1530
f 914 1276 1480
f 1480 1276 1517
f 3127 3128 1223
f 1223 3128 1224
f 824 933 1455
f 1455 933 3129
f 3131 1448 3130
f 3130 1448 1447
f 3132 3133 1452
f 1452 3133 1453
f 3130 1447 1322
f 1322 1447 1455
f 933 1514 3129
f 3129 1514 3134
f 1161 3135 1480
f 1480 3135 1481
f 3128 3136 1224
f 1224 3136 1499
f 3133 1162 1453
f 1453 1162 1517
f 1515 3127 1535
f 1535 3127 1223
f 3095 3085 3131
f 3131 3085 1448
f 3137 3092 3085
f 3085 3092 3086
f 3138 3116 3137
f 3137 3116 3092
f 3110 3109 3117
f 3117 3109 3139
f 3105 3140 3117
f 3117 3140 3118
f 3140 3141 3118
f 3118 3141 3119
f 3142 3120 3141
f 3141 3120 3119
f 1498 3143 1277
f 1277 3143 882
f 3144 3145 1340
f 1340 3145 1339
f 1340 3146 3144
f 3144 3146 3147
f 3145 3144 3143
f 3143 3144 3148
f 871 901 872
f 872 901 1362
f 3149 3148 3147
f 3147 3148 3144
f 1208 3150 1209
f 3098 1786 1781
f 1781 1786 1782
f 2930 2929 3123
f 3123 2929 2911
f 1794 1791 2916
f 2916 1791 2917
f 1793 3101 2918
f 2918 3101 2919
f 1796 1794 2920
f 2920 1794 2916
f 3151 3152 2921
f 2921 3152 2922
f 3153 3154 2923
f 2923 3154 2924
f 2919 3101 2912
f 2912 3101 2913
f 3155 1796 2925
f 2925 1796 2920
f 3154 3156 2924
f 2924 3156 2926
f 1791 1793 2917
f 2917 1793 2918
f 3157 3158 2927
f 2927 3158 2928
f 1780 2930 1781
f 1781 2930 3123
f 2825 1267 1189
f 1189 1267 1190
f 2827 2828 1250
f 1250 2828 1251
f 1489 2830 1324
f 1324 2830 1325
f 923 1328 1334
f 1334 1328 1335
f 1485 2832 1482
f 1482 2832 1483
f 1266 1490 1492
f 1492 1490 1493
f 1333 1346 1334
f 1334 1346 2824
f 722 799 1492
f 1492 799 1190
f 664 657 1482
f 1482 657 2833
f 631 634 1324
f 1324 634 1493
f 2828 1494 1251
f 1251 1494 2835
f 1249 3021 1250
f 1250 3021 2838
f 798 2837 1189
f 1189 2837 2836
f 3100 842 3160
f 3160 842 3159
f 1788 3101 1789
f 1789 3101 1793
f 1792 816 1789
f 1789 816 1790
f 817 816 1795
f 1795 816 1792
f 938 817 1797
f 1797 817 1795
f 1796 3155 1797
f 1797 3155 1798
f 3155 3158 1798
f 1798 3158 1799
f 3157 3152 1801
f 1801 3152 1802
f 3151 3156 1803
f 1803 3156 1804
f 3154 3153 1805
f 1805 3153 1806
f 3153 3161 1806
f 1806 3161 1807
f 3099 843 3100
f 3100 843 842
f 1788 1787 3102
f 3102 1787 3112
f 2910 3115 3124
f 3124 3115 3122
f 3099 3098 3122
f 3122 3098 3124
f 416 1907 3052
f 3052 1907 3071
f 3046 3047 3163
f 3163 3047 3162
f 249 445 259
f 259 445 3164
f 425 3165 424
f 424 3165 461
f 408 410 329
f 329 410 330
f 39 331 40
f 40 331 332
f 305 304 423
f 423 304 464
f 385 254 458
f 458 254 392
f 250 415 251
f 251 415 412
f 233 337 234
f 234 337 3166
f 435 3055 1908
f 1908 3055 3072
f 443 1909 3056
f 3056 1909 3073
f 3167 3049 3057
f 3057 3049 444
f 452 3058 1332
f 1332 3058 3069
f 234 3166 346
f 346 3166 411
f 3046 3163 462
f 462 3163 3059
f 259 3164 260
f 260 3164 336
f 3047 417 3162
f 3162 417 3053
f 463 3168 434
f 434 3168 3054
f 454 830 425
f 425 830 3165
f 3062 3169 3063
f 3063 3169 3170
f 1355 1354 1534
f 1534 1354 3171
f 3063 3170 3068
f 3068 3170 3172
f 574 3061 3062
f 3062 3061 3169
f 1534 3171 1535
f 1535 3171 3173
f 3079 2873 3172
f 3172 2873 3068
f 2838 3025 2839
f 2839 3025 3174
f 3176 3177 3175
f 3175 3177 3178
f 3180 1125 3179
f 3179 1125 1128
f 3182 3183 3181
f 3181 3183 3184
f 1134 3185 1130
f 1130 3185 3182
f 3186 3187 3189
f 3189 3187 3188
f 3191 3189 3190
f 3190 3189 3188
f 1137 1122 3190
f 3190 1122 3192
f 3175 3178 3193
f 3193 3178 3194
f 3181 3184 3179
f 3179 3184 3195
f 3197 3198 3196
f 3196 3198 3180
f 3200 3178 3199
f 3199 3178 3177
f 3202 3196 3201
f 3201 3196 3195
f 3204 3184 3203
f 3203 3184 3183
f 3206 3207 3205
f 3205 3207 3186
f 3205 3186 3208
f 3208 3186 3189
f 3209 3208 3191
f 3191 3208 3189
f 3210 3194 3200
f 3200 3194 3178
f 3201 3195 3204
f 3204 3195 3184
f 3197 3211 3177
f 3177 3211 3199
f 3213 3214 3212
f 3212 3214 3215
f 3217 3218 3216
f 3216 3218 3219
f 3221 3222 3220
f 3220 3222 3223
f 3225 3226 3224
f 3224 3226 3227
f 3229 3230 3228
f 3228 3230 3231
f 3233 3234 3232
f 3232 3234 3235
f 3237 3238 3236
f 3236 3238 3239
f 3238 3240 3239
f 3239 3240 3241
f 3232 3235 3242
f 3242 3235 3243
f 3245 3246 3244
f 3244 3246 3247
f 3248 3249 3245
f 3245 3249 3246
f 3251 3252 3250
f 3250 3252 3253
f 3255 3252 3254
f 3254 3252 3251
f 3256 3257 3259
f 3259 3257 3258
f 3261 3262 3260
f 3260 3262 3263
f 3265 3263 3264
f 3264 3263 3262
f 3256 3259 3266
f 3266 3259 3267
f 3269 3270 3268
f 3268 3270 3271
f 3269 3272 3270
f 3270 3272 3273
f 3274 3275 3277
f 3277 3275 3276
f 3278 3279 3276
f 3276 3279 3277
f 3281 3282 3280
f 3280 3282 3283
f 3280 3284 3281
f 3281 3284 3285
f 3287 3288 3286
f 3286 3288 3289
f 3290 3291 3288
f 3288 3291 3289
f 3234 3218 3235
f 3235 3218 3217
f 3232 3292 3233
f 3233 3292 3293
f 3239 3294 3236
f 3236 3294 3219
f 3233 3293 3237
f 3237 3293 3295
f 3296 3294 3241
f 3241 3294 3239
f 3240 3238 3297
f 3297 3238 3298
f 3217 3216 3235
f 3235 3216 3243
f 3297 3299 3240
f 3240 3299 3242
f 3246 3300 3247
f 3247 3300 3223
f 3301 3302 3254
f 3254 3302 3244
f 3249 3303 3246
f 3246 3303 3300
f 3245 3304 3248
f 3248 3304 3292
f 3252 3221 3253
f 3253 3221 3220
f 3250 3248 3299
f 3299 3248 3292
f 3222 3221 3255
f 3255 3221 3252
f 3297 3301 3251
f 3251 3301 3254
f 3258 3214 3259
f 3259 3214 3213
f 3257 3256 3304
f 3304 3256 3305
f 3263 3306 3260
f 3260 3306 3215
f 3261 3257 3302
f 3302 3257 3304
f 3307 3306 3265
f 3265 3306 3263
f 3262 3301 3264
f 3264 3301 3308
f 3259 3213 3267
f 3267 3213 3212
f 3308 3309 3264
f 3264 3309 3266
f 3270 3310 3271
f 3271 3310 3231
f 3311 3312 3278
f 3278 3312 3268
f 3270 3273 3310
f 3310 3273 3313
f 3272 3269 3305
f 3305 3269 3314
f 3277 3229 3274
f 3274 3229 3228
f 3275 3272 3309
f 3309 3272 3305
f 3279 3230 3277
f 3277 3230 3229
f 3276 3308 3278
f 3278 3308 3311
f 3281 3315 3282
f 3282 3315 3227
f 3290 3316 3283
f 3283 3316 3317
f 3281 3285 3315
f 3315 3285 3318
f 3284 3280 3314
f 3314 3280 3319
f 3289 3225 3286
f 3286 3225 3224
f 3287 3284 3312
f 3284 3314 3312
f 3291 3226 3289
f 3289 3226 3225
f 3288 3311 3290
f 3290 3311 3316
f 3212 3215 3307
f 3307 3215 3306
f 3294 3296 3219
f 3219 3296 3216
f 3303 3220 3300
f 3300 3220 3223
f 3224 3227 3318
f 3318 3227 3315
f 3228 3231 3313
f 3313 3231 3310
f 3234 3233 3236
f 3236 3233 3237
f 3243 3241 3242
f 3242 3241 3240
f 3247 3255 3244
f 3244 3255 3254
f 3253 3249 3250
f 3250 3249 3248
f 3260 3258 3261
f 3261 3258 3257
f 3266 3267 3264
f 3264 3267 3265
f 3268 3271 3278
f 3278 3271 3279
f 3274 3273 3275
f 3275 3273 3272
f 3283 3282 3290
f 3290 3282 3291
f 3286 3285 3287
f 3287 3285 3284
f 3218 3234 3219
f 3219 3234 3236
f 3295 3298 3237
f 3237 3298 3238
f 3216 3296 3243
f 3243 3296 3241
f 3242 3299 3232
f 3232 3299 3292
f 3223 3222 3247
f 3247 3222 3255
f 3244 3302 3245
f 3245 3302 3304
f 3303 3249 3220
f 3220 3249 3253
f 3297 3251 3299
f 3299 3251 3250
f 3215 3214 3260
f 3260 3214 3258
f 3301 3262 3302
f 3302 3262 3261
f 3212 3307 3267
f 3267 3307 3265
f 3266 3309 3256
f 3256 3309 3305
f 3271 3231 3279
f 3279 3231 3230
f 3268 3312 3269
f 3269 3312 3314
f 3228 3313 3274
f 3274 3313 3273
f 3308 3276 3309
f 3309 3276 3275
f 3282 3227 3291
f 3291 3227 3226
f 3317 3319 3283
f 3283 3319 3280
f 3224 3318 3286
f 3286 3318 3285
f 3312 3311 3287
f 3311 3288 3287
f 3320 3321 3194
f 3194 3321 3193
f 1375 3321 1121
f 1121 3321 3322
f 3323 3324 3322
f 3322 3324 3192
f 3175 1124 3176
f 3176 1124 1123
f 3179 3195 3180
f 3180 3195 3196
f 3181 1131 3182
f 3182 1131 1130
f 3207 3185 3186
f 3186 3185 3187
f 1136 3188 1133
f 1133 3188 3187
f 3190 3188 1137
f 1137 3188 1136
f 3193 1159 3175
f 3175 1159 1124
f 3179 1128 3181
f 3181 1128 1131
f 1533 3198 1123
f 1123 3198 3176
f 3321 1375 3193
f 3193 1375 1159
f 3321 3320 3322
f 3322 3320 3323
f 1122 1121 3192
f 3192 1121 3322
f 3194 3210 3320
f 3320 3210 3325
f 3324 3323 3327
f 3327 3323 3326
f 3320 3325 3323
f 3323 3325 3326
f 3208 3328 3205
f 3205 3328 3329
f 3330 3206 3329
f 3329 3206 3205
f 3203 3331 3204
f 3204 3331 3332
f 3210 3333 3325
f 3325 3333 3334
f 3325 3334 3326
f 3326 3334 3335
f 3327 3326 3336
f 3336 3326 3335
f 3327 3209 3324
f 3324 3209 3191
f 3190 3192 3191
f 3191 3192 3324
f 3338 3339 3337
f 3337 3339 3340
f 3338 3341 3339
f 3339 3341 3342
f 3341 3343 3342
f 3342 3343 3344
f 3343 3345 3344
f 3344 3345 3346
f 3345 3347 3346
f 3346 3347 3348
f 3347 3349 3348
f 3348 3349 3350
f 3337 3340 3351
f 3351 3340 3352
f 3351 3352 3353
f 3353 3352 3354
f 3353 3354 3355
f 3355 3354 3356
f 3350 3349 3357
f 3357 3349 3358
f 3355 3356 3359
f 3359 3356 3360
f 3359 3360 3361
f 3361 3360 3362
f 3361 3362 3363
f 3363 3362 3364
f 3363 3364 3358
f 3358 3364 3357
f 3339 3342 3365
f 3365 3342 3366
f 3342 3344 3366
f 3366 3344 3367
f 3344 3346 3367
f 3367 3346 3368
f 3346 3348 3368
f 3368 3348 3369
f 3348 3350 3369
f 3369 3350 3370
f 3368 3369 3371
f 3371 3369 3372
f 3369 3370 3372
f 3372 3370 3373
f 3373 3374 3372
f 3372 3374 3375
f 3377 3378 3376
f 3376 3378 3379
f 3377 3375 3378
f 3378 3375 3374
f 3375 3380 3372
f 3372 3380 3371
f 3377 3381 3375
f 3375 3381 3380
f 3376 3382 3377
f 3377 3382 3381
f 3384 3385 3383
f 3383 3385 3386
f 3384 3383 3388
f 3388 3383 3387
f 3388 3387 3389
f 3389 3387 3390
f 3392 3385 3391
f 3391 3385 3384
f 3388 3393 3384
f 3384 3393 3391
f 3389 3394 3388
f 3388 3394 3393
f 3389 3395 3394
f 3394 3395 3396
f 3395 3389 3397
f 3397 3389 3390
f 3339 3365 3340
f 3340 3365 3398
f 3340 3398 3352
f 3352 3398 3399
f 3371 3400 3368
f 3368 3400 3367
f 3400 3401 3367
f 3367 3401 3366
f 3366 3401 3365
f 3365 3401 3402
f 3398 3365 3403
f 3403 3365 3402
f 3398 3403 3399
f 3399 3403 3404
f 3403 3405 3404
f 3404 3405 3406
f 3352 3399 3354
f 3354 3399 3407
f 3399 3404 3407
f 3407 3404 3408
f 3404 3406 3408
f 3408 3406 3409
f 3405 3410 3406
f 3406 3410 3411
f 3410 3412 3411
f 3411 3412 3413
f 3397 3414 3395
f 3395 3414 3415
f 3417 3415 3416
f 3416 3415 3412
f 3410 3418 3412
f 3412 3418 3416
f 3410 3405 3418
f 3418 3405 3419
f 3405 3403 3419
f 3419 3403 3402
f 3370 3350 3420
f 3420 3350 3357
f 3373 3370 3421
f 3421 3370 3420
f 3374 3373 3422
f 3422 3373 3421
f 3378 3374 3423
f 3423 3374 3422
f 3378 3423 3379
f 3379 3423 3424
f 3424 3425 3379
f 3379 3425 3386
f 3383 3426 3387
f 3387 3426 3427
f 3387 3427 3390
f 3390 3427 3428
f 3390 3428 3397
f 3397 3428 3429
f 3429 3430 3397
f 3397 3430 3414
f 3411 3413 3431
f 3431 3413 3432
f 3406 3411 3409
f 3409 3411 3431
f 3401 3400 3335
f 3335 3400 3336
f 3401 3335 3402
f 3402 3335 3334
f 3402 3334 3419
f 3419 3334 3333
f 3419 3333 3418
f 3418 3333 3433
f 3418 3433 3416
f 3416 3433 3434
f 3435 3417 3434
f 3434 3417 3416
f 3394 3396 3436
f 3436 3396 3437
f 3393 3394 3332
f 3332 3394 3436
f 3393 3332 3391
f 3391 3332 3331
f 3330 3392 3331
f 3331 3392 3391
f 3382 3329 3381
f 3381 3329 3328
f 3354 3407 3356
f 3356 3407 3438
f 3356 3438 3360
f 3360 3438 3439
f 3360 3439 3362
f 3362 3439 3440
f 3362 3440 3364
f 3364 3440 3441
f 3364 3441 3357
f 3357 3441 3420
f 3421 3420 3442
f 3442 3420 3441
f 3442 3441 3443
f 3443 3441 3440
f 3443 3440 3444
f 3444 3440 3439
f 3444 3439 3445
f 3445 3439 3438
f 3445 3438 3408
f 3408 3438 3407
f 3422 3421 3446
f 3446 3421 3442
f 3446 3442 3447
f 3447 3442 3443
f 3447 3443 3448
f 3448 3443 3444
f 3448 3444 3449
f 3449 3444 3445
f 3449 3445 3409
f 3409 3445 3408
f 3409 3431 3449
f 3449 3431 3450
f 3449 3450 3448
f 3448 3450 3451
f 3451 3452 3448
f 3448 3452 3447
f 3447 3452 3446
f 3446 3452 3453
f 3446 3453 3422
f 3422 3453 3423
f 3424 3423 3454
f 3454 3423 3453
f 3452 3455 3453
f 3453 3455 3454
f 3452 3451 3455
f 3455 3451 3456
f 3450 3457 3451
f 3451 3457 3456
f 3431 3432 3450
f 3450 3432 3457
f 3454 3458 3424
f 3424 3458 3425
f 3427 3426 3459
f 3459 3426 3460
f 3428 3427 3461
f 3461 3427 3459
f 3428 3461 3429
f 3429 3461 3462
f 3462 3463 3429
f 3429 3463 3430
f 3464 3465 3462
f 3462 3465 3463
f 3455 3466 3454
f 3454 3466 3458
f 3465 3464 3466
f 3466 3464 3467
f 3461 3459 3468
f 3468 3459 3469
f 3468 3469 3464
f 3464 3469 3467
f 3464 3462 3468
f 3468 3462 3461
f 3459 3460 3469
f 3469 3460 3467
f 3295 3351 3298
f 3298 3351 3353
f 3353 3355 3298
f 3298 3355 3297
f 3297 3355 3301
f 3301 3355 3359
f 3301 3359 3308
f 3308 3359 3361
f 3308 3361 3311
f 3311 3361 3363
f 3311 3363 3316
f 3316 3363 3358
f 3316 3358 3317
f 3317 3358 3349
f 3349 3347 3317
f 3317 3347 3319
f 3347 3345 3319
f 3319 3345 3314
f 3345 3343 3314
f 3314 3343 3305
f 3343 3341 3305
f 3305 3341 3304
f 3304 3341 3292
f 3292 3341 3338
f 3292 3338 3293
f 3293 3338 3337
f 3293 3337 3295
f 3295 3337 3351
f 3437 3202 3436
f 3436 3202 3201
f 3436 3201 3332
f 3332 3201 3204
f 3433 3200 3434
f 3434 3200 3199
f 3211 3435 3199
f 3199 3435 3434
f 3333 3210 3433
f 3433 3210 3200
f 3380 3470 3371
f 3400 3371 3336
f 3336 3371 3470
f 3381 3328 3380
f 3380 3328 3470
f 3470 3328 3209
f 3209 3328 3208
f 3336 3470 3327
f 3327 3470 3209
f 1545 1763 1546
f 1546 1763 1762
f 1403 1546 773
f 773 1546 770
f 1221 3013 1220
f 1220 3013 3471
f 1305 2877 1306
f 1306 2877 2879
f 1220 3471 828
f 828 3471 829
f 1217 1754 3472
f 3472 1754 1756
f 1049 3473 1048
f 1048 3473 3474
f 1371 1179 3473
f 3473 1179 3474
f 1074 3475 1179
f 1179 3475 3474
f 3474 3475 1048
f 1048 3475 1056
f 919 666 1345
f 1345 666 665
f 856 680 919
f 919 680 666
f 679 680 1449
f 1449 680 858
f 1367 878 1500
f 1500 878 877
f 1366 908 1367
f 1367 908 878
f 1512 916 1513
f 1513 916 915
f 947 1368 948
f 948 1368 1369
f 1047 1021 1044
f 1044 1021 1020
f 1370 1049 1019
f 1019 1049 1020
f 1173 1030 1174
f 1174 1030 1033
f 3126 1188 1464
f 1464 1188 1187
f 1800 1451 1512
f 1512 1451 916
f 1175 1174 1186
f 1186 1174 1187
f 1030 1173 1047
f 1047 1173 1021
f 1513 915 3476
f 3476 915 1481
f 1345 665 3477
f 3477 665 1483
f 1502 1501 876
f 876 1501 877
f 1205 1451 1803
f 1803 1451 1802
f 3479 2832 3478
f 3478 2832 2831
f 1449 858 2927
f 2927 858 2922
f 908 1366 947
f 947 1366 1368
f 949 948 3126
f 3126 948 1188
f 3480 3135 1502
f 1502 3135 1501
f 2927 2922 3157
f 3157 2922 3152
f 3477 1483 3479
f 3479 1483 2832
f 1803 1802 3151
f 3151 1802 3152
f 663 658 664
f 664 658 657
f 655 658 939
f 939 658 706
f 1512 870 1800
f 1800 870 869
f 875 874 876
f 876 874 873
f 849 874 905
f 905 874 958
f 949 962 946
f 946 962 961
f 978 3126 979
f 979 3126 1464
f 1031 1168 1032
f 1032 1168 1022
f 1045 1013 1046
f 1046 1013 1012
f 1045 1044 1056
f 1056 1044 1048
f 1047 1046 1030
f 1030 1046 1031
f 939 706 940
f 940 706 1450
f 979 1464 1032
f 1032 1464 1033
f 3480 1478 3476
f 3476 1478 3134
f 2829 1487 2830
f 2830 1487 1486
f 848 1230 873
f 873 1230 1479
f 867 870 933
f 933 870 1514
f 1800 869 1801
f 1801 869 1799
f 2830 1486 1325
f 1325 1486 2833
f 940 1450 2925
f 2925 1450 2928
f 946 961 907
f 907 961 958
f 959 962 977
f 977 962 978
f 3476 3134 1513
f 1513 3134 1514
f 2925 2928 3155
f 3155 2928 3158
f 1325 2833 656
f 656 2833 657
f 1801 1799 3157
f 3157 1799 3158
f 1074 1055 3475
f 3475 1055 1056
f 1371 3473 1370
f 1370 3473 1049
f 2884 615 3481
f 3481 615 618
f 3478 2831 2846
f 2846 2831 617
f 2831 1484 617
f 617 1484 618
f 1484 1487 618
f 618 1487 3481
f 2848 3481 2829
f 2829 3481 1487
f 1480 1517 1161
f 1161 1517 1162
f 3129 1323 1455
f 1455 1323 1322
f 3129 3134 1323
f 1323 3134 1478
f 1535 3173 1515
f 1515 3173 1516
f 3085 3095 3137
f 3137 3095 3094
f 3137 3094 3138
f 3138 3094 3104
f 3117 3139 3105
f 3105 3139 3106
f 1138 1141 3127
f 3127 1141 3128
f 3081 3131 1264
f 1264 3131 3130
f 1227 1226 3132
f 3132 1226 3133
f 1264 3130 1229
f 1229 3130 1322
f 1160 1501 1161
f 1161 1501 3135
f 1141 1476 3128
f 3128 1476 3136
f 1226 1163 3133
f 3133 1163 1162
f 1363 1138 1515
f 1515 1138 3127
f 3084 3095 3081
f 3081 3095 3131
f 3089 884 3105
f 3105 884 3140
f 884 883 3140
f 3140 883 3141
f 883 3482 3141
f 3141 3482 3142
f 3476 1481 3480
f 3480 1481 3135
f 1502 1479 3480
f 3480 1479 1478
f 3168 463 440
f 714 1880 715
f 715 1880 2905
f 896 732 2970
f 2970 732 731
f 1263 834 3082
f 3082 834 833
f 898 1231 853
f 853 1231 854
f 3125 890 2931
f 2931 890 889
f 1237 893 2851
f 2851 893 892
f 898 853 899
f 899 853 963
f 988 987 989
f 989 987 986
f 1002 1007 1003
f 1003 1007 1006
f 1038 1036 1007
f 1007 1036 1004
f 1070 1052 1005
f 1005 1052 1006
f 1069 1067 1070
f 1070 1067 1052
f 1130 1129 1134
f 1134 1129 1135
f 879 1167 880
f 880 1167 1166
f 1171 1169 1037
f 1037 1169 1038
f 1085 1180 1069
f 1069 1180 1067
f 1209 1210 879
f 879 1210 1167
f 2885 1215 1754
f 1754 1215 1214
f 1263 855 834
f 834 855 854
f 708 1244 1826
f 1826 1244 1243
f 2909 894 1254
f 1254 894 893
f 1228 1361 964
f 964 1361 1360
f 2908 2907 1436
f 1436 2907 1437
f 2990 1440 2991
f 2991 1440 1439
f 964 1360 965
f 965 1360 1454
f 950 1457 951
f 951 1457 1456
f 970 1463 971
f 971 1463 1462
f 1025 1169 984
f 984 1169 986
f 1084 1097 1469
f 1469 1097 1470
f 1096 1115 1474
f 1474 1115 1475
f 1140 1361 1141
f 1141 1361 1476
f 1212 1495 2828
f 2828 1495 1494
f 880 1166 1452
f 1452 1166 1499
f 715 2905 1504
f 1504 2905 2906
f 954 1519 955
f 955 1519 1518
f 1026 1520 992
f 992 1520 1518
f 1029 1520 1043
f 1043 1520 1521
f 997 1522 1040
f 1040 1522 1521
f 1015 1522 1016
f 1016 1522 1523
f 1523 996 1524
f 1524 996 1062
f 1057 1060 1525
f 1525 1060 1524
f 1094 1528 1082
f 1082 1528 1527
f 1526 1528 1089
f 1089 1528 1529
f 1090 1531 1108
f 1108 1531 1530
f 1125 1533 1126
f 1126 1533 1532
f 3483 1755 727
f 727 1755 1214
f 735 1814 707
f 707 1814 1813
f 2891 1834 1246
f 1246 1834 1243
f 2904 1881 1847
f 1847 1881 1848
f 1852 1855 1853
f 1853 1855 1858
f 1902 2903 1877
f 1877 2903 1878
f 2903 2904 1878
f 1878 2904 1847
f 714 713 1848
f 1848 713 1849
f 1440 2990 1883
f 1883 2990 2989
f 1883 2989 1852
f 1852 2989 1855
f 2895 1888 2892
f 2892 1888 1887
f 774 777 1877
f 1877 777 1903
f 1251 2835 1252
f 1252 2835 2834
f 1213 2844 1212
f 1212 2844 1495
f 2851 892 1213
f 1213 892 2844
f 3123 2911 3124
f 3124 2911 2910
f 887 2929 888
f 888 2929 889
f 1435 2963 1436
f 1436 2963 2961
f 1253 1438 1254
f 1254 1438 1437
f 2970 731 735
f 735 731 1814
f 733 732 2885
f 2885 732 1215
f 2901 2902 2976
f 2976 2902 2977
f 2975 2982 2976
f 2976 2982 2979
f 2899 2900 2981
f 2981 2900 2979
f 2899 2981 2898
f 2898 2981 2983
f 2986 2985 2984
f 2984 2985 2983
f 2897 2985 2896
f 2896 2985 2988
f 2991 1439 2987
f 2987 1439 2988
f 777 2978 1903
f 1903 2978 2977
f 1885 1888 1858
f 1858 1888 1853
f 3090 3088 836
f 836 3088 833
f 3083 3088 3097
f 3097 3088 3096
f 3097 3096 3104
f 3104 3096 3106
f 3111 3116 3108
f 3108 3116 3109
f 3112 3111 3114
f 3114 3111 3108
f 3113 3122 3114
f 3114 3122 3115
f 891 890 2837
f 2837 890 2834
f 951 1456 954
f 954 1456 1519
f 967 1457 936
f 936 1457 1454
f 971 1462 902
f 902 1462 963
f 1461 1463 988
f 988 1463 987
f 1466 1468 1474
f 1474 1468 1470
f 1089 1529 1090
f 1090 1529 1531
f 1184 1181 1469
f 1469 1181 1180
f 1082 1527 1061
f 1061 1527 1525
f 1129 1473 1135
f 1135 1473 1475
f 1108 1530 1105
f 1105 1530 1532
f 1452 1499 3132
f 3132 1499 3136
f 3109 3116 3139
f 3139 3116 3138
f 2912 2911 887
f 887 2911 2929
f 2836 2835 1497
f 1497 2835 1494
f 2913 3102 2910
f 2910 3102 3115
f 1133 3187 1134
f 1134 3187 3185
f 3177 3176 3197
f 3197 3176 3198
f 3203 3183 3206
f 3206 3183 3207
f 3196 3202 3197
f 3197 3202 3211
f 3183 3182 3207
f 3207 3182 3185
f 1125 3180 1533
f 1533 3180 3198
f 3331 3203 3330
f 3330 3203 3206
f 3376 3379 3385
f 3385 3379 3386
f 3382 3376 3392
f 3392 3376 3385
f 3412 3415 3413
f 3413 3415 3414
f 3417 3396 3415
f 3415 3396 3395
f 3383 3386 3426
f 3426 3386 3425
f 3413 3414 3432
f 3432 3414 3430
f 3437 3396 3435
f 3435 3396 3417
f 3329 3382 3330
f 3330 3382 3392
f 3426 3425 3460
f 3460 3425 3458
f 3432 3430 3457
f 3457 3430 3463
f 3457 3463 3456
f 3456 3463 3465
f 3460 3458 3467
f 3467 3458 3466
f 3466 3455 3465
f 3465 3455 3456
f 3202 3437 3211
f 3211 3437 3435
f 3104 3106 3138
f 3138 3106 3139
f 3132 3136 1227
f 1227 3136 1476
f 943 687 600
f 600 687 601
f 596 625 667
f 667 625 1297
f 687 686 601
f 601 686 653
f 1319 784 711
f 711 784 712
f 1811 607 783
f 783 607 712
f 862 921 917
f 917 921 920
f 3478 925 3479
f 3479 925 924
f 2846 926 3478
f 3478 926 925
f 659 662 929
f 929 662 930
f 856 921 857
f 857 921 1204
f 1206 864 1207
f 1207 864 863
f 2876 1219 2877
f 2877 1219 1218
f 667 1297 593
f 593 1297 1296
f 917 920 1333
f 1333 920 1346
f 686 693 653
f 653 693 930
f 1277 913 1498
f 1498 913 1207
f 592 1536 610
f 610 1536 711
f 864 1206 1805
f 1805 1206 1804
f 1317 1536 1900
f 1900 1536 1809
f 1900 1809 1295
f 1295 1809 1296
f 3479 924 3477
f 3477 924 2824
f 927 926 1203
f 1203 926 2847
f 3484 2859 3032
f 3032 2859 3033
f 3472 2878 1217
f 1217 2878 1218
f 2889 2888 2880
f 2880 2888 2881
f 2886 2883 2887
f 2887 2883 2882
f 929 928 2847
f 2847 928 1203
f 857 1204 2921
f 2921 1204 2926
f 1820 1819 2882
f 2882 1819 2881
f 1821 2883 2876
f 2876 2883 1219
f 782 2889 783
f 783 2889 2880
f 1352 3034 1353
f 1353 3034 3033
f 3031 3034 3041
f 3041 3034 3043
f 944 943 3043
f 3043 943 600
f 1339 3145 1498
f 1498 3145 3143
f 1208 882 3148
f 3148 882 3143
f 2921 2926 3151
f 3151 2926 3156
f 3477 2824 1345
f 1345 2824 1346
f 1805 1804 3154
f 3154 1804 3156
f 886 3103 883
f 883 3103 3482
f 841 1248 3485
f 3485 1248 3121
f 2811 2819 2812
f 2812 2819 2816
f 2818 2815 2817
f 2817 2815 2806
f 2817 2816 2818
f 2818 2816 2819
f 2793 2795 2819
f 2819 2795 2818
f 243 352 2793
f 2793 352 2795
f 242 353 243
f 243 353 352
f 359 191 242
f 242 191 353
f 247 192 359
f 359 192 191
f 157 193 247
f 247 193 192
f 156 194 157
f 157 194 193
f 378 261 156
f 156 261 194
f 378 381 261
f 261 381 195
f 195 381 196
f 196 381 376
f 196 376 198
f 198 376 375
f 375 1776 198
f 198 1776 197
f 1776 1767 197
f 197 1767 274
f 181 274 199
f 199 274 1767
f 568 566 564
f 564 566 563
f 568 569 566
f 566 569 567
f 501 1773 1771
f 1771 1773 578
f 547 579 1773
f 1773 579 578
f 3486 470 474
f 474 470 469
f 450 582 3487
f 3487 582 3488
f 582 583 3488
f 3488 583 3489
f 583 584 3489
f 3489 584 3490
f 3490 584 3491
f 3491 584 543
f 470 3486 466
f 466 3486 467
f 3489 3490 503
f 503 3490 504
f 503 3492 3489
f 3489 3492 3488
f 3492 503 3493
f 3493 503 502
f 3495 3492 3494
f 3494 3492 3493
f 3487 3488 3495
f 3495 3488 3492
f 468 1774 465
f 465 1774 570
f 3494 3493 1775
f 1775 3493 1771
f 3490 3491 504
f 504 3491 1772
f 3491 543 1772
f 1772 543 548
f 450 3487 474
f 474 3487 3486
f 3495 467 3487
f 3487 467 3486
f 3494 468 3495
f 3495 468 467
f 468 3494 1774
f 1774 3494 1775
f 501 1771 502
f 502 1771 3493
f 527 366 384
f 384 366 365
f 522 524 527
f 527 524 366
f 521 534 522
f 522 534 524
f 530 535 521
f 521 535 534
f 508 486 513
f 513 486 532
f 513 532 541
f 541 532 535
f 667 668 596
f 596 668 597
f 1294 1297 624
f 624 1297 625
f 603 641 604
f 604 641 640
f 1290 1293 650
f 650 1293 651
f 1758 691 660
f 660 691 661
f 602 671 599
f 599 671 670
f 654 662 690
f 690 662 661
f 2856 598 695
f 695 598 597
f 602 654 671
f 671 654 690
f 604 640 676
f 676 640 704
f 1826 1829 708
f 708 1829 709
f 1288 1284 740
f 740 1284 741
f 755 754 758
f 758 754 759
f 2853 2856 932
f 932 2856 695
f 689 691 1192
f 1192 691 1193
f 784 1319 1240
f 1240 1319 1241
f 1813 1816 1244
f 1244 1816 1245
f 754 1288 759
f 759 1288 740
f 1894 1242 1318
f 1318 1242 1241
f 2867 1348 1418
f 1418 1348 1347
f 676 704 673
f 673 704 1347
f 1284 1287 741
f 741 1287 1419
f 1421 1426 1422
f 1422 1426 1425
f 1758 660 615
f 615 660 616
f 1192 1191 1421
f 1421 1191 1426
f 2962 1839 1504
f 1504 1839 1505
f 941 1194 1759
f 1759 1194 1193
f 1287 1537 1419
f 1419 1537 1760
f 1882 2893 1823
f 1823 2893 1824
f 1886 1891 1827
f 1827 1891 1828
f 1887 1886 1834
f 1834 1886 1827
f 1841 716 1838
f 1838 716 1505
f 782 784 1850
f 1850 784 1240
f 1239 1242 1863
f 1863 1242 1864
f 1242 1894 1864
f 1864 1894 1873
f 1822 1239 1823
f 1823 1239 1863
f 1318 1317 1895
f 1895 1317 1900
f 1894 1896 1873
f 1873 1896 1897
f 1291 1896 1292
f 1292 1896 1895
f 605 1898 606
f 606 1898 1897
f 1258 1257 2854
f 2854 1257 2855
f 1257 1351 2855
f 2855 1351 2857
f 1351 1353 2857
f 2857 1353 2858
f 1353 3033 2858
f 2858 3033 2859
f 2860 2861 3036
f 3036 2861 3037
f 2862 2863 2870
f 2870 2863 3039
f 2870 2869 2862
f 2862 2869 2864
f 2868 2865 2869
f 2869 2865 2864
f 1764 2866 2868
f 2868 2866 2865
f 1537 1199 1760
f 1760 1199 1348
f 615 2884 1758
f 1758 2884 1759
f 1825 1246 2890
f 2890 1246 1245
f 2893 2892 1824
f 1824 2892 2891
f 761 2960 758
f 758 2960 2906
f 3000 2943 2940
f 2940 2943 2941
f 2968 710 2950
f 2950 710 709
f 1764 1423 2866
f 2866 1423 2953
f 1423 645 2953
f 2953 645 2954
f 645 644 2954
f 2954 644 2955
f 644 738 2955
f 2955 738 2956
f 738 764 2956
f 2956 764 2957
f 764 763 2957
f 2957 763 2958
f 763 2908 2958
f 2958 2908 2959
f 2908 1436 2959
f 2959 1436 2961
f 1837 2964 1435
f 1435 2964 2963
f 1837 2937 2964
f 2964 2937 2965
f 2936 2968 2966
f 2966 2968 2950
f 1840 2942 1838
f 1838 2942 2941
f 2939 2949 2940
f 2940 2949 3006
f 2939 2942 2966
f 2966 2942 2965
f 1822 1825 1850
f 1850 1825 2890
f 1891 3005 1828
f 1828 3005 3006
f 3035 3038 3045
f 3045 3038 3042
f 3045 3044 3035
f 3035 3044 3040
f 669 1422 3045
f 3045 1422 3044
f 599 670 3041
f 3041 670 3042
f 931 3067 932
f 932 3067 3065
f 2853 3066 2854
f 2854 3066 3076
f 3067 3496 3065
f 3065 3496 3497
f 3066 3498 3076
f 3076 3498 3499
f 707 1813 708
f 708 1813 1244
f 2960 2962 2906
f 2906 2962 1504
f 2892 1887 2891
f 2891 1887 1834
f 1839 2962 2963
f 2963 2962 2961
f 595 626 596
f 596 626 625
f 623 626 3484
f 3484 626 2859
f 1291 1290 606
f 606 1290 603
f 1290 650 603
f 603 650 641
f 641 650 642
f 642 650 649
f 2860 2863 649
f 649 2863 642
f 3036 3039 2860
f 2860 3039 2863
f 3035 3040 3036
f 3036 3040 3039
f 1294 1293 1295
f 1295 1293 1292
f 624 651 1294
f 1294 651 1293
f 623 652 624
f 624 652 651
f 3484 2861 623
f 623 2861 652
f 3032 3037 3484
f 3484 3037 2861
f 3031 3038 3032
f 3032 3038 3037
f 3481 2848 2884
f 2884 2848 942
f 2846 617 1427
f 1427 617 616
f 3049 3167 3048
f 3048 3167 3500
f 1906 3048 3070
f 3070 3048 3500
f 1337 1768 3501
f 3501 1768 3502
f 3020 3503 3021
f 3021 3503 3024
f 2914 3023 3020
f 3020 3023 3503
f 859 1770 860
f 860 1770 3504
f 1336 3505 1768
f 1768 3505 3502
f 3065 3497 3066
f 3066 3497 3498
f 2814 3075 3067
f 3067 3075 3496
f 2839 3174 766
f 766 3174 3017
f 1337 3501 1338
f 1338 3501 1769
f 767 3018 3026
f 3026 3018 3506
f 3076 3499 3064
f 3064 3499 3507
f 727 730 3483
f 3483 730 3030
f 3064 3507 2871
f 2871 3507 3077
f 3100 3160 1786
f 1786 3160 1784
f 3026 3506 752
f 752 3506 3015
f 860 3504 2923
f 2923 3504 3508
f 753 3016 3027
f 3027 3016 3509
f 3027 3509 3008
f 3008 3509 3028
f 1782 1785 1783
f 1783 1785 3022
f 2923 3508 3153
f 3153 3508 3161
f 3148 3149 1208
f 1208 3149 3150
f 1335 1328 3510
f 3510 1328 1327
f 1336 1335 3505
f 3505 1335 3510
f 866 3511 1340
f 1340 3511 3146
f 865 1808 866
f 866 1808 3511
f 842 841 3159
f 3159 841 3485
f 2849 3512 1329
f 1329 3512 1326
f 1202 1331 2849
f 2849 1331 3512
f 3514 3515 3513
f 3513 3515 3516
f 3518 3516 3517
f 3517 3516 3515
f 3519 3520 3514
f 3514 3520 3515
f 3522 3523 3521
f 3521 3523 3524
f 3526 3527 3525
f 3525 3527 3528
f 3530 3531 3529
f 3529 3531 3532
f 3534 3535 3533
f 3533 3535 3536
f 3529 3532 3537
f 3537 3532 3538
f 3537 3539 3529
f 3529 3539 3540
f 3542 3543 3541
f 3541 3543 3544
f 3546 3547 3545
f 3545 3547 3548
f 3550 3534 3549
f 3549 3534 3533
f 3550 3543 3551
f 3551 3543 3552
f 3537 3545 3539
f 3539 3545 3548
f 3553 3554 3556
f 3556 3554 3555
f 3537 3557 3545
f 3545 3557 3546
f 3558 3559 3561
f 3561 3559 3560
f 3563 3564 3562
f 3562 3564 3565
f 3564 3563 3566
f 3566 3563 3567
f 3569 3570 3568
f 3568 3570 3571
f 3573 3574 3572
f 3572 3574 3575
f 3577 3578 3576
f 3576 3578 3579
f 3581 3582 3580
f 3580 3582 3583
f 3585 3586 3584
f 3584 3586 3579
f 3586 3587 3579
f 3579 3587 3576
f 3589 3590 3588
f 3588 3590 3591
f 3592 3593 3595
f 3595 3593 3594
f 3597 3598 3596
f 3596 3598 3595
f 3583 3600 3599
f 3599 3600 3601
f 3603 3599 3602
f 3602 3599 3601
f 3605 3606 3604
f 3604 3606 3607
f 3608 3555 3596
f 3596 3555 3554
f 3597 3610 3609
f 3609 3610 3565
f 3564 3611 3565
f 3565 3611 3609
f 3611 3564 3612
f 3612 3564 3566
f 3613 3614 3569
f 3569 3614 3570
f 3615 3616 3573
f 3573 3616 3574
f 3517 3617 3518
f 3518 3617 3618
f 3620 3621 3619
f 3619 3621 3622
f 3624 3625 3623
f 3623 3625 3626
f 3628 3629 3627
f 3627 3629 3630
f 3632 3633 3631
f 3631 3633 3634
f 3636 3637 3635
f 3635 3637 3638
f 3640 3641 3639
f 3639 3641 3642
f 3643 3644 3639
f 3639 3644 3640
f 3646 3513 3645
f 3645 3513 3647
f 3648 3514 3646
f 3646 3514 3513
f 3649 3519 3648
f 3648 3519 3514
f 3650 3651 3527
f 3527 3651 3652
f 3654 3651 3653
f 3653 3651 3650
f 3568 3571 3655
f 3655 3571 3656
f 3657 3658 3653
f 3653 3658 3659
f 3661 3662 3660
f 3660 3662 3658
f 3664 3665 3663
f 3663 3665 3666
f 3667 3657 3650
f 3650 3657 3653
f 3669 3523 3668
f 3668 3523 3670
f 3672 3673 3671
f 3671 3673 3674
f 3676 3677 3675
f 3675 3677 3678
f 3671 3674 3676
f 3676 3674 3677
f 3680 3681 3679
f 3679 3681 3682
f 3683 3684 3680
f 3680 3684 3681
f 3685 3686 3661
f 3661 3686 3662
f 3686 3687 3662
f 3662 3687 3688
f 3684 3683 3689
f 3689 3683 3690
f 3692 3693 3691
f 3691 3693 3694
f 3691 3694 3695
f 3695 3694 3696
f 3698 3699 3697
f 3697 3699 3700
f 3702 3703 3701
f 3701 3703 3704
f 3705 3706 3519
f 3519 3706 3520
f 3673 3672 3707
f 3707 3672 3708
f 3709 3710 3682
f 3682 3710 3679
f 3711 3712 3692
f 3692 3712 3693
f 3714 3715 3713
f 3713 3715 3716
f 3718 3700 3717
f 3717 3700 3699
f 3720 3721 3719
f 3719 3721 3722
f 3724 3725 3723
f 3723 3725 3726
f 3727 3728 3730
f 3730 3728 3729
f 3722 3721 3731
f 3731 3721 3732
f 3697 3700 3733
f 3733 3700 3714
f 3733 3714 3734
f 3734 3714 3713
f 3721 3723 3732
f 3732 3723 3735
f 3720 3736 3724
f 3724 3736 3737
f 3700 3718 3714
f 3714 3718 3715
f 3717 3699 3738
f 3738 3699 3739
f 3536 3740 3533
f 3533 3740 3540
f 3742 3743 3741
f 3741 3743 3744
f 3746 3747 3745
f 3745 3747 3748
f 3750 3751 3749
f 3749 3751 3752
f 3627 3632 3628
f 3628 3632 3631
f 3754 3755 3753
f 3753 3755 3626
f 3562 3565 3756
f 3756 3565 3610
f 3527 3652 3528
f 3528 3652 3757
f 3758 3524 3669
f 3669 3524 3523
f 3582 3598 3583
f 3583 3598 3600
f 3759 3670 3522
f 3522 3670 3523
f 3675 3678 3760
f 3760 3678 3761
f 3762 3763 3690
f 3690 3763 3689
f 3765 3766 3764
f 3764 3766 3767
f 3768 3739 3698
f 3698 3739 3699
f 3726 3725 3770
f 3770 3725 3769
f 3645 3647 3771
f 3771 3647 3772
f 3645 3678 3646
f 3646 3678 3677
f 3646 3677 3648
f 3648 3677 3674
f 3673 3649 3674
f 3674 3649 3648
f 3707 3773 3673
f 3673 3773 3649
f 3775 3776 3774
f 3774 3776 3777
f 3779 3526 3778
f 3778 3526 3525
f 3526 3779 3667
f 3667 3779 3780
f 3780 3781 3667
f 3667 3781 3657
f 3672 3679 3708
f 3708 3679 3710
f 3671 3680 3672
f 3672 3680 3679
f 3676 3683 3671
f 3671 3683 3680
f 3675 3690 3676
f 3676 3690 3683
f 3760 3762 3675
f 3675 3762 3690
f 3682 3681 3783
f 3783 3681 3782
f 3689 3784 3684
f 3684 3784 3785
f 3684 3785 3681
f 3681 3785 3782
f 3786 3709 3783
f 3783 3709 3682
f 3784 3689 3787
f 3787 3689 3763
f 3789 3557 3788
f 3788 3557 3790
f 3792 3793 3791
f 3791 3793 3794
f 3616 3615 3795
f 3795 3615 3796
f 3797 3798 3727
f 3727 3798 3728
f 3800 3801 3799
f 3799 3801 3802
f 3803 3578 3592
f 3592 3578 3593
f 3805 3806 3804
f 3804 3806 3807
f 3599 3603 3585
f 3585 3603 3586
f 3587 3586 3604
f 3604 3586 3603
f 3588 3591 3794
f 3794 3591 3791
f 3581 3803 3582
f 3582 3803 3592
f 3594 3561 3608
f 3608 3561 3790
f 3662 3688 3808
f 3808 3688 3809
f 3665 3664 3810
f 3810 3664 3811
f 3719 3812 3720
f 3720 3812 3736
f 3717 3813 3718
f 3718 3813 3737
f 3723 3721 3724
f 3724 3721 3720
f 3813 3717 3814
f 3814 3717 3738
f 3815 3816 303
f 303 3816 304
f 3818 3819 3817
f 3817 3819 3820
f 3578 3803 3579
f 3579 3803 3584
f 3558 3593 3577
f 3577 3593 3578
f 3822 3823 3821
f 3821 3823 3824
f 3546 3826 3825
f 3825 3826 3827
f 3828 3829 3547
f 3547 3829 3541
f 3831 3542 3830
f 3830 3542 3832
f 3834 3822 3833
f 3833 3822 3821
f 3835 3836 3827
f 3827 3836 3825
f 3800 3799 3828
f 3828 3799 3829
f 3830 3832 3837
f 3837 3832 3838
f 331 330 3551
f 3551 330 3839
f 3831 333 3552
f 3552 333 332
f 3819 3797 3841
f 3841 3797 3840
f 3513 3516 3647
f 3647 3516 3746
f 337 336 3745
f 3745 336 3772
f 3525 3528 3775
f 3775 3528 3749
f 3610 3597 3554
f 3554 3597 3596
f 3706 3702 3520
f 3520 3702 3701
f 3756 3610 3553
f 3553 3610 3554
f 3757 3750 3528
f 3528 3750 3749
f 3517 3515 3701
f 3701 3515 3520
f 3842 3584 3581
f 3581 3584 3803
f 3525 3775 3778
f 3778 3775 3774
f 3638 3843 3635
f 3635 3843 3618
f 3617 3621 3618
f 3618 3621 3635
f 3617 3517 3704
f 3704 3517 3701
f 3521 3624 3522
f 3522 3624 3623
f 3749 3844 3775
f 3775 3844 3776
f 3846 3847 3845
f 3845 3847 3848
f 3843 3747 3618
f 3618 3747 3518
f 3850 3851 3849
f 3849 3851 3748
f 3853 3854 3852
f 3852 3854 3855
f 3856 3857 3622
f 3622 3857 3619
f 3859 3860 3858
f 3858 3860 3861
f 3862 3844 3752
f 3752 3844 3749
f 3863 3759 3623
f 3623 3759 3522
f 3864 3777 3630
f 3630 3777 3776
f 3713 3865 3734
f 3734 3865 3866
f 3868 3869 3867
f 3867 3869 3870
f 3872 3873 3871
f 3871 3873 3874
f 3876 3877 3875
f 3875 3877 3878
f 3879 3880 3878
f 3878 3880 3881
f 3882 3883 3885
f 3885 3883 3884
f 3780 3886 3781
f 3781 3886 3887
f 3888 3685 3869
f 3869 3685 3661
f 3880 3879 3883
f 3883 3879 3884
f 3693 3783 3694
f 3694 3783 3782
f 3696 3785 3764
f 3764 3785 3784
f 3694 3782 3696
f 3696 3782 3785
f 3693 3786 3783
f 3787 3765 3784
f 3784 3765 3764
f 386 385 3765
f 3765 385 3766
f 3695 3889 3691
f 3691 3889 3890
f 3691 3890 3692
f 3692 3890 3891
f 3892 3711 3891
f 3891 3711 3692
f 3767 3893 3695
f 3695 3893 3889
f 3766 3894 3767
f 3767 3894 3893
f 3882 3885 3895
f 3895 3885 3896
f 3898 3698 3897
f 3897 3698 3697
f 3897 3697 3899
f 3899 3697 3733
f 3899 3733 3900
f 3900 3733 3734
f 3901 3768 3898
f 3898 3768 3698
f 3901 3902 3768
f 3768 3902 3903
f 3904 3905 3907
f 3907 3905 3906
f 3869 3661 3870
f 3870 3661 3660
f 3908 3909 3896
f 3896 3909 3895
f 3909 3758 3895
f 3895 3758 3669
f 3751 3531 3752
f 3752 3531 3848
f 3858 3536 3854
f 3854 3536 3535
f 3652 3562 3757
f 3757 3562 3756
f 3651 3654 3563
f 3563 3654 3567
f 3655 3656 3808
f 3808 3656 3659
f 3530 3740 3845
f 3845 3740 3861
f 3751 3750 3556
f 3556 3750 3553
f 3817 3820 3796
f 3796 3820 3795
f 410 409 3910
f 3910 409 3855
f 3750 3757 3553
f 3553 3757 3756
f 3908 3886 3909
f 3909 3886 3780
f 409 411 3855
f 3855 411 3851
f 413 412 3760
f 3760 412 3762
f 415 414 3763
f 3763 414 3787
f 3790 3557 3538
f 3538 3557 3537
f 3555 3608 3538
f 3538 3608 3790
f 3574 3911 3575
f 3575 3911 3912
f 3535 3534 3910
f 3910 3534 3839
f 3831 3552 3542
f 3542 3552 3543
f 3534 3550 3839
f 3839 3550 3551
f 3543 3550 3544
f 3544 3550 3549
f 3913 3914 3916
f 3916 3914 3915
f 3806 3805 3589
f 3589 3805 3590
f 3849 3843 3917
f 3917 3843 3638
f 3853 3644 3859
f 3859 3644 3742
f 3747 3746 3518
f 3518 3746 3516
f 3695 3696 3767
f 3767 3696 3764
f 3903 3918 3768
f 3768 3918 3739
f 3738 3739 3816
f 3816 3739 3918
f 3919 3920 3769
f 3769 3920 3770
f 3921 3726 3922
f 3922 3726 3770
f 3678 3645 3761
f 3761 3645 3771
f 3924 3913 3923
f 3923 3913 3916
f 3802 3925 3838
f 3838 3925 3837
f 3577 3926 3558
f 3558 3926 3559
f 3815 3919 3814
f 3814 3919 3769
f 3927 3928 3822
f 3822 3928 3823
f 3829 3832 3541
f 3541 3832 3542
f 3834 3927 3822
f 3832 3829 3838
f 3838 3829 3799
f 3745 3772 3746
f 3746 3772 3647
f 3849 3748 3843
f 3843 3748 3747
f 3854 3853 3858
f 3858 3853 3859
f 3854 3535 3855
f 3855 3535 3910
f 3557 3789 3546
f 3546 3789 3826
f 3923 3823 3924
f 3924 3823 3928
f 3823 3923 3929
f 3929 3923 3930
f 3531 3751 3532
f 3532 3751 3556
f 3532 3556 3538
f 3538 3556 3555
f 3932 3634 3931
f 3931 3634 3633
f 3814 3769 3813
f 3813 3769 3725
f 3620 3636 3621
f 3621 3636 3635
f 3847 3862 3848
f 3848 3862 3752
f 3531 3530 3848
f 3848 3530 3845
f 3933 3934 3830
f 3830 3934 3831
f 3925 3933 3837
f 3837 3933 3830
f 3934 440 3831
f 3831 440 333
f 3925 3802 3833
f 3833 3802 3801
f 3776 3844 3630
f 3630 3844 3627
f 3808 3659 3662
f 3662 3659 3658
f 3667 3650 3526
f 3526 3650 3527
f 3935 3666 3936
f 3936 3666 3665
f 3718 3737 3715
f 3715 3737 3736
f 3663 3809 3664
f 3664 3809 3688
f 3807 3806 3938
f 3938 3806 3937
f 445 413 3761
f 3761 413 3760
f 3902 447 3903
f 3903 447 446
f 3897 3890 3898
f 3898 3890 3889
f 3899 3891 3897
f 3897 3891 3890
f 3898 3889 3901
f 3901 3889 3893
f 3893 3894 3901
f 3901 3894 3902
f 414 386 3787
f 3787 386 3765
f 3940 3941 3939
f 3939 3941 3942
f 3840 3797 3943
f 3943 3797 3727
f 3665 3810 3936
f 3936 3810 3944
f 3921 3735 3726
f 3726 3735 3723
f 3920 3945 3770
f 3770 3945 3922
f 3521 3524 3774
f 3774 3524 3778
f 3864 3946 3625
f 3625 3946 3947
f 3773 3705 3649
f 3649 3705 3519
f 3779 3778 3758
f 3758 3778 3524
f 3812 3716 3736
f 3736 3716 3715
f 3624 3521 3777
f 3777 3521 3774
f 3703 3856 3704
f 3704 3856 3622
f 3900 3892 3899
f 3899 3892 3891
f 3641 3917 3642
f 3642 3917 3948
f 3895 3669 3882
f 3882 3669 3668
f 3855 3851 3852
f 3852 3851 3850
f 3894 458 3902
f 3902 458 447
f 3781 3887 3660
f 3660 3887 3870
f 3570 3566 3571
f 3571 3566 3567
f 3950 3576 3949
f 3949 3576 3587
f 3605 3602 3614
f 3614 3602 3612
f 3614 3612 3570
f 3570 3612 3566
f 3571 3567 3656
f 3656 3567 3654
f 3660 3658 3781
f 3781 3658 3657
f 3604 3607 3587
f 3587 3607 3949
f 3653 3659 3654
f 3654 3659 3656
f 3529 3540 3530
f 3530 3540 3740
f 3687 3811 3688
f 3688 3811 3664
f 3813 3725 3737
f 3737 3725 3724
f 3919 3815 461
f 461 3815 303
f 3818 3798 3819
f 3819 3798 3797
f 3819 3841 3820
f 3820 3841 3951
f 3816 3815 3738
f 3738 3815 3814
f 3540 3539 3533
f 3533 3539 3549
f 3548 3547 3544
f 3544 3547 3541
f 3539 3548 3549
f 3549 3548 3544
f 3741 3931 3860
f 3860 3931 3846
f 3801 3800 3835
f 3835 3800 3836
f 3934 3933 3824
f 3824 3933 3821
f 3825 3828 3546
f 3546 3828 3547
f 3833 3821 3925
f 3925 3821 3933
f 3800 3828 3836
f 3836 3828 3825
f 3824 3952 3934
f 3934 3952 440
f 3860 3846 3861
f 3861 3846 3845
f 3629 3946 3630
f 3630 3946 3864
f 3740 3536 3861
f 3861 3536 3858
f 3833 3801 3834
f 3834 3801 3835
f 3583 3599 3580
f 3580 3599 3585
f 3651 3563 3652
f 3652 3563 3562
f 3758 3909 3779
f 3779 3909 3780
f 3621 3617 3622
f 3622 3617 3704
f 3625 3947 3626
f 3626 3947 3753
f 3633 3632 3847
f 3847 3632 3862
f 3852 3850 3640
f 3640 3850 3641
f 3644 3853 3640
f 3640 3853 3852
f 3859 3742 3860
f 3860 3742 3741
f 3632 3627 3862
f 3862 3627 3844
f 3755 3863 3626
f 3626 3863 3623
f 3917 3638 3948
f 3948 3638 3637
f 3644 3643 3742
f 3742 3643 3743
f 3931 3633 3846
f 3846 3633 3847
f 3625 3624 3864
f 3864 3624 3777
f 3917 3641 3849
f 3849 3641 3850
f 3744 3932 3741
f 3741 3932 3931
f 3903 446 3918
f 3918 446 464
f 3953 3954 3956
f 3956 3954 3955
f 3958 3959 3957
f 3957 3959 3960
f 3876 3958 3877
f 3877 3958 3957
f 3877 3957 3961
f 3961 3957 3962
f 3963 3964 3958
f 3958 3964 3959
f 3965 3966 3876
f 3876 3966 3958
f 3966 3963 3958
f 3966 3967 3963
f 3963 3967 3968
f 3878 3877 3879
f 3879 3877 3961
f 3967 3969 3968
f 3968 3969 3970
f 3969 3971 3970
f 3970 3971 3972
f 3974 3904 3973
f 3973 3904 3907
f 3971 3975 3972
f 3972 3975 3976
f 3976 3975 3978
f 3978 3975 3977
f 3979 3980 3977
f 3977 3980 3978
f 3981 3982 3979
f 3979 3982 3980
f 3983 3984 3981
f 3981 3984 3982
f 3972 3985 3970
f 3970 3985 3986
f 3871 3987 3969
f 3969 3987 3971
f 3872 3871 3967
f 3967 3871 3969
f 3965 3872 3966
f 3966 3872 3967
f 3970 3986 3968
f 3968 3986 3988
f 3879 3961 3884
f 3884 3961 3940
f 3884 3940 3885
f 3885 3940 3939
f 3989 3990 3992
f 3992 3990 3991
f 3942 3993 3995
f 3995 3993 3994
f 3994 3996 3995
f 3995 3996 3974
f 3997 3998 3994
f 3994 3998 3996
f 3999 3997 3993
f 3993 3997 3994
f 4001 3996 4000
f 4000 3996 3998
f 4000 3998 4002
f 4002 3998 4003
f 4004 4003 3997
f 3997 4003 3998
f 3997 3999 4004
f 4004 3999 4005
f 4006 3995 3973
f 3973 3995 3974
f 3939 3942 4006
f 4006 3942 3995
f 3906 3887 3907
f 3907 3887 3886
f 3887 3906 3870
f 3870 3906 3867
f 3908 3973 3886
f 3886 3973 3907
f 3865 4007 3866
f 3866 4007 4008
f 3984 3983 4009
f 4009 3983 4010
f 3961 3962 3940
f 3940 3962 3941
f 4012 3868 4011
f 4011 3868 3867
f 4013 3975 3987
f 3987 3975 3971
f 4014 3977 4013
f 4013 3977 3975
f 4015 4010 4007
f 4007 4010 3983
f 4007 3983 4008
f 4008 3983 3981
f 4008 3981 4016
f 4016 3981 3979
f 4017 3984 4018
f 4018 3984 4009
f 3977 4014 3979
f 3979 4014 4016
f 3982 3984 4019
f 4019 3984 4017
f 4021 4022 4020
f 4020 4022 4023
f 4022 4012 4023
f 4023 4012 4011
f 4023 3904 4020
f 4020 3904 3974
f 4024 4025 4018
f 4018 4025 4017
f 4026 4027 4024
f 4024 4027 4025
f 4028 4026 4029
f 4029 4026 4024
f 4018 4021 4024
f 4024 4021 4029
f 4030 4031 4026
f 4026 4031 4027
f 4032 4030 4028
f 4028 4030 4026
f 4029 4001 4028
f 4028 4001 4000
f 4028 4000 4032
f 4032 4000 4002
f 4034 4035 4033
f 4033 4035 4036
f 4037 4038 4019
f 4019 4038 4039
f 4041 4039 4040
f 4040 4039 4038
f 4040 4038 4042
f 4042 4038 4036
f 4042 4036 4043
f 4043 4036 4035
f 3985 4044 4046
f 4046 4044 4045
f 4047 4048 4045
f 4045 4048 4046
f 4047 4049 4048
f 4048 4049 4050
f 4042 4047 4040
f 4040 4047 4045
f 4043 4049 4042
f 4042 4049 4047
f 4040 4045 4041
f 4041 4045 4044
f 4052 3959 4051
f 4051 3959 3964
f 4053 4054 4051
f 4051 4054 4055
f 3956 3960 4052
f 4052 3960 3959
f 3953 3956 4056
f 4056 3956 4052
f 4058 3953 4057
f 4057 3953 4056
f 4060 4061 4059
f 4059 4061 4062
f 4063 4064 4054
f 4054 4064 4057
f 4054 4053 4063
f 4063 4053 4065
f 4066 4067 4069
f 4069 4067 4068
f 4048 4050 4063
f 4063 4050 4064
f 4063 4065 4048
f 4048 4065 4046
f 3985 4046 3986
f 3986 4046 4065
f 3986 4065 3988
f 3988 4065 4053
f 3988 4053 3964
f 3964 4053 4051
f 3976 3978 4044
f 4044 3978 4041
f 3980 3982 4039
f 4039 3982 4019
f 4039 4041 3980
f 3980 4041 3978
f 3973 3908 4006
f 4006 3908 3896
f 3885 3939 3896
f 3896 3939 4006
f 4031 4034 4027
f 4027 4034 4033
f 4027 4033 4025
f 4025 4033 4037
f 4019 4017 4037
f 4037 4017 4025
f 3993 3942 4070
f 4070 3942 3941
f 3999 3993 4071
f 4071 3993 4070
f 3999 4071 4005
f 4005 4071 4072
f 4073 4074 4076
f 4076 4074 4075
f 4078 4079 4077
f 4077 4079 4080
f 4082 4080 4081
f 4081 4080 4079
f 4084 4085 4083
f 4083 4085 4086
f 4087 4088 4090
f 4090 4088 4089
f 4092 4093 4091
f 4091 4093 4094
f 4096 4097 4095
f 4095 4097 4098
f 4100 4101 4099
f 4099 4101 4102
f 4103 4104 4106
f 4106 4104 4105
f 4108 4109 4107
f 4107 4109 4110
f 4112 4113 4111
f 4111 4113 4114
f 4116 4117 4115
f 4115 4117 4118
f 4120 4121 4119
f 4119 4121 4122
f 4123 4124 4126
f 4126 4124 4125
f 4127 4128 4130
f 4130 4128 4129
f 4132 4133 4131
f 4131 4133 4134
f 4136 4108 4135
f 4135 4108 4107
f 4138 4139 4137
f 4137 4139 4140
f 4141 4142 4088
f 4088 4142 4089
f 4144 4145 4143
f 4143 4145 4146
f 4148 4149 4147
f 4147 4149 4150
f 4152 4153 4151
f 4151 4153 4154
f 4156 4082 4155
f 4155 4082 4081
f 4157 4158 4160
f 4160 4158 4159
f 4161 4162 4164
f 4164 4162 4163
f 4166 4122 4165
f 4165 4122 4121
f 4168 4152 4167
f 4167 4152 4151
f 4169 4170 4172
f 4172 4170 4171
f 4174 4175 4173
f 4173 4175 4176
f 4178 4149 4177
f 4177 4149 4179
f 4173 4176 4180
f 4180 4176 4181
f 4156 4085 4182
f 4182 4085 4183
f 4182 4184 4156
f 4156 4184 4082
f 4185 4186 4184
f 4184 4186 4187
f 4186 4188 4187
f 4187 4188 4189
f 4190 4191 4073
f 4073 4191 4074
f 4177 4179 4158
f 4158 4179 4159
f 4193 4127 4192
f 4192 4127 4130
f 4144 4194 4151
f 4151 4194 4167
f 4196 4197 4195
f 4195 4197 4198
f 4095 4199 4096
f 4096 4199 4200
f 4201 4202 4204
f 4204 4202 4203
f 4205 4206 4208
f 4208 4206 4207
f 4121 4120 4209
f 4209 4120 4210
f 4212 4213 4211
f 4211 4213 4214
f 4216 4217 4215
f 4215 4217 4218
f 4220 4221 4219
f 4219 4221 4222
f 4224 4196 4223
f 4223 4196 4195
f 4225 4226 4134
f 4134 4226 4131
f 4228 4229 4227
f 4227 4229 4230
f 4232 4233 4231
f 4231 4233 4098
f 4235 4236 4234
f 4234 4236 4237
f 4239 4240 4238
f 4238 4240 4241
f 4242 4243 4245
f 4245 4243 4244
f 4246 4247 4249
f 4249 4247 4248
f 4251 4252 4250
f 4250 4252 4253
f 4255 4256 4254
f 4254 4256 4257
f 4259 4260 4258
f 4258 4260 4261
f 4263 4264 4262
f 4262 4264 4265
f 4267 4268 4266
f 4266 4268 4269
f 4271 4199 4270
f 4270 4199 4272
f 4273 4274 4276
f 4276 4274 4275
f 4115 4118 4277
f 4277 4118 4278
f 4280 4281 4279
f 4279 4281 4282
f 4211 4283 4212
f 4212 4283 4284
f 4286 4287 4285
f 4285 4287 4288
f 4165 4121 4289
f 4289 4121 4209
f 4291 4286 4290
f 4290 4286 4285
f 4293 4294 4292
f 4292 4294 4295
f 4297 4298 4296
f 4296 4298 4299
f 4301 4302 4300
f 4300 4302 4303
f 4299 4304 4296
f 4296 4304 4305
f 4306 4292 4307
f 4307 4292 4295
f 4307 4308 4306
f 4306 4308 4309
f 4310 4309 4075
f 4075 4309 4308
f 4299 4298 4312
f 4312 4298 4311
f 4302 4301 4293
f 4293 4301 4294
f 3735 3921 4313
f 4313 3921 4314
f 4315 4314 3922
f 3922 4314 3921
f 4316 3945 829
f 829 3945 830
f 4289 4317 4165
f 4165 4317 4318
f 4320 4321 4319
f 4319 4321 4322
f 4324 4325 4323
f 4323 4325 4326
f 4327 4328 4330
f 4330 4328 4329
f 4290 4331 4291
f 4291 4331 4332
f 4165 4318 4166
f 4166 4318 4333
f 4334 4335 4337
f 4337 4335 4336
f 4339 4340 4338
f 4338 4340 4341
f 4168 4343 4342
f 4342 4343 4344
f 4346 4347 4345
f 4345 4347 4348
f 4350 4351 4349
f 4349 4351 4352
f 4354 4355 4353
f 4353 4355 4356
f 4357 4358 4324
f 4324 4358 4325
f 4337 4359 4334
f 4334 4359 4360
f 4362 4363 4361
f 4361 4363 4364
f 4366 4367 4365
f 4365 4367 4368
f 4369 4370 4372
f 4372 4370 4371
f 4331 4290 4374
f 4374 4290 4373
f 4373 4376 4375
f 4375 4376 4377
f 4379 4380 4378
f 4378 4380 4381
f 4217 4382 4218
f 4218 4382 4383
f 4385 4386 4384
f 4384 4386 4387
f 4388 4389 4338
f 4338 4389 4390
f 4337 4336 4392
f 4392 4336 4391
f 4394 4362 4393
f 4393 4362 4361
f 4396 4397 4395
f 4395 4397 4398
f 4400 4401 4399
f 4399 4401 4402
f 4345 4403 4346
f 4346 4403 4404
f 4405 4406 4342
f 4342 4406 4407
f 4409 4410 4408
f 4408 4410 4411
f 4408 4412 4409
f 4409 4412 4413
f 4181 4415 4414
f 4414 4415 4416
f 4182 4183 4417
f 4417 4183 4418
f 4419 4353 4311
f 4311 4353 4312
f 4421 4422 4420
f 4420 4422 4423
f 4353 4356 4312
f 4312 4356 4424
f 4166 4333 4425
f 4425 4333 4426
f 4425 4143 4166
f 4166 4143 4122
f 4427 4107 4428
f 4428 4107 4110
f 4429 4430 4174
f 4174 4430 4175
f 4335 4431 4336
f 4336 4431 4390
f 4336 4390 4391
f 4391 4390 4389
f 4432 4433 4435
f 4435 4433 4434
f 4437 4438 4436
f 4436 4438 4439
f 4441 4442 4440
f 4440 4442 4443
f 4359 4444 4361
f 4361 4444 4393
f 4446 4447 4445
f 4445 4447 4448
f 4338 4341 4388
f 4388 4341 4449
f 4450 4451 4398
f 4398 4451 4395
f 4453 4454 4452
f 4452 4454 4455
f 4457 4458 4456
f 4456 4458 4459
f 4460 4461 4448
f 4448 4461 4445
f 4463 4464 4462
f 4462 4464 4465
f 4462 4465 4466
f 4466 4465 4467
f 4468 4469 4467
f 4467 4469 4466
f 4469 4468 4470
f 4470 4468 4471
f 4472 4473 4471
f 4471 4473 4470
f 4475 4476 4474
f 4474 4476 4477
f 4479 4480 4478
f 4478 4480 4481
f 4483 4484 4482
f 4482 4484 4485
f 4487 4488 4486
f 4486 4488 4489
f 4491 4492 4490
f 4490 4492 4493
f 4494 4495 4493
f 4493 4495 4490
f 4496 4497 4494
f 4494 4497 4495
f 4497 4496 4498
f 4498 4496 4499
f 4500 4501 4503
f 4503 4501 4502
f 4505 4506 4504
f 4504 4506 4507
f 4466 4508 4462
f 4462 4508 4509
f 4470 4510 4469
f 4469 4510 4511
f 4513 4479 4512
f 4512 4479 4478
f 4515 4443 4514
f 4514 4443 4442
f 4516 4517 4519
f 4519 4517 4518
f 4521 4495 4520
f 4520 4495 4497
f 4522 4490 4521
f 4521 4490 4495
f 4491 4523 4488
f 4488 4523 4524
f 4525 4489 4524
f 4524 4489 4488
f 4484 4526 4485
f 4485 4526 4527
f 4503 4528 4500
f 4500 4528 4529
f 4530 4531 4533
f 4533 4531 4532
f 4535 4506 4534
f 4534 4506 4530
f 4486 4536 4487
f 4487 4536 4537
f 4487 4537 4492
f 4492 4537 4538
f 4494 4539 4496
f 4496 4539 4540
f 4542 4533 4541
f 4541 4533 4499
f 4544 4545 4543
f 4543 4545 4546
f 4548 4549 4547
f 4547 4549 4550
f 4536 4551 4537
f 4537 4551 4552
f 4537 4552 4538
f 4538 4552 4553
f 4554 4539 4556
f 4556 4539 4555
f 4557 4540 4554
f 4554 4540 4539
f 4559 4557 4558
f 4558 4557 4560
f 4540 4557 4541
f 4541 4557 4559
f 4562 4563 4561
f 4561 4563 4564
f 4546 4565 4543
f 4543 4565 4566
f 4547 4567 4548
f 4548 4567 4568
f 4570 4571 4569
f 4569 4571 4572
f 4574 4575 4573
f 4573 4575 4576
f 4578 4579 4577
f 4577 4579 4580
f 4582 4583 4581
f 4581 4583 4584
f 4585 4586 4588
f 4588 4586 4587
f 4589 4585 4590
f 4590 4585 4588
f 4592 4593 4591
f 4591 4593 4594
f 4596 4597 4595
f 4595 4597 4598
f 4600 4601 4599
f 4599 4601 4602
f 4563 4604 4603
f 4603 4604 4605
f 4603 4606 4608
f 4608 4606 4607
f 4609 4610 4594
f 4594 4610 4591
f 4611 4612 4614
f 4614 4612 4613
f 4616 4617 4615
f 4615 4617 4618
f 4602 4620 4619
f 4619 4620 4621
f 4619 4622 4602
f 4602 4622 4599
f 4605 4599 4623
f 4623 4599 4622
f 4605 4623 4603
f 4603 4623 4606
f 4625 4626 4624
f 4624 4626 4627
f 4438 4437 4628
f 4628 4437 4629
f 4442 4441 4630
f 4630 4441 4631
f 4630 4632 4442
f 4442 4632 4514
f 4633 4634 4529
f 4529 4634 4500
f 4500 4634 4501
f 4501 4634 4635
f 4637 4546 4636
f 4636 4546 4545
f 4639 4565 4638
f 4638 4565 4640
f 4573 4576 4641
f 4641 4576 4642
f 4593 4643 4594
f 4594 4643 4644
f 4645 4609 4644
f 4644 4609 4594
f 4647 4648 4646
f 4646 4648 4649
f 4651 4652 4650
f 4650 4652 4653
f 4654 4498 4519
f 4519 4498 4532
f 4520 4508 4521
f 4521 4508 4511
f 4522 4510 4523
f 4523 4510 4655
f 4524 4656 4525
f 4525 4656 4657
f 4514 4529 4515
f 4515 4529 4528
f 4658 4659 4661
f 4661 4659 4660
f 4496 4540 4499
f 4499 4540 4541
f 4493 4555 4494
f 4494 4555 4539
f 4549 4483 4550
f 4550 4483 4482
f 4545 4544 4501
f 4501 4544 4502
f 4636 4545 4635
f 4635 4545 4501
f 4589 4663 4662
f 4662 4663 4664
f 4662 4665 4558
f 4558 4665 4559
f 4569 4586 4570
f 4570 4586 4560
f 4552 4666 4553
f 4553 4666 4667
f 4668 4669 4670
f 4670 4669 4666
f 4672 4673 4671
f 4671 4673 4674
f 4287 4675 4288
f 4288 4675 4676
f 4678 4679 4677
f 4677 4679 4680
f 4681 4678 4682
f 4682 4678 4677
f 4682 4683 4681
f 4681 4683 4684
f 4161 4164 4685
f 4685 4164 4686
f 4414 4687 4689
f 4689 4687 4688
f 4405 4690 4346
f 4346 4690 4347
f 4691 4399 4693
f 4693 4399 4692
f 1209 4694 4365
f 4365 4694 4366
f 4650 1211 4651
f 4651 1211 1210
f 4695 4696 4255
f 4255 4696 4256
f 4697 4698 4218
f 4218 4698 4215
f 4700 4701 4699
f 4699 4701 4702
f 4703 4704 4303
f 4303 4704 4300
f 4315 3922 4316
f 4316 3922 3945
f 4653 4706 4705
f 4705 4706 4707
f 4709 4710 4708
f 4708 4710 4711
f 4335 4334 4713
f 4713 4334 4712
f 4714 4340 4321
f 4321 4340 4322
f 4716 4717 4715
f 4715 4717 4718
f 4238 4241 4719
f 4719 4241 4720
f 4231 4721 4307
f 4307 4721 4308
f 4723 4724 4722
f 4722 4724 4725
f 4727 4728 4726
f 4726 4728 4729
f 4730 4731 4327
f 4327 4731 4328
f 4733 4734 4732
f 4732 4734 4735
f 4720 4381 4736
f 4736 4381 4737
f 4738 4739 4741
f 4741 4739 4740
f 4743 4744 4742
f 4742 4744 4745
f 4338 4390 4339
f 4339 4390 4431
f 4746 4747 4431
f 4431 4747 4339
f 4291 4332 4289
f 4289 4332 4317
f 4289 4209 4291
f 4291 4209 4286
f 4287 4286 4210
f 4210 4286 4209
f 4749 4750 4748
f 4748 4750 4751
f 4212 4284 4752
f 4752 4284 4753
f 4752 4754 4212
f 4212 4754 4213
f 4252 4251 4225
f 4225 4251 4226
f 4227 4230 4248
f 4248 4230 4249
f 4205 4755 4757
f 4757 4755 4756
f 4708 4711 4758
f 4758 4711 4647
f 4367 4366 4759
f 4759 4366 4760
f 4526 4513 4527
f 4527 4513 4512
f 4420 4423 4385
f 4385 4423 4386
f 4705 4761 4653
f 4653 4761 4650
f 4761 1279 4650
f 4650 1279 1211
f 4762 4763 3944
f 3944 4763 3936
f 4274 4273 4765
f 4765 4273 4764
f 4767 4768 4766
f 4766 4768 4769
f 4770 4771 4769
f 4769 4771 4766
f 4771 4770 4242
f 4242 4770 4243
f 4093 4163 4094
f 4094 4163 4162
f 4772 4773 4775
f 4775 4773 4774
f 4777 4778 4776
f 4776 4778 4779
f 4417 4185 4182
f 4182 4185 4184
f 4780 4078 4781
f 4781 4078 4077
f 4781 4077 4782
f 4782 4077 4189
f 4188 4783 4189
f 4189 4783 4782
f 4295 4232 4307
f 4307 4232 4231
f 4785 4786 4784
f 4784 4786 4787
f 4784 1307 4785
f 4785 1307 1306
f 4078 4780 4096
f 4096 4780 4097
f 4075 4074 4310
f 4310 4074 4788
f 4788 4074 4789
f 4789 4074 4191
f 4789 4191 4059
f 4059 4191 4790
f 4791 4277 4792
f 4792 4277 4278
f 3732 3735 4793
f 4793 3735 4313
f 4793 4794 3732
f 3732 4794 3731
f 4792 4795 4791
f 4791 4795 4796
f 4797 4798 4799
f 4799 4798 4724
f 4763 4800 3936
f 3936 4800 3935
f 4801 4062 3729
f 3729 4062 3730
f 4713 4712 4802
f 4802 4712 4803
f 4146 4804 4119
f 4119 4804 4805
f 4498 4654 4497
f 4497 4654 4520
f 4806 4807 1326
f 1326 4807 1327
f 4689 4688 1330
f 1330 4688 1331
f 4801 4789 4062
f 4062 4789 4059
f 3730 4062 4808
f 4808 4062 4061
f 4810 4811 4809
f 4809 4811 4812
f 4813 4403 4814
f 4814 4403 4345
f 4815 4816 4349
f 4349 4816 4350
f 4817 4818 4820
f 4820 4818 4819
f 4406 4821 4407
f 4407 4821 4822
f 4823 4161 4824
f 4824 4161 4685
f 4181 4414 4825
f 4825 4414 4689
f 4741 4740 4826
f 4826 4740 4827
f 4828 4829 4827
f 4827 4829 4826
f 4142 4141 4415
f 4415 4141 4148
f 4830 1354 4761
f 4761 1354 1279
f 4832 4833 4831
f 4831 4833 4834
f 4835 4836 4626
f 4626 4836 4421
f 4451 4709 4395
f 4395 4709 4708
f 4627 4420 4837
f 4837 4420 4385
f 4837 1365 4838
f 4838 1365 1364
f 4397 4396 4839
f 4839 4396 4840
f 4842 4628 4841
f 4841 4628 4629
f 4671 4674 4631
f 4631 4674 4630
f 4674 4659 4630
f 4630 4659 4632
f 4633 4632 4658
f 4658 4632 4659
f 4658 4504 4633
f 4633 4504 4634
f 4635 4634 4507
f 4507 4634 4504
f 4843 4636 4507
f 4507 4636 4635
f 4844 4637 4843
f 4843 4637 4636
f 4637 4844 4640
f 4640 4844 4664
f 4638 4663 4642
f 4642 4663 4845
f 4847 4643 4846
f 4846 4643 4641
f 4644 4848 4645
f 4645 4848 4849
f 4851 4852 4850
f 4850 4852 4853
f 4855 4856 4854
f 4854 4856 4857
f 4859 4860 4858
f 4858 4860 4857
f 4715 4718 4859
f 4859 4718 4860
f 4862 4863 4861
f 4861 4863 4864
f 4866 4867 4865
f 4865 4867 4868
f 4870 4871 4869
f 4869 4871 4872
f 4869 4872 4116
f 4116 4872 4117
f 4820 4819 4874
f 4874 4819 4873
f 4876 4877 4875
f 4875 4877 4878
f 4880 4881 4879
f 4879 4881 4882
f 4884 4885 4883
f 4883 4885 4886
f 4887 4888 4280
f 4280 4888 4281
f 4818 4817 4889
f 4889 4817 4890
f 4891 4193 4823
f 4823 4193 4192
f 4892 4893 4228
f 4228 4893 4229
f 4158 4157 4894
f 4894 4157 4895
f 4896 4897 4132
f 4132 4897 4133
f 4099 4683 4100
f 4100 4683 4682
f 4101 4100 4899
f 4899 4100 4898
f 4150 4106 4147
f 4147 4106 4900
f 4100 4682 4898
f 4898 4682 4677
f 4080 4082 4187
f 4187 4082 4184
f 4077 4080 4189
f 4189 4080 4187
f 4191 4190 4790
f 4790 4190 4901
f 4177 4158 4680
f 4680 4158 4894
f 4108 4136 4752
f 4752 4136 4754
f 4752 4753 4108
f 4108 4753 4109
f 4817 4902 4890
f 4890 4902 4903
f 4904 4905 4907
f 4907 4905 4906
f 4909 4910 4908
f 4908 4910 4911
f 4913 4914 4912
f 4912 4914 4915
f 4916 4917 4919
f 4919 4917 4918
f 4312 4424 4299
f 4299 4424 4304
f 4920 4921 4297
f 4297 4921 4298
f 4194 4922 4167
f 4167 4922 4923
f 4924 4400 4691
f 4691 4400 4399
f 4395 4708 4396
f 4396 4708 4758
f 4367 4925 4368
f 4368 4925 4926
f 4919 4918 4873
f 4873 4918 4874
f 4836 4927 4421
f 4421 4927 4422
f 4921 4928 4298
f 4298 4928 4311
f 4143 4146 4122
f 4122 4146 4119
f 4929 4930 4455
f 4455 4930 4452
f 4932 4933 4931
f 4931 4933 4934
f 4935 4936 4932
f 4932 4936 4933
f 4461 4460 4457
f 4457 4460 4458
f 4480 4479 4475
f 4475 4479 4476
f 4660 4673 4517
f 4517 4673 4937
f 4661 4505 4658
f 4658 4505 4504
f 4484 4483 4489
f 4489 4483 4486
f 4462 4509 4463
f 4463 4509 4518
f 4469 4511 4466
f 4466 4511 4508
f 4655 4473 4656
f 4656 4473 4477
f 4476 4657 4477
f 4477 4657 4656
f 4479 4513 4476
f 4476 4513 4657
f 4489 4525 4484
f 4484 4525 4526
f 4483 4549 4486
f 4486 4549 4536
f 4549 4548 4536
f 4536 4548 4551
f 4548 4568 4551
f 4551 4568 4670
f 4663 4589 4845
f 4845 4589 4590
f 4668 4577 4938
f 4938 4577 4580
f 4940 4938 4939
f 4939 4938 4941
f 4940 4942 4669
f 4669 4942 4943
f 4587 4582 4944
f 4944 4582 4581
f 4848 4847 4608
f 4608 4847 4564
f 4616 4945 4613
f 4613 4945 4598
f 4615 4946 4616
f 4616 4946 4945
f 4947 4939 4948
f 4948 4939 4946
f 4599 4605 4600
f 4600 4605 4604
f 4608 4607 4848
f 4848 4607 4849
f 4613 4612 4616
f 4616 4612 4617
f 4835 4949 4709
f 4709 4949 4710
f 4357 1477 4837
f 4837 1477 1365
f 4712 4950 4803
f 4803 4950 4951
f 4401 4952 4402
f 4402 4952 4953
f 4759 4760 4402
f 4402 4760 4399
f 4508 4520 4509
f 4509 4520 4654
f 4510 4522 4511
f 4511 4522 4521
f 4513 4526 4657
f 4657 4526 4525
f 4632 4633 4514
f 4514 4633 4529
f 4931 4934 4453
f 4453 4934 4454
f 4153 4954 4154
f 4154 4954 4955
f 4957 4958 4956
f 4956 4958 4959
f 4961 4962 4960
f 4960 4962 4963
f 4120 4964 4210
f 4210 4964 4965
f 4967 4968 4966
f 4966 4968 4969
f 4349 4692 4815
f 4815 4692 4970
f 4652 4971 4653
f 4653 4971 4706
f 4758 4647 4972
f 4972 4647 4646
f 4973 4363 4646
f 4646 4363 4972
f 4950 4360 4974
f 4974 4360 4364
f 4431 4335 4746
f 4746 4335 4713
f 4358 4714 4325
f 4325 4714 4321
f 4765 4764 4266
f 4266 4764 4975
f 4202 4976 4203
f 4203 4976 4977
f 4917 4978 4918
f 4918 4978 4979
f 4279 4282 4854
f 4854 4282 4269
f 4820 4880 4817
f 4817 4880 4902
f 4890 4903 4980
f 4980 4903 4886
f 4982 4983 4981
f 4981 4983 4123
f 4795 4851 4796
f 4796 4851 4850
f 4918 4979 4874
f 4874 4979 4881
f 4809 4404 4810
f 4810 4404 4403
f 4354 4985 4984
f 4984 4985 4986
f 1364 1516 4838
f 4838 1516 4987
f 4759 4988 4367
f 4367 4988 4925
f 4989 4990 4481
f 4481 4990 4478
f 4443 4515 4990
f 4990 4515 4991
f 4527 4512 4992
f 4992 4512 4991
f 4528 4503 4992
f 4992 4503 4993
f 4993 4994 4485
f 4485 4994 4482
f 4544 4995 4502
f 4502 4995 4994
f 4995 4996 4550
f 4550 4996 4547
f 4998 4999 4997
f 4997 4999 4566
f 4998 5000 4578
f 4578 5000 4579
f 5001 5002 4596
f 4596 5002 4597
f 5003 4591 5004
f 5004 4591 4610
f 4626 4421 4627
f 4627 4421 4420
f 4837 4838 4627
f 4627 4838 4624
f 4761 4705 4830
f 4830 4705 5005
f 4705 4707 5005
f 5005 4707 5006
f 4308 4721 4075
f 4075 4721 4076
f 5007 4200 4797
f 4797 4200 4798
f 4685 4686 5008
f 5008 4686 5009
f 4889 4890 5010
f 5010 4890 4980
f 4323 1541 4324
f 4324 1541 1540
f 4385 4384 4358
f 4358 4384 4714
f 4396 4758 4840
f 4840 4758 4972
f 4866 4852 5011
f 5011 4852 5012
f 5013 4260 4980
f 4980 4260 5010
f 4875 4878 5014
f 5014 4878 5015
f 5017 5018 5016
f 5016 5018 5019
f 5016 5019 5020
f 5020 5019 5021
f 5023 5024 5022
f 5022 5024 5025
f 5027 5028 5026
f 5026 5028 5029
f 5031 5032 5030
f 5030 5032 5033
f 5035 5036 5034
f 5034 5036 5037
f 5039 5040 5038
f 5038 5040 5041
f 5043 5044 5042
f 5042 5044 5045
f 5038 5046 5039
f 5039 5046 5047
f 5049 5050 5048
f 5048 5050 5051
f 5053 5054 5052
f 5052 5054 5055
f 5057 5024 5056
f 5056 5024 5058
f 5060 5061 5059
f 5059 5061 5062
f 5064 5065 5063
f 5063 5065 5066
f 5043 5050 5064
f 5064 5050 5065
f 5038 5041 5067
f 5067 5041 5068
f 5070 5071 5069
f 5069 5071 5072
f 5074 5075 5073
f 5073 5075 5076
f 5034 5077 5035
f 5035 5077 5078
f 5080 5081 5079
f 5079 5081 5082
f 5084 5085 5083
f 5083 5085 5086
f 5085 5084 5087
f 5087 5084 5088
f 5090 5091 5089
f 5089 5091 5092
f 5094 5095 5093
f 5093 5095 5096
f 5098 5099 5097
f 5097 5099 5100
f 5102 5103 5101
f 5101 5103 5104
f 5105 5106 5108
f 5108 5106 5107
f 5110 5111 5109
f 5109 5111 5112
f 5114 5094 5113
f 5113 5094 5093
f 5116 5117 5115
f 5115 5117 5118
f 5120 5121 5119
f 5119 5121 5122
f 5124 5125 5123
f 5123 5125 5126
f 5128 5129 5127
f 5127 5129 5130
f 5097 5131 5098
f 5098 5131 5132
f 5134 5135 5133
f 5133 5135 5122
f 5084 5125 5088
f 5088 5125 5136
f 5138 5139 5137
f 5137 5139 5140
f 5142 5102 5141
f 5141 5102 5101
f 5106 5143 5107
f 5107 5143 5144
f 5146 5147 5145
f 5145 5147 5148
f 5149 5150 5109
f 5109 5150 5110
f 5151 5110 5152
f 5152 5110 5150
f 4715 5140 4716
f 4716 5140 5139
f 5143 4870 5144
f 5144 4870 4869
f 4115 5146 4116
f 4116 5146 5145
f 4791 4796 5149
f 5149 4796 5150
f 4796 4850 5150
f 5150 4850 5152
f 4858 5142 4859
f 4859 5142 5141
f 5153 5154 5115
f 5115 5154 5105
f 5156 5157 5155
f 5155 5157 5158
f 5159 5160 5053
f 5053 5160 5054
f 5161 5162 5020
f 5020 5162 5068
f 5026 5029 5163
f 5163 5029 5021
f 5083 5086 5164
f 5164 5086 5165
f 5090 5167 5166
f 5166 5167 5168
f 5169 5170 5172
f 5172 5170 5171
f 5174 5175 5173
f 5173 5175 5176
f 5177 5109 5178
f 5178 5109 5112
f 5179 5180 5182
f 5182 5180 5181
f 5123 5126 5120
f 5120 5126 5121
f 5180 5167 5181
f 5181 5167 5183
f 5184 5185 5179
f 5179 5185 5180
f 5186 5149 5177
f 5177 5149 5109
f 4868 5184 4865
f 4865 5184 5179
f 5188 5189 5187
f 5187 5189 5190
f 4277 4791 5186
f 5186 4791 5149
f 5179 5182 4865
f 4865 5182 4853
f 5189 4862 5190
f 5190 4862 4861
f 5156 5075 5191
f 5191 5075 5192
f 5036 5035 5193
f 5193 5035 5194
f 5115 5118 5153
f 5153 5118 5195
f 5022 5025 5196
f 5196 5025 5197
f 5155 5158 5069
f 5069 5158 5062
f 5063 5066 5198
f 5198 5066 5199
f 5073 5076 5200
f 5200 5076 5072
f 5202 5131 5201
f 5201 5131 5203
f 5143 5106 5204
f 5204 5106 5205
f 5114 5113 5206
f 5206 5113 5127
f 5098 5132 5193
f 5193 5132 5195
f 5204 5207 5143
f 5143 5207 4870
f 5088 5136 5208
f 5208 5136 5092
f 5209 5210 5089
f 5089 5210 5183
f 5211 5018 5060
f 5060 5018 5061
f 5017 5040 5070
f 5070 5040 5071
f 5191 5160 5156
f 5156 5160 5157
f 5048 5028 5049
f 5049 5028 5058
f 5207 5204 4858
f 4858 5204 5142
f 4859 5141 4715
f 4715 5141 5140
f 5212 5162 5042
f 5042 5162 5051
f 5182 5152 4853
f 4853 5152 4850
f 5214 5134 5213
f 5213 5134 5133
f 5164 5165 5133
f 5133 5165 5213
f 5215 5216 5201
f 5201 5216 5217
f 5147 5218 5148
f 5148 5218 5219
f 5147 5177 5218
f 5218 5177 5178
f 5141 5101 5140
f 5140 5101 5137
f 5201 5217 5202
f 5202 5217 5104
f 5146 5186 5147
f 5147 5186 5177
f 4277 5186 4115
f 4115 5186 5146
f 5191 5192 5031
f 5031 5192 5032
f 5052 5055 5220
f 5220 5055 5197
f 4116 5145 4869
f 4869 5145 5144
f 5034 5037 5214
f 5214 5037 5134
f 5097 5100 5114
f 5114 5100 5094
f 5108 5107 5219
f 5219 5107 5148
f 5221 5135 5116
f 5116 5135 5117
f 5124 5111 5209
f 5209 5111 5210
f 5107 5144 5148
f 5148 5144 5145
f 5152 5182 5151
f 5151 5182 5181
f 5208 5222 5088
f 5088 5222 5087
f 5222 5208 5171
f 5171 5208 5172
f 5223 1756 4698
f 4698 1756 1755
f 4427 5224 4107
f 4107 5224 4135
f 4178 4679 5225
f 5225 4679 5226
f 5227 5228 4892
f 4892 5228 4893
f 5229 5230 4171
f 4171 5230 4172
f 4855 4268 4884
f 4884 4268 4885
f 4884 4871 4855
f 4855 4871 4856
f 4684 5231 4896
f 4896 5231 4897
f 4768 4767 5009
f 5009 4767 5008
f 5205 5154 5102
f 5102 5154 5103
f 5099 5098 5194
f 5194 5098 5193
f 5198 5199 5079
f 5079 5199 5033
f 5102 5142 5205
f 5205 5142 5204
f 5224 4427 4681
f 4681 4427 4678
f 3712 3711 5232
f 5232 3711 5233
f 3968 3988 3963
f 3963 3988 3964
f 3976 4044 3972
f 3972 4044 3985
f 4038 4037 4036
f 4036 4037 4033
f 4794 4762 3731
f 3731 4762 3944
f 3731 3944 3722
f 3722 3944 3810
f 3874 5234 5232
f 5232 5234 3712
f 3906 3905 3867
f 3867 3905 4011
f 3904 4023 3905
f 3905 4023 4011
f 3719 3722 3811
f 3811 3722 3810
f 3812 3719 3687
f 3687 3719 3811
f 3716 3812 3686
f 3686 3812 3687
f 3713 3716 3685
f 3685 3716 3686
f 4810 4403 5235
f 5235 4403 4813
f 4345 1770 4814
f 4814 1770 1769
f 4067 4066 4058
f 4058 4066 5236
f 4043 4068 4049
f 4049 4068 4050
f 4034 5237 3989
f 3989 5237 3990
f 4031 4030 4072
f 4072 4030 4005
f 4003 4004 4002
f 4002 4004 4032
f 4004 4005 4032
f 4032 4005 4030
f 4067 4064 4068
f 4068 4064 4050
f 4058 4057 4067
f 4067 4057 4064
f 4035 4034 5238
f 5238 4034 3989
f 5236 5239 4058
f 4058 5239 5240
f 5234 3874 5241
f 5241 3874 3873
f 5241 3873 3881
f 3881 3873 3878
f 4800 4763 4788
f 4788 4763 4310
f 4763 4762 4310
f 4310 4762 4309
f 4762 4794 4309
f 4309 4794 4306
f 4794 4793 4306
f 4306 4793 4292
f 4293 4313 4302
f 4302 4313 4314
f 4302 4314 4303
f 4303 4314 4315
f 4303 4315 4703
f 4703 4315 4316
f 4035 4069 4043
f 4043 4069 4068
f 4324 1540 4357
f 4357 1540 1477
f 5232 3987 3874
f 3874 3987 3871
f 3987 5232 4013
f 4013 5232 5233
f 4013 5233 4014
f 4014 5233 5242
f 3888 4015 3865
f 3865 4015 4007
f 3866 4008 5243
f 5243 4008 4016
f 3873 5244 3878
f 3878 5244 3875
f 3965 5244 3872
f 3872 5244 3873
f 3876 3875 3965
f 3965 3875 5244
f 5243 4016 5242
f 5242 4016 4014
f 5246 5247 5245
f 5245 5247 5248
f 3576 3950 3577
f 3577 3950 3926
f 3584 3842 3585
f 3585 3842 3580
f 5249 5247 1784
f 1784 5247 1785
f 5250 5251 5253
f 5253 5251 5252
f 5255 5252 5254
f 5254 5252 5256
f 5254 5256 5258
f 5258 5256 5257
f 5258 5257 5260
f 5260 5257 5259
f 4356 5261 4424
f 4424 5261 5259
f 4355 5262 4356
f 4356 5262 5261
f 4924 5264 5263
f 5263 5264 5265
f 4693 5266 4691
f 4691 5266 5267
f 4351 5268 4352
f 4352 5268 5269
f 1808 1807 4351
f 4351 1807 5268
f 3580 3842 3581
f 3799 3802 3838
f 4800 4788 4801
f 4801 4788 4789
f 3729 3935 4801
f 4801 3935 4800
f 3728 3666 3729
f 3729 3666 3935
f 3728 3798 3666
f 3666 3798 3663
f 3798 3818 3663
f 3663 3818 3809
f 3818 3817 3809
f 3809 3817 3808
f 3796 3655 3817
f 3817 3655 3808
f 3615 3568 3796
f 3796 3568 3655
f 3573 3569 3615
f 3615 3569 3568
f 3572 3613 3573
f 3573 3613 3569
f 3792 3606 3572
f 3572 3606 3613
f 3607 3791 3949
f 3949 3791 3591
f 3590 3950 3591
f 3591 3950 3949
f 3805 3926 3590
f 3590 3926 3950
f 3804 3559 3805
f 3805 3559 3926
f 3804 3914 3559
f 3559 3914 3560
f 3924 3789 3913
f 3913 3789 3788
f 3924 3928 3789
f 3789 3928 3826
f 3928 3927 3826
f 3826 3927 3827
f 3927 3834 3827
f 3827 3834 3835
f 4079 4078 5270
f 5270 4078 5007
f 5271 5272 4233
f 4233 5272 5273
f 5275 5276 5274
f 5274 5276 5277
f 5278 5279 4236
f 4236 5279 4237
f 5278 5280 5271
f 5271 5280 5272
f 4235 5281 4236
f 4236 5281 5282
f 5284 5285 5283
f 5283 5285 5286
f 5288 5289 5287
f 5287 5289 5290
f 5292 5293 5291
f 5291 5293 5294
f 5287 5290 4726
f 4726 5290 5295
f 4293 4292 4313
f 4313 4292 4793
f 4720 4736 4719
f 4719 4736 5296
f 5297 4909 5298
f 5298 4909 4908
f 5299 5300 4976
f 4976 5300 5301
f 5302 4202 5303
f 5303 4202 4201
f 5304 5305 4983
f 4983 5305 5306
f 5308 5309 5307
f 5307 5309 5310
f 4722 4725 5283
f 5283 4725 5311
f 5291 5294 4125
f 4125 5294 4126
f 5313 5314 5312
f 5312 5314 5315
f 5316 5317 5319
f 5319 5317 5318
f 5321 5308 5320
f 5320 5308 5307
f 4819 4981 4873
f 4873 4981 5322
f 4981 4123 5322
f 5322 4123 4126
f 5324 5325 5323
f 5323 5325 5326
f 4764 5327 4975
f 4975 5327 5328
f 4172 5327 4169
f 4169 5327 5329
f 4768 4171 4769
f 4769 4171 4170
f 4243 4755 4244
f 4244 4755 5330
f 4755 4205 5330
f 5330 4205 4208
f 4206 4906 4207
f 4207 4906 4905
f 4686 5014 5009
f 5009 5014 5229
f 4756 4770 4170
f 4170 4770 4769
f 4170 4169 4756
f 4756 4169 4757
f 4273 5329 4764
f 4764 5329 5327
f 4276 5331 4273
f 4273 5331 5329
f 4770 4756 4243
f 4243 4756 4755
f 5333 4889 5332
f 5332 4889 5010
f 4877 5332 4878
f 4878 5332 4259
f 4875 4164 4876
f 4876 4164 4163
f 5334 5335 5324
f 5324 5335 5325
f 4983 5306 4123
f 4123 5306 4124
f 4818 4982 4819
f 4819 4982 4981
f 5332 5010 4259
f 4259 5010 4260
f 5014 4686 4875
f 4875 4686 4164
f 4171 4768 5229
f 5229 4768 5009
f 5337 4916 5336
f 5336 4916 4919
f 5293 5337 5294
f 5294 5337 5336
f 4982 4818 5333
f 5333 4818 4889
f 5338 5339 4262
f 4262 5339 5340
f 5307 5310 5338
f 5338 5310 5339
f 5341 5342 4204
f 4204 5342 5309
f 5336 4919 5322
f 5322 4919 4873
f 5294 5336 4126
f 4126 5336 5322
f 5323 5326 5343
f 5343 5326 5286
f 4914 5344 4915
f 4915 5344 5345
f 5312 5315 5344
f 5344 5315 5345
f 5347 5348 5346
f 5346 5348 5349
f 5350 5351 4832
f 4832 5351 4833
f 5352 5353 5349
f 5349 5353 5346
f 5354 5338 4265
f 4265 5338 4262
f 5320 5307 5354
f 5354 5307 5338
f 4201 5308 5303
f 5303 5308 5321
f 5356 5357 5355
f 5355 5357 4799
f 5358 5359 5334
f 5334 5359 5335
f 5358 5360 4093
f 4093 5360 4163
f 5360 5305 4163
f 4163 5305 4876
f 5305 5304 4876
f 4876 5304 4877
f 5270 4778 4079
f 4079 4778 4081
f 4779 5361 4774
f 4774 5361 5357
f 5356 5359 4775
f 4775 5359 4092
f 5333 5304 4982
f 4982 5304 4983
f 5332 4877 5333
f 5333 4877 5304
f 5015 4258 5230
f 5230 4258 5328
f 5327 4172 5328
f 5328 4172 5230
f 4169 5329 4757
f 4757 5329 5331
f 4757 5331 4205
f 4205 5331 4206
f 5331 4276 4206
f 4206 4276 4906
f 4276 4275 4906
f 4906 4275 4907
f 4275 4888 4907
f 4907 4888 4744
f 4887 4717 4745
f 4745 4717 4864
f 4716 5139 4861
f 4861 5139 5190
f 5139 5138 5190
f 5190 5138 5187
f 5138 5216 5187
f 5187 5216 5176
f 5215 5362 5173
f 5173 5362 5130
f 5364 5365 5363
f 5363 5365 5340
f 4742 4863 5366
f 5366 4863 4867
f 4862 5189 4868
f 4868 5189 5184
f 5189 5188 5184
f 5184 5188 5185
f 5188 5175 5185
f 5185 5175 5168
f 3560 3788 3561
f 3561 3788 3790
f 3596 3595 3608
f 3608 3595 3594
f 3598 3582 3595
f 3595 3582 3592
f 3600 3609 3601
f 3601 3609 3611
f 3602 3601 3612
f 3612 3601 3611
f 3606 3605 3613
f 3613 3605 3614
f 3793 5367 3794
f 3794 5367 5368
f 3598 3597 3600
f 3600 3597 3609
f 3793 3792 3575
f 3575 3792 3572
f 3561 3594 3558
f 3558 3594 3593
f 3807 3915 3804
f 3804 3915 3914
f 3916 3915 5370
f 5370 3915 5369
f 3602 3605 3603
f 3603 3605 3604
f 3606 3792 3607
f 3607 3792 3791
f 3914 3913 3560
f 3560 3913 3788
f 5174 5129 5166
f 5166 5129 5371
f 5170 5169 5093
f 5093 5169 5113
f 5166 5371 5090
f 5090 5371 5091
f 5128 5169 5372
f 5372 5169 5172
f 5127 5113 5128
f 5128 5113 5169
f 5114 5206 5203
f 5203 5206 5362
f 5200 5373 5073
f 5073 5373 5096
f 5374 5375 5200
f 5200 5375 5373
f 5039 5047 5374
f 5374 5047 5375
f 5087 5046 5085
f 5085 5046 5376
f 5212 5377 5067
f 5067 5377 5376
f 5042 5045 5212
f 5212 5045 5377
f 5064 5378 5043
f 5043 5378 5044
f 5063 5077 5064
f 5064 5077 5378
f 5079 5082 5198
f 5198 5082 5078
f 5099 5081 5100
f 5100 5081 5379
f 5100 5379 5094
f 5094 5379 5095
f 5381 5382 5380
f 5380 5382 5383
f 5385 5386 5384
f 5384 5386 5383
f 5385 5387 5386
f 5386 5387 5388
f 5390 5391 5389
f 5389 5391 5392
f 5393 5394 5396
f 5396 5394 5395
f 5398 5399 5397
f 5397 5399 5400
f 5402 5403 5401
f 5401 5403 5404
f 5406 5407 5405
f 5405 5407 5404
f 5408 5409 5163
f 5163 5409 5410
f 5411 5412 5414
f 5414 5412 5413
f 5057 5416 5415
f 5415 5416 5417
f 5393 5416 5418
f 5418 5416 5419
f 5396 5395 5420
f 5420 5395 5421
f 5423 5424 5422
f 5422 5424 5425
f 5415 5417 5220
f 5220 5417 5426
f 5418 5391 5393
f 5393 5391 5394
f 5414 5388 5411
f 5411 5388 5392
f 5059 5427 5060
f 5060 5427 5428
f 5423 5427 5429
f 5429 5427 5430
f 5432 5382 5431
f 5431 5382 5425
f 5429 5407 5423
f 5423 5407 5424
f 5380 5409 5381
f 5381 5409 5433
f 5381 5433 5422
f 5422 5433 5428
f 5027 5412 5056
f 5056 5412 5419
f 5435 5436 5434
f 5434 5436 5437
f 5159 5439 5438
f 5438 5439 5440
f 5053 5436 5159
f 5159 5436 5439
f 5441 5403 5398
f 5398 5403 5399
f 5163 5410 5026
f 5026 5410 5413
f 5438 5440 5442
f 5442 5440 5430
f 5444 5445 5443
f 5443 5445 5446
f 5447 5448 5450
f 5450 5448 5449
f 5451 5446 5452
f 5452 5446 5445
f 5454 5455 5453
f 5453 5455 5451
f 5456 5454 5458
f 5458 5454 5457
f 5460 5461 5459
f 5459 5461 5462
f 5464 5465 5463
f 5463 5465 5466
f 5468 5469 5467
f 5467 5469 5470
f 5472 5473 5471
f 5471 5473 5474
f 5475 5476 5478
f 5478 5476 5477
f 5479 5480 5482
f 5482 5480 5481
f 5483 5484 5448
f 5448 5484 5485
f 5448 5485 5449
f 5449 5485 5486
f 5487 5476 5488
f 5488 5476 5475
f 5490 5491 5489
f 5489 5491 5492
f 5494 5495 5493
f 5493 5495 5496
f 5498 5494 5497
f 5497 5494 5493
f 5500 5501 5499
f 5499 5501 5502
f 5503 5504 5446
f 5446 5504 5443
f 5506 5507 5505
f 5505 5507 5508
f 5510 5511 5509
f 5509 5511 5512
f 5514 5515 5513
f 5513 5515 5516
f 5518 5519 5517
f 5517 5519 5520
f 5495 5521 5496
f 5496 5521 5522
f 5524 5525 5523
f 5523 5525 5526
f 5527 5528 5494
f 5494 5528 5495
f 5499 5502 5529
f 5529 5502 5530
f 5531 5532 5485
f 5485 5532 5486
f 5485 5484 5531
f 5531 5484 5533
f 5482 5481 5534
f 5534 5481 5535
f 5536 5512 5506
f 5506 5512 5511
f 5455 5503 5451
f 5451 5503 5446
f 5467 5470 5511
f 5511 5470 5537
f 5538 5467 5510
f 5510 5467 5511
f 5540 5541 5539
f 5539 5541 5542
f 5543 5544 5546
f 5546 5544 5545
f 5548 5472 5547
f 5547 5472 5471
f 5493 5496 5549
f 5549 5496 5550
f 5496 5522 5550
f 5550 5522 5551
f 5553 5554 5552
f 5552 5554 5555
f 5557 5447 5556
f 5556 5447 5558
f 5557 5483 5447
f 5447 5483 5448
f 5478 5477 5553
f 5553 5477 5559
f 5477 5560 5559
f 5559 5560 5561
f 5476 5562 5477
f 5477 5562 5560
f 5476 5487 5562
f 5562 5487 5563
f 5560 5564 5561
f 5561 5564 5565
f 5564 5560 5566
f 5566 5560 5562
f 5563 5567 5562
f 5562 5567 5566
f 5569 5521 5568
f 5568 5521 5570
f 5481 5572 5571
f 5571 5572 5573
f 5574 5535 5571
f 5571 5535 5481
f 5576 5577 5575
f 5575 5577 5578
f 5579 5580 5456
f 5456 5580 5581
f 5475 5582 5488
f 5488 5582 5583
f 5584 5536 5505
f 5505 5536 5506
f 5585 5586 5588
f 5588 5586 5587
f 5590 5591 5589
f 5589 5591 5592
f 5519 5593 5520
f 5520 5593 5594
f 5595 5596 5462
f 5462 5596 5597
f 5599 5600 5598
f 5598 5600 5514
f 5602 5603 5601
f 5601 5603 5604
f 5524 5543 5525
f 5525 5543 5546
f 5543 5524 5606
f 5606 5524 5605
f 5607 5608 5500
f 5500 5608 5501
f 5610 5551 5609
f 5609 5551 5522
f 5611 5510 5598
f 5598 5510 5509
f 5612 5597 5457
f 5457 5597 5458
f 5510 5611 5538
f 5538 5611 5613
f 5580 5508 5581
f 5581 5508 5507
f 5615 5616 5614
f 5614 5616 5617
f 5619 5620 5618
f 5618 5620 5621
f 5623 5624 5622
f 5622 5624 5625
f 5627 5624 5626
f 5626 5624 5623
f 5629 5630 5628
f 5628 5630 5631
f 5633 5634 5632
f 5632 5634 5466
f 5635 5636 5463
f 5463 5636 5637
f 5523 5638 5524
f 5524 5638 5605
f 5639 5640 5641
f 5641 5640 5595
f 5611 5513 5613
f 5613 5513 5642
f 5643 5586 5608
f 5608 5586 5501
f 5622 5625 5590
f 5590 5625 5591
f 5598 5514 5611
f 5611 5514 5513
f 5645 5646 5644
f 5644 5646 5647
f 5620 5619 5491
f 5491 5619 5648
f 5649 5643 5492
f 5492 5643 5608
f 5650 5651 5653
f 5653 5651 5652
f 5463 5466 5635
f 5635 5466 5634
f 5597 5612 5462
f 5462 5612 5459
f 5635 5634 5523
f 5523 5634 5638
f 5654 5638 5633
f 5633 5638 5634
f 5655 5656 5525
f 5525 5656 5526
f 5658 5659 5657
f 5657 5659 5527
f 5660 5464 5637
f 5637 5464 5463
f 5632 5466 5661
f 5661 5466 5465
f 5661 5662 5632
f 5632 5662 5658
f 5662 5663 5658
f 5658 5663 5659
f 5665 5659 5664
f 5664 5659 5663
f 5632 5658 5633
f 5633 5658 5657
f 5666 5629 5530
f 5530 5629 5667
f 5528 5527 5665
f 5665 5527 5659
f 5668 5669 5570
f 5570 5669 5568
f 5669 5668 5670
f 5670 5668 5671
f 5646 5672 5673
f 5672 5674 5673
f 5673 5674 5675
f 5674 5460 5675
f 5675 5460 5459
f 5461 5676 5462
f 5462 5676 5595
f 5677 5678 5680
f 5680 5678 5679
f 5628 5681 5629
f 5629 5681 5667
f 5682 5529 5667
f 5667 5529 5530
f 5675 5459 5683
f 5683 5459 5612
f 5585 5666 5502
f 5502 5666 5530
f 5589 5684 5602
f 5602 5684 5603
f 5646 5645 5663
f 5663 5645 5664
f 5685 5647 5673
f 5673 5647 5646
f 5686 5687 5683
f 5683 5687 5685
f 5688 5689 5533
f 5533 5689 5531
f 5690 5691 5535
f 5535 5691 5534
f 5692 5690 5574
f 5574 5690 5535
f 5685 5687 5689
f 5689 5687 5693
f 5489 5694 5490
f 5490 5694 5695
f 5690 5692 5696
f 5696 5692 5697
f 5696 5644 5690
f 5690 5644 5691
f 5447 5450 5558
f 5558 5450 5698
f 5699 5700 5642
f 5642 5700 5613
f 5701 5702 5540
f 5540 5702 5541
f 5431 5703 5432
f 5432 5703 5697
f 5385 5384 5574
f 5574 5384 5692
f 5389 5387 5573
f 5573 5387 5571
f 5565 5390 5573
f 5573 5390 5389
f 5390 5565 5704
f 5704 5565 5564
f 5566 5705 5564
f 5564 5705 5704
f 5569 5441 5609
f 5609 5441 5398
f 5568 5405 5569
f 5569 5405 5441
f 5670 5706 5669
f 5669 5706 5406
f 5703 5431 5670
f 5670 5431 5706
f 5432 5697 5384
f 5384 5697 5692
f 5574 5571 5385
f 5385 5571 5387
f 5607 5707 5489
f 5489 5707 5694
f 5518 5708 5519
f 5519 5708 5709
f 5711 5576 5710
f 5710 5576 5575
f 5713 5714 5712
f 5712 5714 5715
f 5553 5552 5478
f 5478 5552 5716
f 5717 5475 5716
f 5716 5475 5478
f 5718 5719 5605
f 5605 5719 5606
f 5505 5622 5584
f 5584 5622 5590
f 5508 5623 5505
f 5505 5623 5622
f 5626 5623 5580
f 5580 5623 5508
f 5580 5579 5626
f 5626 5579 5720
f 5579 5721 5720
f 5720 5721 5722
f 5666 5585 5723
f 5723 5585 5588
f 5724 5725 5639
f 5639 5725 5640
f 5554 5726 5555
f 5555 5726 5727
f 5453 5728 5729
f 5689 5688 5685
f 5685 5688 5647
f 5604 5730 5512
f 5512 5730 5509
f 5628 5631 5618
f 5618 5631 5592
f 5601 5604 5536
f 5536 5604 5512
f 5732 5676 5731
f 5731 5676 5660
f 5730 5604 5733
f 5733 5604 5603
f 5563 5487 5551
f 5551 5487 5550
f 5489 5492 5607
f 5607 5492 5608
f 5573 5572 5565
f 5565 5572 5561
f 5609 5522 5569
f 5569 5522 5521
f 5499 5734 5500
f 5500 5734 5735
f 5596 5736 5721
f 5721 5736 5722
f 5737 5600 5594
f 5594 5600 5520
f 5599 5730 5517
f 5517 5730 5733
f 5660 5738 5731
f 5731 5738 5739
f 5648 5649 5491
f 5491 5649 5492
f 5501 5586 5502
f 5502 5586 5585
f 5525 5546 5655
f 5655 5546 5740
f 5600 5599 5520
f 5520 5599 5517
f 5708 5739 5709
f 5709 5739 5738
f 5636 5635 5526
f 5526 5635 5523
f 5670 5671 5703
f 5703 5671 5741
f 5490 5695 5742
f 5742 5695 5743
f 5682 5678 5744
f 5744 5678 5677
f 5678 5681 5679
f 5679 5681 5621
f 5742 5743 5679
f 5679 5743 5680
f 5618 5621 5628
f 5628 5621 5681
f 5725 5724 5589
f 5589 5724 5684
f 5456 5458 5579
f 5579 5458 5721
f 5675 5683 5673
f 5673 5683 5685
f 5529 5682 5745
f 5745 5682 5744
f 5721 5458 5596
f 5596 5458 5597
f 5701 5540 5719
f 5719 5540 5606
f 5703 5741 5697
f 5697 5741 5696
f 5500 5735 5607
f 5607 5735 5707
f 5549 5746 5493
f 5493 5746 5497
f 5700 5747 5613
f 5613 5747 5538
f 5420 5421 5434
f 5434 5421 5400
f 5689 5693 5531
f 5531 5693 5532
f 5705 5566 5748
f 5748 5566 5567
f 5609 5398 5610
f 5610 5398 5397
f 5669 5406 5568
f 5568 5406 5405
f 5488 5583 5549
f 5549 5583 5746
f 5714 5713 5710
f 5710 5713 5711
f 5747 5468 5538
f 5538 5468 5467
f 5548 5547 5749
f 5749 5547 5750
f 5733 5603 5751
f 5751 5603 5684
f 5589 5602 5590
f 5590 5602 5584
f 5636 5752 5614
f 5614 5752 5615
f 5753 5754 5738
f 5738 5754 5755
f 5602 5601 5584
f 5584 5601 5536
f 5723 5736 5630
f 5630 5736 5640
f 5595 5640 5596
f 5596 5640 5736
f 5734 5499 5745
f 5745 5499 5529
f 5627 5587 5643
f 5643 5587 5586
f 5553 5559 5554
f 5554 5559 5480
f 5559 5561 5480
f 5480 5561 5572
f 5554 5480 5726
f 5726 5480 5479
f 5749 5750 5715
f 5715 5750 5712
f 5683 5612 5686
f 5686 5612 5457
f 5678 5682 5681
f 5681 5682 5667
f 5598 5509 5599
f 5599 5509 5730
f 5679 5621 5742
f 5742 5621 5620
f 5652 5616 5653
f 5653 5616 5615
f 5220 5426 5052
f 5052 5426 5437
f 5487 5488 5550
f 5550 5488 5549
f 5742 5620 5490
f 5490 5620 5491
f 5551 5610 5563
f 5563 5610 5567
f 5610 5397 5567
f 5567 5397 5748
f 5614 5617 5753
f 5753 5617 5754
f 5480 5572 5481
f 5755 5756 5738
f 5738 5756 5709
f 5745 5744 5758
f 5758 5744 5757
f 5745 5758 5734
f 5734 5758 5759
f 5735 5734 5760
f 5760 5734 5759
f 5707 5735 5761
f 5761 5735 5760
f 5744 5677 5757
f 5757 5677 5762
f 5677 5680 5762
f 5762 5680 5763
f 5763 5680 5764
f 5764 5680 5743
f 5765 5766 5762
f 5762 5766 5757
f 5768 5769 5767
f 5767 5769 5770
f 5771 5772 5770
f 5770 5772 5767
f 5770 5769 5774
f 5774 5769 5773
f 5775 5776 5774
f 5774 5776 5777
f 5773 5778 5774
f 5774 5778 5775
f 5779 5766 5773
f 5773 5766 5778
f 5777 5771 5774
f 5774 5771 5770
f 5780 5781 5783
f 5783 5781 5782
f 5781 5780 5771
f 5771 5780 5772
f 5773 5769 5779
f 5779 5769 5768
f 5768 5759 5779
f 5779 5759 5758
f 5768 5784 5759
f 5759 5784 5760
f 5767 5785 5768
f 5768 5785 5784
f 5785 5767 5786
f 5786 5767 5772
f 5766 5779 5757
f 5757 5779 5758
f 5780 5787 5772
f 5772 5787 5786
f 5785 5786 5788
f 5788 5786 5789
f 5786 5787 5789
f 5789 5787 5790
f 5788 5789 5791
f 5791 5789 5792
f 5791 5793 5788
f 5788 5793 5794
f 5795 5792 5790
f 5790 5792 5789
f 5785 5788 5784
f 5784 5788 5794
f 5784 5794 5760
f 5760 5794 5761
f 5787 5780 5796
f 5796 5780 5783
f 5775 5778 5797
f 5797 5778 5766
f 5797 5798 5775
f 5775 5798 5776
f 5766 5765 5797
f 5797 5765 5799
f 5798 5797 5800
f 5800 5797 5799
f 5798 5801 5776
f 5776 5801 5802
f 5707 5761 5694
f 5694 5761 5803
f 5695 5804 5743
f 5743 5804 5764
f 5804 5695 5803
f 5803 5695 5694
f 5803 5793 5804
f 5804 5793 5805
f 5793 5791 5805
f 5805 5791 5806
f 5804 5805 5764
f 5764 5805 5807
f 5803 5761 5793
f 5793 5761 5794
f 5808 5763 5807
f 5807 5763 5764
f 5808 5765 5763
f 5763 5765 5762
f 5809 5799 5808
f 5808 5799 5765
f 5809 5808 5810
f 5810 5808 5807
f 5811 5809 5812
f 5812 5809 5810
f 5805 5806 5807
f 5807 5806 5810
f 5806 5813 5810
f 5810 5813 5812
f 5799 5809 5800
f 5800 5809 5811
f 5815 5800 5814
f 5814 5800 5811
f 5814 5817 5816
f 5816 5817 5818
f 5814 5811 5817
f 5817 5811 5812
f 5814 5816 5815
f 5815 5816 5796
f 5815 5796 5801
f 5801 5796 5783
f 5801 5798 5815
f 5815 5798 5800
f 5791 5792 5806
f 5806 5792 5813
f 5818 5813 5795
f 5795 5813 5792
f 5818 5817 5813
f 5813 5817 5812
f 5816 5818 5790
f 5790 5818 5795
f 5790 5787 5816
f 5816 5787 5796
f 5771 5777 5781
f 5781 5777 5782
f 5782 5802 5783
f 5783 5802 5801
f 5782 5777 5802
f 5802 5777 5776
f 5588 5587 5722
f 5722 5587 5720
f 5591 5619 5592
f 5592 5619 5618
f 5625 5624 5648
f 5648 5624 5649
f 5624 5627 5649
f 5649 5627 5643
f 5631 5630 5725
f 5725 5630 5640
f 5625 5648 5591
f 5591 5648 5619
f 5588 5722 5723
f 5723 5722 5736
f 5631 5725 5592
f 5592 5725 5589
f 5723 5630 5666
f 5666 5630 5629
f 5587 5627 5720
f 5720 5627 5626
f 5820 5821 5819
f 5819 5821 5822
f 5824 5825 5823
f 5823 5825 5826
f 5823 5826 5827
f 5827 5826 5828
f 5829 5830 5832
f 5832 5830 5831
f 5518 5833 5708
f 5708 5833 5834
f 5835 5836 5824
f 5824 5836 5825
f 5838 5839 5837
f 5837 5839 5840
f 5751 5684 5842
f 5842 5684 5841
f 5843 5841 5724
f 5724 5841 5684
f 5845 5846 5844
f 5844 5846 5847
f 5848 5830 5836
f 5836 5830 5825
f 5518 5751 5833
f 5833 5751 5842
f 5839 5838 5821
f 5821 5838 5849
f 5850 5848 5822
f 5822 5848 5836
f 5851 5845 5828
f 5828 5845 5852
f 5854 5855 5853
f 5853 5855 5856
f 5845 5844 5852
f 5852 5844 5857
f 5858 5827 5852
f 5852 5827 5828
f 5851 5828 5829
f 5829 5828 5826
f 5819 5859 5820
f 5820 5859 5860
f 5835 5861 5819
f 5819 5861 5859
f 5851 5829 5862
f 5862 5829 5832
f 5844 5847 5837
f 5837 5847 5834
f 5819 5822 5835
f 5835 5822 5836
f 5823 5863 5824
f 5824 5863 5864
f 5849 5850 5821
f 5821 5850 5822
f 5825 5830 5826
f 5826 5830 5829
f 5820 5860 5865
f 5865 5860 5866
f 5858 5854 5867
f 5867 5854 5853
f 5854 5857 5855
f 5855 5857 5840
f 5855 5865 5856
f 5856 5865 5866
f 5837 5840 5844
f 5844 5840 5857
f 5827 5858 5868
f 5868 5858 5867
f 5824 5864 5835
f 5835 5864 5861
f 5732 5731 5862
f 5862 5731 5846
f 5863 5823 5868
f 5868 5823 5827
f 5843 5831 5848
f 5848 5831 5830
f 5854 5858 5857
f 5857 5858 5852
f 5855 5840 5865
f 5865 5840 5839
f 5865 5839 5820
f 5820 5839 5821
f 5868 5867 5870
f 5870 5867 5869
f 5868 5870 5863
f 5863 5870 5871
f 5863 5871 5864
f 5864 5871 5872
f 5864 5872 5861
f 5861 5872 5873
f 5867 5853 5869
f 5869 5853 5874
f 5853 5856 5874
f 5874 5856 5875
f 5856 5866 5875
f 5875 5866 5876
f 5877 5878 5874
f 5874 5878 5869
f 5880 5881 5879
f 5879 5881 5882
f 5883 5884 5880
f 5880 5884 5881
f 5881 5884 5886
f 5886 5884 5885
f 5887 5888 5886
f 5886 5888 5889
f 5885 5890 5886
f 5886 5890 5887
f 5889 5882 5886
f 5886 5882 5881
f 5882 5891 5879
f 5879 5891 5892
f 5885 5884 5893
f 5893 5884 5883
f 5883 5871 5893
f 5893 5871 5870
f 5883 5894 5871
f 5871 5894 5872
f 5880 5895 5883
f 5883 5895 5894
f 5896 5895 5879
f 5879 5895 5880
f 5893 5878 5885
f 5885 5878 5890
f 5878 5893 5869
f 5869 5893 5870
f 5897 5896 5892
f 5892 5896 5879
f 5895 5896 5898
f 5898 5896 5899
f 5896 5897 5899
f 5899 5897 5900
f 5898 5899 5901
f 5901 5899 5902
f 5901 5903 5898
f 5898 5903 5904
f 5900 5905 5899
f 5899 5905 5902
f 5898 5904 5895
f 5895 5904 5894
f 5894 5904 5872
f 5872 5904 5873
f 5897 5892 5907
f 5907 5892 5906
f 5892 5891 5906
f 5906 5891 5908
f 5887 5890 5909
f 5909 5890 5878
f 5888 5887 5910
f 5910 5887 5909
f 5878 5877 5909
f 5909 5877 5911
f 5909 5911 5910
f 5910 5911 5912
f 5913 5914 5910
f 5910 5914 5888
f 5908 5914 5906
f 5906 5914 5913
f 5861 5873 5859
f 5859 5873 5915
f 5860 5916 5866
f 5866 5916 5876
f 5916 5860 5915
f 5915 5860 5859
f 5915 5903 5916
f 5916 5903 5917
f 5903 5901 5917
f 5917 5901 5918
f 5916 5917 5876
f 5876 5917 5919
f 5903 5915 5904
f 5904 5915 5873
f 5920 5875 5919
f 5919 5875 5876
f 5920 5877 5875
f 5875 5877 5874
f 5920 5921 5877
f 5877 5921 5911
f 5921 5920 5922
f 5922 5920 5919
f 5923 5921 5924
f 5924 5921 5922
f 5917 5918 5919
f 5919 5918 5922
f 5918 5925 5922
f 5922 5925 5924
f 5921 5923 5911
f 5911 5923 5912
f 5927 5912 5926
f 5926 5912 5923
f 5926 5929 5928
f 5928 5929 5930
f 5926 5923 5929
f 5929 5923 5924
f 5926 5928 5927
f 5927 5928 5907
f 5927 5907 5913
f 5913 5907 5906
f 5913 5910 5927
f 5927 5910 5912
f 5901 5902 5918
f 5918 5902 5925
f 5930 5925 5905
f 5905 5925 5902
f 5930 5929 5925
f 5925 5929 5924
f 5928 5930 5900
f 5900 5930 5905
f 5900 5897 5928
f 5928 5897 5907
f 5882 5889 5891
f 5891 5889 5908
f 5908 5889 5914
f 5914 5889 5888
f 5832 5831 5641
f 5641 5831 5639
f 5833 5838 5834
f 5834 5838 5837
f 5842 5841 5849
f 5849 5841 5850
f 5841 5843 5850
f 5850 5843 5848
f 5847 5846 5739
f 5739 5846 5731
f 5842 5849 5833
f 5833 5849 5838
f 5862 5832 5732
f 5732 5832 5641
f 5847 5739 5834
f 5834 5739 5708
f 5862 5846 5851
f 5851 5846 5845
f 5831 5843 5639
f 5639 5843 5724
f 5676 5732 5595
f 5595 5732 5641
f 5676 5461 5660
f 5660 5461 5464
f 5461 5460 5464
f 5464 5460 5465
f 5460 5674 5465
f 5465 5674 5661
f 5931 5932 5934
f 5934 5932 5933
f 5936 5937 5935
f 5935 5937 5938
f 5935 5938 5939
f 5939 5938 5940
f 5942 5943 5941
f 5941 5943 5944
f 5945 5946 5936
f 5936 5946 5937
f 5948 5949 5947
f 5947 5949 5950
f 5951 5952 5519
f 5519 5952 5593
f 5953 5951 5709
f 5709 5951 5519
f 5955 5956 5954
f 5954 5956 5957
f 5958 5942 5946
f 5946 5942 5937
f 5948 5959 5949
f 5949 5959 5933
f 5960 5958 5934
f 5934 5958 5946
f 5961 5955 5940
f 5940 5955 5962
f 5963 5964 5966
f 5966 5964 5965
f 5955 5954 5962
f 5962 5954 5967
f 5968 5939 5962
f 5962 5939 5940
f 5961 5940 5941
f 5941 5940 5938
f 5931 5969 5932
f 5932 5969 5970
f 5945 5971 5931
f 5931 5971 5969
f 5941 5944 5961
f 5961 5944 5972
f 5954 5957 5947
f 5947 5957 5973
f 5945 5931 5946
f 5946 5931 5934
f 5935 5974 5936
f 5936 5974 5975
f 5959 5960 5933
f 5933 5960 5934
f 5937 5942 5938
f 5938 5942 5941
f 5932 5970 5976
f 5976 5970 5977
f 5968 5964 5978
f 5978 5964 5963
f 5965 5964 5950
f 5950 5964 5967
f 5976 5977 5965
f 5965 5977 5966
f 5947 5950 5954
f 5954 5950 5967
f 5939 5968 5979
f 5979 5968 5978
f 5936 5975 5945
f 5945 5975 5971
f 5972 5754 5956
f 5956 5754 5617
f 5974 5935 5979
f 5979 5935 5939
f 5953 5943 5958
f 5958 5943 5942
f 5964 5968 5967
f 5967 5968 5962
f 5965 5950 5976
f 5976 5950 5949
f 5976 5949 5932
f 5932 5949 5933
f 5979 5978 5981
f 5981 5978 5980
f 5979 5981 5974
f 5974 5981 5982
f 5974 5982 5975
f 5975 5982 5983
f 5975 5983 5971
f 5971 5983 5984
f 5978 5963 5980
f 5980 5963 5985
f 5963 5966 5985
f 5985 5966 5986
f 5986 5966 5987
f 5987 5966 5977
f 5988 5989 5985
f 5985 5989 5980
f 5991 5992 5990
f 5990 5992 5993
f 5994 5995 5991
f 5991 5995 5992
f 5992 5995 5997
f 5997 5995 5996
f 5998 5999 5997
f 5997 5999 6000
f 5996 6001 5997
f 5997 6001 5998
f 6000 5993 5997
f 5997 5993 5992
f 6002 6003 5993
f 5993 6003 5990
f 5995 5994 5996
f 5996 5994 6004
f 5994 5982 6004
f 6004 5982 5981
f 5994 6005 5982
f 5982 6005 5983
f 5991 6006 5994
f 5994 6006 6005
f 6006 5991 6007
f 6007 5991 5990
f 5996 6004 6001
f 6001 6004 5989
f 5989 6004 5980
f 5980 6004 5981
f 6003 6008 5990
f 5990 6008 6007
f 6009 6006 6010
f 6010 6006 6007
f 6008 6011 6007
f 6007 6011 6010
f 6012 6009 6013
f 6013 6009 6010
f 6009 6012 6015
f 6015 6012 6014
f 6011 6016 6010
f 6010 6016 6013
f 6006 6009 6005
f 6005 6009 6015
f 6005 6015 5983
f 5983 6015 5984
f 6008 6003 6018
f 6018 6003 6017
f 6003 6002 6017
f 6017 6002 6019
f 5998 6001 6020
f 6020 6001 5989
f 5999 5998 6021
f 6021 5998 6020
f 5989 5988 6020
f 6020 5988 6022
f 6021 6020 6023
f 6023 6020 6022
f 6021 6024 5999
f 5999 6024 6025
f 6019 6025 6017
f 6017 6025 6024
f 5971 5984 5969
f 5969 5984 6026
f 5970 6027 5977
f 5977 6027 5987
f 6027 5970 6026
f 6026 5970 5969
f 6026 6014 6027
f 6027 6014 6028
f 6014 6012 6028
f 6028 6012 6029
f 6027 6028 5987
f 5987 6028 6030
f 6026 5984 6014
f 6014 5984 6015
f 6031 5986 6030
f 6030 5986 5987
f 6031 5988 5986
f 5986 5988 5985
f 6032 6022 6031
f 6031 6022 5988
f 6032 6031 6033
f 6033 6031 6030
f 6034 6032 6035
f 6035 6032 6033
f 6028 6029 6030
f 6030 6029 6033
f 6029 6036 6033
f 6033 6036 6035
f 6032 6034 6022
f 6022 6034 6023
f 6038 6023 6037
f 6037 6023 6034
f 6037 6040 6039
f 6039 6040 6041
f 6037 6034 6040
f 6040 6034 6035
f 6037 6039 6038
f 6038 6039 6018
f 6038 6018 6024
f 6024 6018 6017
f 6024 6021 6038
f 6038 6021 6023
f 6012 6013 6029
f 6029 6013 6036
f 6041 6036 6016
f 6016 6036 6013
f 6041 6040 6036
f 6036 6040 6035
f 6041 6016 6039
f 6039 6016 6011
f 6011 6008 6039
f 6039 6008 6018
f 5993 6000 6002
f 6002 6000 6019
f 6019 6000 6025
f 6025 6000 5999
f 5943 5756 5944
f 5944 5756 5755
f 6042 5948 5973
f 5973 5948 5947
f 5952 5951 5959
f 5959 5951 5960
f 5951 5953 5960
f 5960 5953 5958
f 5616 5957 5617
f 5617 5957 5956
f 6042 5952 5948
f 5948 5952 5959
f 5944 5755 5972
f 5972 5755 5754
f 5957 5616 5973
f 5973 5616 5652
f 5956 5955 5972
f 5972 5955 5961
f 5943 5953 5756
f 5756 5953 5709
f 6044 6045 6043
f 6043 6045 6046
f 6048 6049 6047
f 6047 6049 6050
f 6047 6050 6051
f 6051 6050 6052
f 6054 6055 6053
f 6053 6055 6056
f 6057 6058 6060
f 6060 6058 6059
f 6061 6062 6048
f 6048 6062 6049
f 6063 6064 6066
f 6066 6064 6065
f 6067 6068 6070
f 6070 6068 6069
f 6071 6069 5653
f 5653 6069 6068
f 6072 6073 6075
f 6075 6073 6074
f 6062 6076 6049
f 6049 6076 6054
f 6058 6067 6059
f 6059 6067 6070
f 6064 6077 6065
f 6065 6077 6045
f 6078 6076 6046
f 6046 6076 6062
f 6073 6080 6079
f 6079 6080 6052
f 6082 6083 6081
f 6081 6083 6084
f 6072 6085 6073
f 6073 6085 6080
f 6086 6051 6080
f 6080 6051 6052
f 6079 6052 6053
f 6053 6052 6050
f 6043 6087 6044
f 6044 6087 6088
f 6061 6089 6043
f 6043 6089 6087
f 6053 6056 6079
f 6079 6056 6090
f 6063 6072 6060
f 6060 6072 6075
f 6043 6046 6061
f 6061 6046 6062
f 6047 6091 6048
f 6048 6091 6092
f 6077 6078 6045
f 6045 6078 6046
f 6049 6054 6050
f 6050 6054 6053
f 6044 6088 6093
f 6093 6088 6094
f 6086 6082 6095
f 6095 6082 6081
f 6083 6082 6066
f 6066 6082 6085
f 6093 6094 6083
f 6083 6094 6084
f 6072 6063 6085
f 6085 6063 6066
f 6051 6086 6096
f 6096 6086 6095
f 6048 6092 6061
f 6061 6092 6089
f 5656 5655 6090
f 6090 5655 6074
f 6091 6047 6096
f 6096 6047 6051
f 6071 6055 6076
f 6076 6055 6054
f 6082 6086 6085
f 6085 6086 6080
f 6093 6083 6065
f 6065 6083 6066
f 6044 6093 6045
f 6045 6093 6065
f 6096 6095 6098
f 6098 6095 6097
f 6096 6098 6091
f 6091 6098 6099
f 6091 6099 6092
f 6092 6099 6100
f 6092 6100 6089
f 6089 6100 6101
f 6095 6081 6097
f 6097 6081 6102
f 6081 6084 6102
f 6102 6084 6103
f 6103 6084 6104
f 6104 6084 6094
f 6106 6097 6105
f 6105 6097 6102
f 6107 6108 6110
f 6110 6108 6109
f 6111 6112 6108
f 6108 6112 6109
f 6109 6112 6114
f 6114 6112 6113
f 6114 6115 6117
f 6117 6115 6116
f 6113 6118 6114
f 6114 6118 6115
f 6117 6110 6114
f 6114 6110 6109
f 6110 6119 6107
f 6107 6119 6120
f 6112 6111 6113
f 6113 6111 6121
f 6111 6099 6121
f 6121 6099 6098
f 6111 6122 6099
f 6099 6122 6100
f 6123 6122 6108
f 6108 6122 6111
f 6124 6123 6107
f 6107 6123 6108
f 6113 6121 6118
f 6118 6121 6106
f 6106 6121 6097
f 6097 6121 6098
f 6125 6124 6120
f 6120 6124 6107
f 6126 6123 6127
f 6127 6123 6124
f 6125 6128 6124
f 6124 6128 6127
f 6129 6126 6130
f 6130 6126 6127
f 6126 6129 6132
f 6132 6129 6131
f 6128 6133 6127
f 6127 6133 6130
f 6123 6126 6122
f 6122 6126 6132
f 6122 6132 6100
f 6100 6132 6101
f 6120 6134 6125
f 6125 6134 6135
f 6120 6119 6134
f 6134 6119 6136
f 6115 6118 6137
f 6137 6118 6106
f 6115 6137 6116
f 6116 6137 6138
f 6137 6106 6139
f 6139 6106 6105
f 6138 6137 6140
f 6140 6137 6139
f 6141 6142 6138
f 6138 6142 6116
f 6136 6142 6134
f 6134 6142 6141
f 6089 6101 6087
f 6087 6101 6143
f 6088 6144 6094
f 6094 6144 6104
f 6143 6144 6087
f 6087 6144 6088
f 6131 6145 6143
f 6143 6145 6144
f 6129 6146 6131
f 6131 6146 6145
f 6144 6145 6104
f 6104 6145 6147
f 6143 6101 6131
f 6131 6101 6132
f 6148 6103 6147
f 6147 6103 6104
f 6103 6148 6102
f 6102 6148 6105
f 6148 6149 6105
f 6105 6149 6139
f 6149 6148 6150
f 6150 6148 6147
f 6151 6149 6152
f 6152 6149 6150
f 6145 6146 6147
f 6147 6146 6150
f 6146 6153 6150
f 6150 6153 6152
f 6149 6151 6139
f 6139 6151 6140
f 6155 6140 6154
f 6154 6140 6151
f 6154 6157 6156
f 6156 6157 6158
f 6154 6151 6157
f 6157 6151 6152
f 6154 6156 6155
f 6155 6156 6135
f 6155 6135 6141
f 6141 6135 6134
f 6141 6138 6155
f 6155 6138 6140
f 6146 6129 6153
f 6153 6129 6130
f 6158 6153 6133
f 6133 6153 6130
f 6158 6157 6153
f 6153 6157 6152
f 6156 6158 6128
f 6128 6158 6133
f 6128 6125 6156
f 6156 6125 6135
f 6110 6117 6119
f 6119 6117 6136
f 6136 6117 6142
f 6142 6117 6116
f 6055 5615 6056
f 6056 5615 5752
f 6060 6059 6063
f 6063 6059 6064
f 6077 6070 6078
f 6078 6070 6069
f 6069 6071 6078
f 6078 6071 6076
f 6159 6057 6075
f 6075 6057 6060
f 6059 6070 6064
f 6064 6070 6077
f 6056 5752 6090
f 6090 5752 5656
f 6090 6074 6079
f 6079 6074 6073
f 6055 6071 5615
f 5615 6071 5653
f 5547 5471 6160
f 6160 5471 6161
f 5729 5577 6163
f 6163 5577 6162
f 5577 5576 6162
f 6162 5576 6164
f 5713 6165 5711
f 5711 6165 6166
f 5474 5729 6167
f 6167 5729 6163
f 5750 5547 6168
f 6168 5547 6160
f 5471 5474 6161
f 6161 5474 6167
f 6169 5712 6168
f 6168 5712 5750
f 5711 6166 5576
f 5576 6166 6164
f 6165 5713 6169
f 6169 5713 5712
f 6168 6170 6169
f 6169 6170 6171
f 6169 6171 6165
f 6165 6171 6172
f 6165 6172 6166
f 6166 6172 6173
f 6166 6173 6164
f 6164 6173 6174
f 6168 6160 6170
f 6170 6160 6175
f 6160 6161 6175
f 6175 6161 6176
f 6161 6167 6176
f 6176 6167 6177
f 6179 6170 6178
f 6178 6170 6175
f 6181 6182 6180
f 6180 6182 6183
f 6184 6185 6181
f 6181 6185 6182
f 6186 6187 6185
f 6185 6187 6182
f 6186 6188 6187
f 6187 6188 6189
f 6190 6183 6187
f 6187 6183 6182
f 6183 6190 6191
f 6191 6190 6192
f 6191 6193 6183
f 6183 6193 6180
f 6186 6185 6194
f 6194 6185 6184
f 6184 6172 6194
f 6194 6172 6171
f 6184 6195 6172
f 6172 6195 6173
f 6181 6196 6184
f 6184 6196 6195
f 6196 6181 6197
f 6197 6181 6180
f 6186 6194 6188
f 6188 6194 6179
f 6179 6194 6170
f 6170 6194 6171
f 6193 6198 6180
f 6180 6198 6197
f 6199 6196 6200
f 6200 6196 6197
f 6198 6201 6197
f 6197 6201 6200
f 6202 6199 6203
f 6203 6199 6200
f 6199 6202 6205
f 6205 6202 6204
f 6201 6206 6200
f 6200 6206 6203
f 6196 6199 6195
f 6195 6199 6205
f 6195 6205 6173
f 6173 6205 6174
f 6198 6193 6208
f 6208 6193 6207
f 6193 6191 6207
f 6207 6191 6192
f 6189 6188 6209
f 6209 6188 6179
f 6210 6189 6211
f 6211 6189 6209
f 6209 6179 6212
f 6212 6179 6178
f 6211 6209 6213
f 6213 6209 6212
f 6211 6214 6210
f 6210 6214 6215
f 6192 6215 6207
f 6207 6215 6214
f 6190 6187 6210
f 6210 6187 6189
f 6192 6190 6215
f 6215 6190 6210
f 6162 6164 6216
f 6216 6164 6174
f 6167 6163 6177
f 6177 6163 6217
f 6216 6217 6162
f 6162 6217 6163
f 6204 6218 6216
f 6216 6218 6217
f 6202 6219 6204
f 6204 6219 6218
f 6217 6218 6177
f 6177 6218 6220
f 6216 6174 6204
f 6204 6174 6205
f 6221 6176 6220
f 6220 6176 6177
f 6176 6221 6175
f 6175 6221 6178
f 6221 6222 6178
f 6178 6222 6212
f 6222 6221 6223
f 6223 6221 6220
f 6224 6222 6225
f 6225 6222 6223
f 6218 6219 6220
f 6220 6219 6223
f 6219 6226 6223
f 6223 6226 6225
f 6222 6224 6212
f 6212 6224 6213
f 6228 6213 6227
f 6227 6213 6224
f 6229 6227 6231
f 6231 6227 6230
f 6227 6224 6230
f 6230 6224 6225
f 6227 6229 6228
f 6228 6229 6208
f 6228 6208 6214
f 6214 6208 6207
f 6214 6211 6228
f 6228 6211 6213
f 6219 6202 6226
f 6226 6202 6203
f 6231 6226 6206
f 6206 6226 6203
f 6231 6230 6226
f 6226 6230 6225
f 6229 6231 6201
f 6201 6231 6206
f 6201 6198 6229
f 6229 6198 6208
f 5674 5672 5661
f 5661 5672 5662
f 5662 5672 5663
f 5663 5672 5646
f 5651 6042 5652
f 5652 6042 5973
f 5518 5517 5751
f 5751 5517 5733
f 5738 5660 5753
f 5753 5660 5637
f 5752 5636 5656
f 5656 5636 5526
f 5952 6042 5593
f 5593 6042 5651
f 5593 5651 5594
f 5594 5651 5650
f 5600 5737 5514
f 5514 5737 5515
f 5546 5545 5740
f 5740 5545 6232
f 6232 6058 5740
f 5740 6058 6057
f 6067 6058 6233
f 6233 6058 6232
f 6233 6232 6234
f 6234 6232 5545
f 6234 5545 6235
f 6235 5545 5544
f 5606 6236 5543
f 5543 6236 5544
f 6235 5544 5539
f 5539 5544 6236
f 6237 6235 5542
f 5542 6235 5539
f 6235 6237 6234
f 6234 6237 6238
f 6234 6238 6233
f 6233 6238 6239
f 5653 6068 5650
f 5650 6068 6239
f 5642 5513 6240
f 6240 5513 5516
f 5539 6236 5540
f 5540 6236 5606
f 5636 5614 5637
f 5637 5614 5753
f 6239 5737 5650
f 5650 5737 5594
f 6239 6068 6233
f 6233 6068 6067
f 6075 6074 6159
f 6159 6074 5655
f 6057 6159 5740
f 5740 6159 5655
f 5515 5737 6238
f 6238 5737 6239
f 6238 6237 5515
f 5515 6237 5516
f 5542 6240 6237
f 6237 6240 5516
f 6240 5542 5642
f 5642 5542 5541
f 5702 5699 5541
f 5541 5699 5642
f 5582 5475 5717
f 5470 5443 5537
f 5537 5443 5504
f 5469 5444 5470
f 5470 5444 5443
f 5726 5557 5727
f 5727 5557 5556
f 5537 5504 5511
f 5511 5504 5506
f 5504 5503 5506
f 5506 5503 5507
f 5503 5455 5507
f 5507 5455 5581
f 5455 5454 5581
f 5581 5454 5456
f 5473 5453 5474
f 5474 5453 5729
f 5457 5454 5473
f 5473 5454 5453
f 5473 5472 5457
f 5457 5472 5686
f 5472 5548 5686
f 5686 5548 5687
f 5749 5693 5548
f 5548 5693 5687
f 5715 5532 5749
f 5749 5532 5693
f 5714 5486 5715
f 5715 5486 5532
f 5714 5710 5486
f 5486 5710 5449
f 5728 5578 5729
f 5729 5578 5577
f 5452 5445 5698
f 5698 5445 5558
f 5445 5444 5558
f 5558 5444 5556
f 5444 5469 5556
f 5556 5469 5727
f 5469 5468 5727
f 5727 5468 5555
f 5468 5747 5555
f 5555 5747 5552
f 5747 5700 5552
f 5552 5700 5716
f 5700 5699 5716
f 5716 5699 5717
f 5699 5702 5717
f 5717 5702 5582
f 5702 5701 5582
f 5582 5701 5583
f 5726 5479 5557
f 5557 5479 5483
f 5483 5479 5484
f 5484 5479 5482
f 5534 5533 5482
f 5482 5533 5484
f 5691 5688 5534
f 5534 5688 5533
f 5644 5647 5691
f 5691 5647 5688
f 5719 5746 5701
f 5701 5746 5583
f 5718 5497 5719
f 5719 5497 5746
f 5718 5605 5654
f 5654 5605 5638
f 5498 5654 5657
f 5657 5654 5633
f 5497 5718 5498
f 5498 5718 5654
f 5657 5527 5498
f 5498 5527 5494
f 5528 5570 5495
f 5495 5570 5521
f 5665 5668 5528
f 5528 5668 5570
f 5664 5671 5665
f 5665 5671 5668
f 5645 5741 5664
f 5664 5741 5671
f 5644 5696 5645
f 5645 5696 5741
f 5710 5575 5449
f 5449 5575 5450
f 5575 5578 5450
f 5450 5578 5698
f 5578 5728 5698
f 5698 5728 5452
f 5452 5728 5451
f 5451 5728 5453
f 3619 6241 3620
f 3620 6241 6242
f 6243 6244 3628
f 3628 6244 3629
f 6245 6246 3634
f 3634 6246 3631
f 6247 6248 3636
f 3636 6248 3637
f 6249 6250 3642
f 3642 6250 3639
f 3639 6250 3643
f 3643 6250 6251
f 3743 6252 3744
f 3744 6252 6253
f 6246 6243 3631
f 3631 6243 3628
f 3753 6254 3754
f 3754 6254 6255
f 3857 6256 3619
f 3619 6256 6241
f 6257 6245 3932
f 3932 6245 3634
f 6242 6247 3620
f 3620 6247 3636
f 6258 6259 3946
f 3946 6259 3947
f 6260 6249 3948
f 3948 6249 3642
f 6244 6258 3629
f 3629 6258 3946
f 3947 6259 3753
f 3753 6259 6254
f 6248 6260 3637
f 3637 6260 3948
f 3643 6251 3743
f 3743 6251 6252
f 3744 6253 3932
f 3932 6253 6257
f 6250 6249 6251
f 6251 6249 6252
f 6245 6261 6246
f 6246 6261 6262
f 6263 6264 6247
f 6247 6264 6248
f 6252 6265 6253
f 6253 6265 6266
f 6246 6262 6243
f 6243 6262 6267
f 6268 6261 6257
f 6257 6261 6245
f 6269 6263 6242
f 6242 6263 6247
f 6270 6271 6260
f 6260 6271 6249
f 6264 6270 6248
f 6248 6270 6260
f 6253 6266 6257
f 6257 6266 6268
f 6249 6271 6252
f 6252 6271 6265
f 6254 6259 6272
f 6272 6259 6273
f 6266 6265 6270
f 6270 6265 6271
f 6268 6266 6264
f 6264 6266 6270
f 6261 6268 6263
f 6263 6268 6264
f 6269 6262 6263
f 6263 6262 6261
f 4186 4185 6274
f 6274 4185 6275
f 6241 6276 6242
f 6242 6276 6269
f 6258 6244 6277
f 6277 6244 6278
f 6256 6279 6241
f 6241 6279 6276
f 6259 6258 6273
f 6273 6258 6277
f 6243 6267 6244
f 6244 6267 6278
f 6276 6267 6269
f 6269 6267 6262
f 6254 6272 6255
f 6255 6272 6280
f 3865 3713 3888
f 3888 3713 3685
f 5242 5233 3892
f 3892 5233 3711
f 3900 5243 3892
f 3892 5243 5242
f 3734 3866 3900
f 3900 3866 5243
f 4117 6281 4118
f 4118 6281 6282
f 4118 6282 4278
f 4278 6282 4879
f 4717 4887 4718
f 4718 4887 4280
f 4792 4278 4882
f 4882 4278 4879
f 4795 4792 6283
f 6283 4792 4882
f 4852 4851 5012
f 5012 4851 6284
f 4856 5207 4857
f 4857 5207 4858
f 4860 4279 4857
f 4857 4279 4854
f 4718 4280 4860
f 4860 4280 4279
f 4864 4863 4745
f 4745 4863 4742
f 5366 4867 5011
f 5011 4867 4866
f 4871 4884 4872
f 4872 4884 4883
f 4872 4883 4117
f 4117 4883 6281
f 6284 4851 6283
f 6283 4851 4795
f 4852 4866 4853
f 4853 4866 4865
f 4871 4870 4856
f 4856 4870 5207
f 4717 4716 4864
f 4864 4716 4861
f 4868 4867 4862
f 4862 4867 4863
f 4268 4855 4269
f 4269 4855 4854
f 4281 4274 4282
f 4282 4274 4765
f 4744 4743 4907
f 4907 4743 4904
f 4874 4881 4820
f 4820 4881 4880
f 4885 5013 4886
f 4886 5013 4980
f 4888 4275 4281
f 4281 4275 4274
f 4902 6282 4903
f 4903 6282 6281
f 6283 4979 6284
f 6284 4979 4978
f 4282 4765 4269
f 4269 4765 4266
f 4880 4879 4902
f 4902 4879 6282
f 4903 6281 4886
f 4886 6281 4883
f 4882 4881 6283
f 6283 4881 4979
f 5013 4885 4267
f 4267 4885 4268
f 4888 4887 4744
f 4744 4887 4745
f 4410 6285 4411
f 4411 6285 4812
f 4750 4749 6286
f 6286 4749 6287
f 6289 4695 6288
f 6288 4695 4255
f 4750 4675 4751
f 4751 4675 4965
f 6290 6291 4963
f 4963 6291 4960
f 4807 4806 4411
f 4411 4806 4408
f 6292 6293 4959
f 4959 6293 4956
f 4958 6294 4959
f 4959 6294 4955
f 4962 4964 4963
f 4963 4964 4805
f 4962 4961 4751
f 4751 4961 4748
f 6296 6297 6295
f 6295 6297 6298
f 6299 6300 6288
f 6288 6300 4735
f 6302 4961 6301
f 6301 4961 4960
f 6304 6287 6303
f 6303 6287 4749
f 4968 6305 4969
f 4969 6305 6306
f 4413 6308 6307
f 6307 6308 4900
f 6301 4960 6309
f 6309 4960 6291
f 4412 4408 6310
f 6310 4408 4806
f 4696 6311 4256
f 4256 6311 6312
f 6303 4749 6313
f 6313 4749 4748
f 6313 4748 6302
f 6302 4748 4961
f 6315 6316 6314
f 6314 6316 6317
f 4084 6318 6315
f 6315 6318 6316
f 4083 6319 4084
f 4084 6319 6318
f 4112 6320 4083
f 4083 6320 6319
f 6322 4138 6321
f 6321 4138 4137
f 6324 4128 6323
f 6323 4128 4127
f 4127 4193 6323
f 6323 4193 6325
f 4193 4891 6325
f 6325 4891 6326
f 4891 6327 6326
f 6326 6327 6328
f 6327 4824 5227
f 5227 4824 5228
f 5231 4684 6329
f 6329 4684 4683
f 4683 4099 6329
f 6329 4099 6330
f 4099 4102 6330
f 6330 4102 6331
f 4174 4826 4429
f 4429 4826 4829
f 4173 4741 4174
f 4174 4741 4826
f 4180 4738 4173
f 4173 4738 4741
f 6332 6333 4180
f 4180 6333 4738
f 6274 6334 4186
f 4186 6334 4188
f 4181 4825 4180
f 4180 4825 6332
f 5044 5213 5045
f 5045 5213 5165
f 5046 5087 5047
f 5047 5087 5222
f 5077 5063 5078
f 5078 5063 5198
f 5081 5099 5082
f 5082 5099 5194
f 5095 5074 5096
f 5096 5074 5073
f 5373 5170 5096
f 5096 5170 5093
f 5375 5171 5373
f 5373 5171 5170
f 5047 5222 5375
f 5375 5222 5171
f 5046 5038 5376
f 5376 5038 5067
f 5377 5086 5376
f 5376 5086 5085
f 5045 5165 5377
f 5377 5165 5086
f 5378 5214 5044
f 5044 5214 5213
f 5077 5034 5378
f 5378 5034 5214
f 5082 5194 5078
f 5078 5194 5035
f 5081 5080 5379
f 5379 5080 6335
f 5379 6335 5095
f 5095 6335 5074
f 5032 5080 5033
f 5033 5080 5079
f 5040 5017 5041
f 5041 5017 5016
f 5050 5043 5051
f 5051 5043 5042
f 5065 5023 5066
f 5066 5023 5022
f 5050 5049 5065
f 5065 5049 5023
f 5041 5016 5068
f 5068 5016 5020
f 5071 5374 5072
f 5072 5374 5200
f 5075 5156 5076
f 5076 5156 5155
f 5162 5212 5068
f 5068 5212 5067
f 5075 5074 5192
f 5192 5074 6335
f 5066 5022 5199
f 5199 5022 5196
f 5076 5155 5072
f 5072 5155 5069
f 5040 5039 5071
f 5071 5039 5374
f 5162 5161 5051
f 5051 5161 5048
f 5192 6335 5032
f 5032 6335 5080
f 5199 5196 5033
f 5033 5196 5030
f 5018 5211 5019
f 5019 5211 5408
f 5019 5408 5021
f 5021 5408 5163
f 5024 5057 5025
f 5025 5057 5415
f 5028 5048 5029
f 5029 5048 5161
f 5054 5031 5055
f 5055 5031 5030
f 5024 5023 5058
f 5058 5023 5049
f 5061 5070 5062
f 5062 5070 5069
f 5157 5438 5158
f 5158 5438 5442
f 5160 5191 5054
f 5054 5191 5031
f 5029 5161 5021
f 5021 5161 5020
f 5025 5415 5197
f 5197 5415 5220
f 5158 5442 5062
f 5062 5442 5059
f 5018 5017 5061
f 5061 5017 5070
f 5160 5159 5157
f 5157 5159 5438
f 5028 5027 5058
f 5058 5027 5056
f 5055 5030 5197
f 5197 5030 5196
f 5409 5380 5410
f 5410 5380 6336
f 5026 5413 5027
f 5027 5413 5412
f 5396 5417 5393
f 5393 5417 5416
f 5416 5057 5419
f 5419 5057 5056
f 5417 5396 5426
f 5426 5396 5420
f 5427 5423 5428
f 5428 5423 5422
f 5427 5059 5430
f 5430 5059 5442
f 5409 5408 5433
f 5433 5408 5211
f 5433 5211 5428
f 5428 5211 5060
f 5412 5411 5419
f 5419 5411 5418
f 5436 5053 5437
f 5437 5053 5052
f 5439 5402 5440
f 5440 5402 5401
f 5436 5435 5439
f 5439 5435 5402
f 5410 6336 5413
f 5413 6336 5414
f 5440 5401 5430
f 5430 5401 5429
f 5426 5420 5437
f 5437 5420 5434
f 5382 5432 5383
f 5383 5432 5384
f 5386 6336 5383
f 5383 6336 5380
f 6336 5386 5414
f 5414 5386 5388
f 5391 5418 5392
f 5392 5418 5411
f 5705 5395 5704
f 5704 5395 5394
f 5399 5435 5400
f 5400 5435 5434
f 5403 5441 5404
f 5404 5441 5405
f 5407 5429 5404
f 5404 5429 5401
f 5395 5705 5421
f 5421 5705 5748
f 5424 5706 5425
f 5425 5706 5431
f 5391 5390 5394
f 5394 5390 5704
f 5392 5388 5389
f 5389 5388 5387
f 5382 5381 5425
f 5425 5381 5422
f 5407 5406 5424
f 5424 5406 5706
f 5403 5402 5399
f 5399 5402 5435
f 5421 5748 5400
f 5400 5748 5397
f 4097 4721 4098
f 4098 4721 4231
f 4233 5273 4098
f 4098 5273 4095
f 6337 6338 4785
f 4785 6338 4786
f 4076 4780 4073
f 4073 4780 4781
f 4782 4190 4781
f 4781 4190 4073
f 4783 4901 4782
f 4782 4901 4190
f 4780 4076 4097
f 4097 4076 4721
f 6337 2879 4701
f 4701 2879 2878
f 5280 6339 5272
f 5272 6339 6340
f 5282 5281 6341
f 6341 5281 6342
f 4109 6302 4110
f 4110 6302 6301
f 4283 6304 4284
f 4284 6304 6303
f 6305 4379 6306
f 6306 4379 4378
f 4110 6301 4428
f 4428 6301 6309
f 6310 4688 4412
f 4412 4688 4687
f 4284 6303 4753
f 4753 6303 6313
f 4753 6313 4109
f 4109 6313 6302
f 6343 5226 4428
f 4428 5226 4427
f 4147 4900 4416
f 4416 4900 6308
f 6312 6311 4241
f 4241 6311 4720
f 5223 6344 4702
f 4702 6344 4699
f 4221 4220 6345
f 6345 4220 6346
f 5276 5275 6347
f 6347 5275 6348
f 5275 4728 6348
f 6348 4728 6349
f 4727 6350 5284
f 5284 6350 5285
f 6351 6352 6354
f 6354 6352 6353
f 5313 5312 5292
f 5292 5312 5293
f 5312 5344 5293
f 5293 5344 5337
f 5344 4914 5337
f 5337 4914 4916
f 4914 4913 4916
f 4916 4913 4917
f 4913 6355 4917
f 4917 6355 4978
f 6356 6357 6284
f 6284 6357 5012
f 6357 6358 5012
f 5012 6358 5011
f 5011 6358 5366
f 5366 6358 6359
f 6360 4742 6359
f 6359 4742 5366
f 4743 6361 4904
f 4904 6361 5364
f 5363 4905 5364
f 5364 4905 4904
f 5363 6362 4905
f 4905 6362 4207
f 6362 6363 4207
f 4207 6363 4208
f 6363 5342 4208
f 4208 5342 5330
f 5342 5341 5330
f 5330 5341 4244
f 5341 6364 4244
f 4244 6364 4245
f 6364 6365 4245
f 4245 6365 4246
f 6366 6367 4253
f 4253 6367 4250
f 4214 6368 4211
f 4211 6368 4380
f 4380 4379 4211
f 4211 4379 4283
f 4379 6305 4283
f 4283 6305 6304
f 6305 4968 6304
f 6304 4968 6287
f 4968 4967 6287
f 6287 4967 6286
f 4967 6297 6286
f 6286 6297 4676
f 6296 4376 4288
f 4288 4376 4285
f 4376 4373 4285
f 4285 4373 4290
f 6369 6370 6372
f 6372 6370 6371
f 5245 6373 5246
f 5246 6373 6374
f 4317 6375 4318
f 4318 6375 6376
f 4331 6377 4332
f 4332 6377 6378
f 6379 4333 6376
f 6376 4333 4318
f 4343 6380 4344
f 4344 6380 6381
f 4347 6382 4348
f 4348 6382 6383
f 4374 6371 4331
f 4331 6371 6377
f 4333 6379 4426
f 4426 6379 6384
f 4690 6385 4347
f 4347 6385 6382
f 4332 6378 4317
f 4317 6378 6375
f 4922 6386 4923
f 4923 6386 6387
f 6388 6389 4375
f 4375 6389 6390
f 6355 6356 4978
f 4978 6356 6284
f 4742 6360 4743
f 4743 6360 6361
f 6391 4238 6392
f 6392 4238 4719
f 6392 4719 6393
f 6393 4719 5296
f 6395 6396 6394
f 6394 6396 6397
f 6399 6400 6398
f 6398 6400 6401
f 6402 5302 6403
f 6403 5302 5303
f 5303 5321 6403
f 6403 5321 6404
f 5320 6405 5321
f 5321 6405 6404
f 5319 6406 5350
f 5350 6406 5351
f 5319 5318 6406
f 6406 5318 6407
f 5288 4197 6408
f 6408 4197 6409
f 4217 4216 6410
f 6410 4216 6411
f 5227 6412 6327
f 6327 6412 6328
f 4892 6413 5227
f 5227 6413 6412
f 4228 6414 4892
f 4892 6414 6413
f 4227 6415 4228
f 4228 6415 6414
f 4248 6416 4227
f 4227 6416 6415
f 4247 6417 4248
f 4248 6417 6416
f 6417 4247 6419
f 6419 4247 6418
f 6419 6418 6421
f 6421 6418 6420
f 6422 5301 6423
f 6423 5301 5300
f 6423 5300 6424
f 6424 5300 6399
f 6408 6409 6398
f 6398 6409 6425
f 6426 6427 6397
f 6397 6427 6394
f 6428 4224 6429
f 6429 4224 4223
f 6347 6346 5276
f 5276 6346 4220
f 6346 6347 6341
f 6341 6347 6339
f 5280 5278 5282
f 5282 5278 4236
f 4896 5224 4684
f 4684 5224 4681
f 4132 4135 4896
f 4896 4135 5224
f 4131 4136 4132
f 4132 4136 4135
f 4226 4754 4131
f 4131 4754 4136
f 4251 4213 4226
f 4226 4213 4754
f 4250 4214 4251
f 4251 4214 4213
f 4250 6367 4214
f 4214 6367 6368
f 6367 4910 6368
f 6368 4910 4737
f 4909 5297 4736
f 4736 5297 5296
f 5297 6395 5296
f 5296 6395 6393
f 6427 6430 6394
f 6394 6430 6431
f 6429 4383 6428
f 6428 4383 4382
f 4219 5277 4220
f 4220 5277 5276
f 4222 4697 4383
f 4383 4697 4218
f 6345 4699 4221
f 4221 4699 6344
f 6342 4700 6345
f 6345 4700 4699
f 4235 4786 5281
f 5281 4786 6338
f 4234 4787 4235
f 4235 4787 4786
f 5279 5278 6432
f 6432 5278 5271
f 4237 5279 6433
f 6433 5279 6432
f 4787 4234 6433
f 6433 4234 4237
f 6435 6436 6434
f 6434 6436 6437
f 6359 6438 6360
f 6360 6438 6437
f 6439 6440 6441
f 6441 6440 6438
f 6443 6439 6442
f 6442 6439 6441
f 6357 6356 6442
f 6442 6356 6444
f 6444 6446 6445
f 6445 6446 6447
f 4912 6446 4913
f 4913 6446 6355
f 6361 6436 5364
f 5364 6436 5365
f 5319 5350 5316
f 5316 5350 6448
f 4832 6449 5350
f 5350 6449 6448
f 4831 6450 4832
f 4832 6450 6449
f 5354 6451 5320
f 5320 6451 6405
f 4265 6452 5354
f 5354 6452 6451
f 4264 6453 4265
f 4265 6453 6452
f 6450 4831 6447
f 6447 4831 6445
f 4263 6435 4264
f 4264 6435 6434
f 6454 6453 6439
f 6439 6453 6440
f 6439 6443 6454
f 6454 6443 4834
f 4833 6455 4834
f 4834 6455 6454
f 5351 6456 4833
f 4833 6456 6455
f 6457 6391 6458
f 6458 6391 6392
f 6458 6392 6431
f 6431 6392 6393
f 5298 6396 5297
f 5297 6396 6395
f 6402 6400 5302
f 5302 6400 5299
f 6402 6403 6459
f 6459 6403 6460
f 6460 6403 6461
f 6461 6403 6404
f 6405 6462 6404
f 6404 6462 6461
f 6406 6462 5351
f 5351 6462 6456
f 6406 6407 6462
f 6462 6407 6461
f 6407 6463 6461
f 6461 6463 6460
f 6463 6464 6460
f 6460 6464 6459
f 6464 6465 6459
f 6459 6465 6401
f 6430 6466 6431
f 6431 6466 6458
f 6466 6410 6458
f 6458 6410 6457
f 6410 6411 6457
f 6457 6411 6467
f 6396 6424 6397
f 6397 6424 6425
f 6393 6395 6431
f 6431 6395 6394
f 6451 6456 6405
f 6405 6456 6462
f 6452 6455 6451
f 6451 6455 6456
f 6453 6454 6452
f 6452 6454 6455
f 6443 6445 4834
f 4834 6445 4831
f 6440 6453 6434
f 6434 6453 4264
f 6468 5306 5360
f 5360 5306 5305
f 6469 4124 6468
f 6468 4124 5306
f 6470 4125 6469
f 6469 4125 4124
f 6471 5291 6470
f 6470 5291 4125
f 6353 5292 6471
f 6471 5292 5291
f 5292 6353 5313
f 5313 6353 6352
f 5347 5314 6352
f 6352 5314 5313
f 5353 5318 5346
f 5346 5318 5317
f 5334 6468 5358
f 5358 6468 5360
f 5324 6469 5334
f 5334 6469 6468
f 5323 6470 5324
f 5324 6470 6469
f 5343 6471 5323
f 5323 6471 6470
f 6354 6353 5343
f 5343 6353 6471
f 6348 6349 4270
f 4270 6349 5311
f 5272 6340 5273
f 5273 6340 4272
f 6432 5271 4232
f 4232 5271 4233
f 4294 6432 4295
f 4295 6432 4232
f 6432 4294 6433
f 6433 4294 4301
f 4301 4300 6433
f 6433 4300 4787
f 4704 4784 4300
f 4300 4784 4787
f 4704 3013 4784
f 4784 3013 1307
f 5103 6472 5104
f 5104 6472 5202
f 5108 5116 5105
f 5105 5116 5115
f 5111 5124 5112
f 5112 5124 5123
f 5154 5205 5105
f 5105 5205 5106
f 5167 5180 5168
f 5168 5180 5185
f 5175 5188 5176
f 5176 5188 5187
f 5112 5123 5178
f 5178 5123 5120
f 5167 5090 5183
f 5183 5090 5089
f 5210 5151 5183
f 5183 5151 5181
f 5216 5138 5217
f 5217 5138 5137
f 5218 5119 5219
f 5219 5119 5221
f 5218 5178 5119
f 5119 5178 5120
f 5217 5137 5104
f 5104 5137 5101
f 5116 5108 5221
f 5221 5108 5219
f 5111 5110 5210
f 5210 5110 5151
f 5154 5153 5103
f 5103 5153 6472
f 5216 5215 5176
f 5176 5215 5173
f 5175 5174 5168
f 5168 5174 5166
f 5091 5172 5092
f 5092 5172 5208
f 5117 5037 5118
f 5118 5037 5036
f 5121 5164 5122
f 5122 5164 5133
f 5125 5084 5126
f 5126 5084 5083
f 5129 5174 5130
f 5130 5174 5173
f 5131 5202 5132
f 5132 5202 6472
f 5135 5221 5122
f 5122 5221 5119
f 5125 5124 5136
f 5136 5124 5209
f 5126 5083 5121
f 5121 5083 5164
f 5118 5036 5195
f 5195 5036 5193
f 5131 5097 5203
f 5203 5097 5114
f 5132 6472 5195
f 5195 6472 5153
f 5136 5209 5092
f 5092 5209 5089
f 5135 5134 5117
f 5117 5134 5037
f 5362 5206 5130
f 5130 5206 5127
f 5372 5371 5128
f 5128 5371 5129
f 5371 5372 5091
f 5091 5372 5172
f 5362 5215 5203
f 5203 5215 5201
f 6463 6407 5353
f 5353 6407 5318
f 6464 6463 5352
f 5352 6463 5353
f 6408 6465 5288
f 5288 6465 5289
f 4196 4224 6426
f 6426 4224 6427
f 6430 6427 6428
f 6428 6427 4224
f 6466 6430 4382
f 4382 6430 6428
f 6410 6466 4217
f 4217 6466 4382
f 4240 4239 3015
f 3015 4239 3016
f 4254 4257 3017
f 3017 4257 3018
f 6473 6474 4732
f 4732 6474 6475
f 6474 6374 6475
f 6475 6374 6373
f 5246 6374 3022
f 3022 6374 3023
f 4254 6299 4255
f 4255 6299 6288
f 6473 6300 3024
f 3024 6300 3025
f 6476 4257 6312
f 6312 4257 4256
f 4240 6476 4241
f 4241 6476 6312
f 6477 4239 6391
f 6391 4239 4238
f 6467 6477 6457
f 6457 6477 6391
f 6411 3029 6467
f 6467 3029 3028
f 4216 3030 6411
f 6411 3030 3029
f 6479 6480 6478
f 6478 6480 6481
f 6483 6484 6482
f 6482 6484 6485
f 6486 6487 4102
f 4102 6487 6331
f 6483 6488 6478
f 6478 6488 6489
f 4429 4829 6490
f 6490 4829 6479
f 6491 6486 4101
f 4101 6486 4102
f 4895 6491 4899
f 4899 6491 4101
f 4160 6488 4157
f 4157 6488 6492
f 6489 4087 6490
f 6490 4087 4090
f 4267 4261 5013
f 5013 4261 4260
f 4258 4261 5328
f 5328 4261 4975
f 4261 4267 4975
f 4975 4267 4266
f 5367 3793 3912
f 3912 3793 3575
f 6494 3616 6493
f 6493 3616 3795
f 6496 3589 6495
f 6495 3589 3588
f 6495 3588 5368
f 5368 3588 3794
f 3841 3840 3050
f 3050 3840 3051
f 3912 3911 3052
f 3052 3911 3053
f 3929 3930 3054
f 3054 3930 3055
f 5370 3930 3916
f 3916 3930 3923
f 3938 5369 3807
f 3807 5369 3915
f 3589 6496 3806
f 3806 6496 3937
f 3938 3937 3056
f 3056 3937 3057
f 3051 3840 3058
f 3058 3840 3943
f 3730 4808 3727
f 3727 4808 3943
f 3820 3951 3795
f 3795 3951 6493
f 3951 3841 3059
f 3059 3841 3050
f 3911 3574 6494
f 6494 3574 3616
f 3823 3929 3824
f 3824 3929 3952
f 4061 4060 3060
f 3060 4060 3061
f 6497 6498 4901
f 4901 6498 4790
f 6333 6499 4738
f 4738 6499 4739
f 6500 6501 6314
f 6314 6501 4418
f 6502 6275 4417
f 4417 6275 4185
f 6503 6497 4783
f 4783 6497 4901
f 6498 4060 4790
f 4790 4060 4059
f 4808 4061 3069
f 3069 4061 3060
f 5367 3071 5368
f 5368 3071 3070
f 5369 3073 5370
f 5370 3073 3072
f 6274 6275 3074
f 3074 6275 3075
f 6499 6504 4739
f 4739 6504 6317
f 6333 6332 3077
f 3077 6332 3078
f 6334 6274 3079
f 3079 6274 3074
f 6332 4825 3078
f 3078 4825 3080
f 6334 6503 4188
f 4188 6503 4783
f 4825 4689 3080
f 3080 4689 1330
f 6506 4747 6505
f 6505 4747 4746
f 6505 6507 6506
f 6506 6507 6508
f 4297 6509 4920
f 4920 6509 6510
f 4296 6511 4297
f 4297 6511 6509
f 6506 6508 4319
f 4319 6508 6512
f 4372 4371 6514
f 6514 4371 6513
f 6511 4296 5251
f 5251 4296 4305
f 5251 5250 6511
f 6511 5250 6515
f 6516 6509 6515
f 6515 6509 6511
f 6517 6507 6519
f 6519 6507 6518
f 6512 6520 6513
f 6513 6520 6514
f 6507 6517 6508
f 6508 6517 6521
f 5249 6523 6522
f 6522 6523 6524
f 6525 6370 5253
f 5253 6370 6526
f 4370 4323 4371
f 4371 4323 4326
f 4370 3103 4323
f 4323 3103 1541
f 6521 6517 6527
f 6527 6517 6519
f 6520 6528 6514
f 6514 6528 6529
f 6531 6532 6530
f 6530 6532 6533
f 5250 6534 6515
f 6515 6534 6535
f 6530 6533 6536
f 6536 6533 6537
f 6526 6538 6534
f 6534 6538 6537
f 6515 6535 6516
f 6516 6535 6539
f 4325 4321 4326
f 4326 4321 4320
f 4371 4326 6513
f 6513 4326 4320
f 6531 4731 6541
f 6541 4731 6540
f 4731 4730 6540
f 6540 4730 6542
f 4730 3121 6542
f 6542 3121 3120
f 6530 4328 6531
f 6531 4328 4731
f 4328 6530 4329
f 4329 6530 6536
f 4329 6536 6524
f 6524 6536 6543
f 6544 6545 6522
f 6522 6545 5248
f 6389 6388 5245
f 5245 6388 6373
f 6388 6546 6373
f 6373 6546 6475
f 4733 6546 6295
f 6295 6546 4377
f 4732 6475 4733
f 4733 6475 6546
f 4393 4432 4394
f 4394 4432 4435
f 4434 4672 4842
f 4842 4672 4671
f 4440 4439 4441
f 4441 4439 4438
f 4436 4450 4437
f 4437 4450 4398
f 4447 4444 4448
f 4448 4444 4392
f 4446 4464 4433
f 4433 4464 6547
f 4454 4423 4455
f 4455 4423 4422
f 4452 4481 4453
f 4453 4481 4480
f 4458 4389 4459
f 4459 4389 4388
f 4456 4471 4457
f 4457 4471 4468
f 4391 4460 4392
f 4392 4460 4448
f 4461 4467 4445
f 4445 4467 4465
f 4437 4398 4629
f 4629 4398 4397
f 4438 4628 4441
f 4441 4628 4631
f 4841 4629 4839
f 4839 4629 4397
f 4628 4842 4631
f 4631 4842 4671
f 4930 4989 4452
f 4452 4989 4481
f 4929 4927 4436
f 4436 4927 4450
f 4933 4387 4934
f 4934 4387 4386
f 4931 4475 4932
f 4932 4475 4474
f 4936 4449 4933
f 4933 4449 4387
f 4935 4472 4456
f 4456 4472 4471
f 4389 4458 4391
f 4391 4458 4460
f 4457 4468 4461
f 4461 4468 4467
f 4934 4386 4454
f 4454 4386 4423
f 4453 4480 4931
f 4931 4480 4475
f 4575 4997 4576
f 4576 4997 4639
f 4579 4596 4580
f 4580 4596 4595
f 4583 4582 4572
f 4572 4582 4569
f 4587 4944 4588
f 4588 4944 4562
f 4588 4562 4590
f 4590 4562 4561
f 4576 4639 4642
f 4642 4639 4638
f 4642 4845 4641
f 4641 4845 4846
f 4845 4590 4846
f 4846 4590 4561
f 4941 4938 4595
f 4595 4938 4580
f 4938 4940 4668
f 4668 4940 4669
f 4583 4942 4584
f 4584 4942 4947
f 4582 4587 4569
f 4569 4587 4586
f 5000 5001 4579
f 4579 5001 4596
f 4558 4560 4585
f 4585 4560 4586
f 4565 4639 4566
f 4566 4639 4997
f 4568 4567 4577
f 4577 4567 4578
f 4570 4554 4571
f 4571 4554 4556
f 4640 4565 4637
f 4637 4565 4546
f 4662 4664 4665
f 4665 4664 4844
f 4662 4558 4589
f 4589 4558 4585
f 4554 4570 4557
f 4557 4570 4560
f 4571 4667 4572
f 4572 4667 4943
f 4551 4670 4552
f 4552 4670 4666
f 4640 4664 4638
f 4638 4664 4663
f 4670 4568 4668
f 4668 4568 4577
f 4999 4996 4566
f 4566 4996 4543
f 4608 4564 4603
f 4603 4564 4563
f 4573 4593 4574
f 4574 4593 4592
f 4597 4614 4598
f 4598 4614 4613
f 4601 4600 4584
f 4584 4600 4581
f 4563 4562 4604
f 4604 4562 4944
f 4643 4593 4641
f 4641 4593 4573
f 4643 4847 4644
f 4644 4847 4848
f 4564 4847 4561
f 4561 4847 4846
f 4945 4941 4598
f 4598 4941 4595
f 4941 4945 4939
f 4939 4945 4946
f 4601 4948 4602
f 4602 4948 4620
f 4600 4604 4581
f 4581 4604 4944
f 5002 5003 4597
f 4597 5003 4614
f 4988 4759 4953
f 4953 4759 4402
f 4706 6548 4707
f 4707 6548 6549
f 4311 4928 4419
f 4419 4928 6550
f 4921 4920 6551
f 6551 4920 6552
f 4925 6553 4926
f 4926 6553 6554
f 4928 4921 4802
f 4802 4921 6551
f 6555 4985 6550
f 6550 4985 4419
f 4952 6556 4953
f 4953 6556 4649
f 4971 6557 4706
f 4706 6557 6548
f 4988 4648 4925
f 4925 4648 6553
f 4707 6549 5006
f 5006 6549 4987
f 4920 6510 6552
f 6552 6510 6518
f 6558 6510 6516
f 6516 6510 6509
f 6559 6558 6539
f 6539 6558 6516
f 6531 6541 6532
f 6532 6541 6560
f 6540 6561 6541
f 6541 6561 6529
f 6542 6562 6540
f 6540 6562 6561
f 6542 3120 6562
f 6562 3120 3142
f 4366 6563 4760
f 4760 6563 4970
f 4815 6564 4816
f 4816 6564 6565
f 3147 3146 6565
f 6565 3146 4816
f 6564 6563 6565
f 6565 6563 6566
f 4837 4385 4357
f 4357 4385 4358
f 6565 6566 3147
f 3147 6566 3149
f 4694 1209 3150
f 5247 5249 5248
f 5248 5249 6522
f 6372 6390 6545
f 6545 6390 6389
f 6375 5254 6376
f 6376 5254 5258
f 6377 6525 6378
f 6378 6525 5255
f 5260 6379 5258
f 5258 6379 6376
f 6380 6567 6381
f 6381 6567 6568
f 6382 6569 6383
f 6383 6569 6570
f 6377 6371 6525
f 6525 6371 6370
f 6379 5260 6384
f 6384 5260 6571
f 6385 6572 6382
f 6382 6572 6569
f 6378 5255 6375
f 6375 5255 5254
f 6386 6573 6387
f 6387 6573 6574
f 6545 6389 5248
f 5248 6389 5245
f 4675 4750 4676
f 4676 4750 6286
f 4734 6289 4735
f 4735 6289 6288
f 4804 6290 4805
f 4805 6290 4963
f 4811 4807 4812
f 4812 4807 4411
f 4954 6292 4955
f 4955 6292 4959
f 4964 4962 4965
f 4965 4962 4751
f 6285 4821 4812
f 4812 4821 4809
f 4675 4287 4965
f 4965 4287 4210
f 6294 4145 4955
f 4955 4145 4154
f 4964 4120 4805
f 4805 4120 4119
f 6298 4966 4734
f 4734 4966 6289
f 6300 6473 4735
f 4735 6473 4732
f 6297 6296 4676
f 4676 6296 4288
f 6523 3160 4330
f 4330 3160 3159
f 5253 5252 6525
f 6525 5252 5255
f 5256 5252 4305
f 4305 5252 5251
f 4304 5257 4305
f 4305 5257 5256
f 4424 5259 4304
f 4304 5259 5257
f 5261 6571 5259
f 5259 6571 5260
f 5262 6573 5261
f 5261 6573 6571
f 5264 6567 5265
f 5265 6567 6574
f 5266 6572 5267
f 5267 6572 6568
f 5268 6570 5269
f 5269 6570 6569
f 1807 3161 5268
f 5268 3161 6570
f 6524 6523 4329
f 4329 6523 4330
f 5253 6526 5250
f 5250 6526 6534
f 6543 6538 6544
f 6544 6538 6369
f 6524 6543 6522
f 6522 6543 6544
f 3071 5367 3052
f 3052 5367 3912
f 6493 3163 6494
f 6494 3163 3162
f 3164 445 3771
f 3771 445 3761
f 461 3165 3919
f 3919 3165 3920
f 330 410 3839
f 3839 410 3910
f 332 331 3552
f 3552 331 3551
f 464 304 3918
f 3918 304 3816
f 385 458 3766
f 3766 458 3894
f 412 415 3762
f 3762 415 3763
f 3166 337 3748
f 3748 337 3745
f 3072 3055 5370
f 5370 3055 3930
f 3073 5369 3056
f 3056 5369 3938
f 3167 3057 6496
f 6496 3057 3937
f 3069 3058 4808
f 4808 3058 3943
f 411 3166 3851
f 3851 3166 3748
f 3059 3163 3951
f 3951 3163 6493
f 336 3164 3772
f 3772 3164 3771
f 3053 3911 3162
f 3162 3911 6494
f 3054 3168 3929
f 3929 3168 3952
f 3165 830 3920
f 3920 830 3945
f 3170 3169 6497
f 6497 3169 6498
f 3171 1354 5005
f 5005 1354 4830
f 3172 3170 6503
f 6503 3170 6497
f 3169 3061 6498
f 6498 3061 4060
f 3173 3171 5006
f 5006 3171 5005
f 3079 3172 6334
f 6334 3172 6503
f 3174 3025 6299
f 6299 3025 6300
f 6576 6577 6575
f 6575 6577 6578
f 4612 4611 6579
f 6579 4611 6580
f 6582 6583 6581
f 6581 6583 6584
f 6584 6585 4618
f 4618 6585 4621
f 6586 6587 6589
f 6589 6587 6588
f 6588 6587 6590
f 6590 6587 6591
f 6592 4606 6590
f 6590 4606 4623
f 6594 6576 6593
f 6593 6576 6575
f 6595 6582 6579
f 6579 6582 6581
f 6580 6597 6596
f 6596 6597 6598
f 6577 6576 6599
f 6599 6576 6600
f 6595 6596 6601
f 6601 6596 6602
f 6583 6582 6603
f 6603 6582 6604
f 6586 6606 6605
f 6605 6606 6607
f 6587 6586 6608
f 6608 6586 6605
f 6587 6608 6591
f 6591 6608 6609
f 6576 6594 6600
f 6600 6594 6610
f 6582 6595 6604
f 6604 6595 6601
f 6599 6611 6577
f 6577 6611 6598
f 6613 6614 6612
f 6612 6614 6615
f 6617 6618 6616
f 6616 6618 6619
f 6621 6622 6620
f 6620 6622 6623
f 6625 6626 6624
f 6624 6626 6627
f 6629 6630 6628
f 6628 6630 6631
f 6633 6634 6632
f 6632 6634 6635
f 6637 6638 6636
f 6636 6638 6639
f 6640 6641 6637
f 6637 6641 6638
f 6643 6633 6642
f 6642 6633 6632
f 6645 6646 6644
f 6644 6646 6647
f 6646 6648 6647
f 6647 6648 6649
f 6651 6652 6650
f 6650 6652 6653
f 6653 6652 6654
f 6654 6652 6655
f 6656 6657 6659
f 6659 6657 6658
f 6661 6662 6660
f 6660 6662 6663
f 6662 6661 6664
f 6664 6661 6665
f 6667 6657 6666
f 6666 6657 6656
f 6669 6670 6668
f 6668 6670 6671
f 6672 6673 6670
f 6670 6673 6671
f 6674 6675 6677
f 6677 6675 6676
f 6675 6678 6676
f 6676 6678 6679
f 6681 6682 6680
f 6680 6682 6683
f 6684 6685 6683
f 6683 6685 6680
f 6687 6688 6686
f 6686 6688 6689
f 6687 6690 6688
f 6688 6690 6691
f 6619 6618 6633
f 6633 6618 6634
f 6632 6635 6693
f 6693 6635 6692
f 6617 6694 6636
f 6636 6694 6637
f 6695 6692 6639
f 6639 6692 6635
f 6637 6694 6640
f 6640 6694 6696
f 6698 6638 6697
f 6697 6638 6641
f 6643 6616 6633
f 6633 6616 6619
f 6642 6699 6641
f 6641 6699 6697
f 6646 6645 6700
f 6700 6645 6621
f 6644 6701 6654
f 6654 6701 6702
f 6700 6703 6646
f 6646 6703 6648
f 6693 6704 6649
f 6649 6704 6647
f 6620 6623 6651
f 6651 6623 6652
f 6693 6649 6699
f 6699 6649 6650
f 6652 6623 6655
f 6655 6623 6622
f 6654 6702 6653
f 6653 6702 6697
f 6615 6614 6657
f 6657 6614 6658
f 6705 6656 6704
f 6704 6656 6659
f 6613 6706 6660
f 6660 6706 6661
f 6704 6659 6701
f 6701 6659 6663
f 6661 6706 6665
f 6665 6706 6707
f 6708 6702 6664
f 6664 6702 6662
f 6612 6615 6667
f 6667 6615 6657
f 6666 6709 6664
f 6664 6709 6708
f 6629 6710 6669
f 6669 6710 6670
f 6668 6711 6679
f 6679 6711 6712
f 6713 6672 6710
f 6710 6672 6670
f 6714 6671 6705
f 6705 6671 6673
f 6628 6631 6674
f 6674 6631 6675
f 6705 6673 6709
f 6709 6673 6677
f 6631 6630 6675
f 6675 6630 6678
f 6712 6708 6679
f 6679 6708 6676
f 6625 6715 6682
f 6682 6715 6683
f 6716 6717 6681
f 6681 6717 6691
f 6718 6684 6715
f 6715 6684 6683
f 6719 6680 6714
f 6714 6680 6685
f 6624 6627 6686
f 6686 6627 6687
f 6689 6711 6685
f 6685 6711 6714
f 6627 6626 6687
f 6687 6626 6690
f 6717 6712 6691
f 6691 6712 6688
f 6612 6707 6613
f 6613 6707 6706
f 6616 6696 6617
f 6617 6696 6694
f 6703 6700 6620
f 6620 6700 6621
f 6715 6625 6718
f 6718 6625 6624
f 6710 6629 6713
f 6713 6629 6628
f 6639 6635 6636
f 6636 6635 6634
f 6641 6640 6642
f 6642 6640 6643
f 6654 6655 6644
f 6644 6655 6645
f 6651 6650 6648
f 6648 6650 6649
f 6659 6658 6663
f 6663 6658 6660
f 6665 6667 6664
f 6664 6667 6666
f 6678 6669 6679
f 6679 6669 6668
f 6673 6672 6677
f 6677 6672 6674
f 6690 6682 6691
f 6691 6682 6681
f 6685 6684 6689
f 6689 6684 6686
f 6636 6634 6617
f 6617 6634 6618
f 6638 6698 6639
f 6639 6698 6695
f 6640 6696 6643
f 6643 6696 6616
f 6693 6699 6632
f 6632 6699 6642
f 6655 6622 6645
f 6645 6622 6621
f 6704 6701 6647
f 6647 6701 6644
f 6651 6648 6620
f 6620 6648 6703
f 6650 6653 6699
f 6699 6653 6697
f 6613 6660 6614
f 6614 6660 6658
f 6663 6662 6701
f 6701 6662 6702
f 6665 6707 6667
f 6667 6707 6612
f 6705 6709 6656
f 6656 6709 6666
f 6630 6629 6678
f 6678 6629 6669
f 6714 6711 6671
f 6671 6711 6668
f 6672 6713 6674
f 6674 6713 6628
f 6677 6676 6709
f 6709 6676 6708
f 6626 6625 6690
f 6690 6625 6682
f 6680 6719 6681
f 6681 6719 6716
f 6684 6718 6686
f 6686 6718 6624
f 6711 6689 6712
f 6689 6688 6712
f 6593 6720 6594
f 6594 6720 6721
f 6722 6720 4607
f 4607 6720 4849
f 6592 6723 6722
f 6722 6723 6724
f 4610 4609 6578
f 6578 4609 6575
f 6596 6595 6580
f 6580 6595 6579
f 4618 4617 6584
f 6584 4617 6581
f 6589 6585 6586
f 6586 6585 6606
f 4622 4619 6588
f 6588 4619 6589
f 4622 6588 4623
f 4623 6588 6590
f 4609 4645 6575
f 6575 4645 6593
f 4617 4612 6581
f 6581 4612 6579
f 5004 4610 6597
f 6597 4610 6578
f 4645 4849 6593
f 6593 4849 6720
f 6724 6721 6722
f 6722 6721 6720
f 6722 4607 6592
f 6592 4607 4606
f 6725 6610 6721
f 6721 6610 6594
f 6723 6726 6724
f 6724 6726 6727
f 6727 6725 6724
f 6724 6725 6721
f 6728 6729 6605
f 6605 6729 6608
f 6605 6607 6728
f 6728 6607 6730
f 6731 6732 6604
f 6604 6732 6603
f 6733 6734 6725
f 6725 6734 6610
f 6735 6733 6727
f 6727 6733 6725
f 6735 6727 6736
f 6736 6727 6726
f 6591 6609 6723
f 6723 6609 6726
f 6723 6592 6591
f 6591 6592 6590
f 6738 6739 6737
f 6737 6739 6740
f 6740 6739 6742
f 6742 6739 6741
f 6743 6744 6741
f 6741 6744 6742
f 6745 6746 6743
f 6743 6746 6744
f 6747 6748 6745
f 6745 6748 6746
f 6749 6750 6747
f 6747 6750 6748
f 6752 6738 6751
f 6751 6738 6737
f 6754 6752 6753
f 6753 6752 6751
f 6756 6754 6755
f 6755 6754 6753
f 6758 6750 6757
f 6757 6750 6749
f 6760 6756 6759
f 6759 6756 6755
f 6762 6760 6761
f 6761 6760 6759
f 6764 6762 6763
f 6763 6762 6761
f 6757 6764 6758
f 6758 6764 6763
f 6766 6741 6765
f 6765 6741 6739
f 6767 6743 6766
f 6766 6743 6741
f 6768 6745 6767
f 6767 6745 6743
f 6769 6747 6768
f 6768 6747 6745
f 6770 6749 6769
f 6769 6749 6747
f 6772 6769 6771
f 6771 6769 6768
f 6773 6770 6772
f 6772 6770 6769
f 6774 6775 6772
f 6772 6775 6773
f 6777 6778 6776
f 6776 6778 6779
f 6775 6774 6778
f 6778 6774 6779
f 6771 6780 6772
f 6772 6780 6774
f 6780 6781 6774
f 6774 6781 6779
f 6781 6782 6779
f 6779 6782 6776
f 6784 6785 6783
f 6783 6785 6786
f 6786 6787 6783
f 6783 6787 6788
f 6790 6788 6789
f 6789 6788 6787
f 6786 6785 6791
f 6791 6785 6792
f 6791 6793 6786
f 6786 6793 6787
f 6793 6794 6787
f 6787 6794 6789
f 6795 6796 6794
f 6794 6796 6789
f 6790 6789 6797
f 6797 6789 6796
f 6798 6765 6738
f 6738 6765 6739
f 6799 6798 6752
f 6752 6798 6738
f 6767 6800 6768
f 6768 6800 6771
f 6766 6801 6767
f 6767 6801 6800
f 6802 6801 6765
f 6765 6801 6766
f 6798 6803 6765
f 6765 6803 6802
f 6804 6803 6799
f 6799 6803 6798
f 6805 6806 6804
f 6804 6806 6803
f 6807 6799 6754
f 6754 6799 6752
f 6808 6804 6807
f 6807 6804 6799
f 6809 6805 6808
f 6808 6805 6804
f 6810 6811 6805
f 6805 6811 6806
f 6812 6813 6810
f 6810 6813 6811
f 6814 6815 6796
f 6796 6815 6797
f 6813 6814 6816
f 6816 6814 6817
f 6816 6818 6813
f 6813 6818 6811
f 6819 6806 6818
f 6818 6806 6811
f 6802 6803 6819
f 6819 6803 6806
f 6757 6749 6820
f 6820 6749 6770
f 6820 6770 6821
f 6821 6770 6773
f 6821 6773 6822
f 6822 6773 6775
f 6822 6775 6823
f 6823 6775 6778
f 6824 6823 6777
f 6777 6823 6778
f 6784 6825 6777
f 6777 6825 6824
f 6826 6827 6788
f 6788 6827 6783
f 6828 6826 6790
f 6790 6826 6788
f 6829 6828 6797
f 6797 6828 6790
f 6815 6830 6797
f 6797 6830 6829
f 6832 6812 6831
f 6831 6812 6810
f 6831 6810 6809
f 6809 6810 6805
f 6736 6800 6735
f 6735 6800 6801
f 6733 6735 6802
f 6802 6735 6801
f 6734 6733 6819
f 6819 6733 6802
f 6833 6734 6818
f 6818 6734 6819
f 6834 6833 6816
f 6816 6833 6818
f 6816 6817 6834
f 6834 6817 6835
f 6837 6795 6836
f 6836 6795 6794
f 6836 6794 6731
f 6731 6794 6793
f 6732 6731 6791
f 6791 6731 6793
f 6791 6792 6732
f 6732 6792 6730
f 6729 6728 6781
f 6781 6728 6782
f 6838 6807 6756
f 6756 6807 6754
f 6839 6838 6760
f 6760 6838 6756
f 6840 6839 6762
f 6762 6839 6760
f 6841 6840 6764
f 6764 6840 6762
f 6820 6841 6757
f 6757 6841 6764
f 6841 6820 6842
f 6842 6820 6821
f 6840 6841 6843
f 6843 6841 6842
f 6839 6840 6844
f 6844 6840 6843
f 6838 6839 6845
f 6845 6839 6844
f 6807 6838 6808
f 6808 6838 6845
f 6842 6821 6846
f 6846 6821 6822
f 6843 6842 6847
f 6847 6842 6846
f 6844 6843 6848
f 6848 6843 6847
f 6845 6844 6849
f 6849 6844 6848
f 6808 6845 6809
f 6809 6845 6849
f 6850 6831 6849
f 6849 6831 6809
f 6851 6850 6848
f 6848 6850 6849
f 6847 6852 6848
f 6848 6852 6851
f 6853 6852 6846
f 6846 6852 6847
f 6846 6822 6853
f 6853 6822 6823
f 6853 6823 6854
f 6854 6823 6824
f 6854 6855 6853
f 6853 6855 6852
f 6856 6851 6855
f 6855 6851 6852
f 6856 6857 6851
f 6851 6857 6850
f 6857 6832 6850
f 6850 6832 6831
f 6825 6858 6824
f 6824 6858 6854
f 6860 6827 6859
f 6859 6827 6826
f 6859 6826 6861
f 6861 6826 6828
f 6862 6861 6829
f 6829 6861 6828
f 6830 6863 6829
f 6829 6863 6862
f 6863 6864 6862
f 6862 6864 6865
f 6858 6866 6854
f 6854 6866 6855
f 6867 6865 6866
f 6866 6865 6864
f 6869 6859 6868
f 6868 6859 6861
f 6867 6869 6865
f 6865 6869 6868
f 6861 6862 6868
f 6868 6862 6865
f 6867 6860 6869
f 6869 6860 6859
f 6753 6751 6698
f 6698 6751 6695
f 6697 6755 6698
f 6698 6755 6753
f 6759 6755 6702
f 6702 6755 6697
f 6761 6759 6708
f 6708 6759 6702
f 6763 6761 6712
f 6712 6761 6708
f 6758 6763 6717
f 6717 6763 6712
f 6750 6758 6716
f 6716 6758 6717
f 6719 6748 6716
f 6716 6748 6750
f 6714 6746 6719
f 6719 6746 6748
f 6705 6744 6714
f 6714 6744 6746
f 6704 6742 6705
f 6705 6742 6744
f 6740 6742 6693
f 6693 6742 6704
f 6737 6740 6692
f 6692 6740 6693
f 6751 6737 6695
f 6695 6737 6692
f 6601 6602 6836
f 6836 6602 6837
f 6604 6601 6731
f 6731 6601 6836
f 6599 6600 6834
f 6834 6600 6833
f 6834 6835 6599
f 6599 6835 6611
f 6600 6610 6833
f 6833 6610 6734
f 6780 6771 6870
f 6870 6771 6736
f 6736 6771 6800
f 6870 6729 6780
f 6780 6729 6781
f 6608 6729 6609
f 6609 6729 6870
f 6609 6870 6726
f 6726 6870 6736
f 5014 5015 5229
f 5229 5015 5230
f 4258 5015 4259
f 4259 5015 4878
f 3471 3013 4703
f 4703 3013 4704
f 2879 6337 1306
f 1306 6337 4785
f 829 3471 4316
f 4316 3471 4703
f 4702 3472 5223
f 5223 3472 1756
f 6871 6872 4534
f 4534 6872 4535
f 6871 4665 6872
f 6872 4665 4844
f 6871 6873 4665
f 4665 6873 4559
f 6871 4534 6873
f 6873 4534 4542
f 4153 4152 4822
f 4822 4152 4407
f 4152 4168 4407
f 4407 4168 4342
f 4343 4168 4923
f 4923 4168 4167
f 4363 4362 4972
f 4972 4362 4840
f 4362 4394 4840
f 4840 4394 4839
f 4401 4400 4986
f 4986 4400 4984
f 4435 4434 4841
f 4841 4434 4842
f 4506 4505 4530
f 4530 4505 4531
f 4506 4535 4507
f 4507 4535 4843
f 4661 4660 4516
f 4516 4660 4517
f 4673 4672 4937
f 4937 4672 6547
f 4400 4924 4984
f 4984 4924 5263
f 4673 4660 4674
f 4674 4660 4659
f 4505 4661 4531
f 4531 4661 4516
f 4952 4401 6874
f 6874 4401 4986
f 4954 4153 6875
f 6875 4153 4822
f 4363 4973 4364
f 4364 4973 4974
f 5264 4924 5267
f 5267 4924 4691
f 6293 6292 6876
f 6876 6292 6877
f 6380 4343 6387
f 6387 4343 4923
f 4394 4435 4839
f 4839 4435 4841
f 4672 4434 6547
f 6547 4434 4433
f 4973 6556 4974
f 4974 6556 6878
f 6567 6380 6574
f 6574 6380 6387
f 6292 4954 6877
f 6877 4954 6875
f 6567 5264 6568
f 6568 5264 5267
f 4145 4144 4154
f 4154 4144 4151
f 4194 4144 4425
f 4425 4144 4143
f 4355 4354 5263
f 5263 4354 4984
f 4360 4359 4364
f 4364 4359 4361
f 4444 4359 4392
f 4392 4359 4337
f 4447 4446 4432
f 4432 4446 4433
f 4464 4463 6547
f 6547 4463 4937
f 4519 4518 4654
f 4654 4518 4509
f 4533 4532 4499
f 4499 4532 4498
f 4533 4542 4530
f 4530 4542 4534
f 4519 4532 4516
f 4516 4532 4531
f 4922 4194 4426
f 4426 4194 4425
f 4463 4518 4937
f 4937 4518 4517
f 6555 4951 6874
f 6874 4951 6878
f 4958 4957 6290
f 6290 4957 6291
f 4334 4360 4712
f 4712 4360 4950
f 4985 4354 4419
f 4419 4354 4353
f 5262 4355 5265
f 5265 4355 5263
f 6294 4958 4804
f 4804 4958 6290
f 6386 4922 6384
f 6384 4922 4426
f 4444 4447 4393
f 4393 4447 4432
f 4464 4446 4465
f 4465 4446 4445
f 4985 6555 4986
f 4986 6555 6874
f 6573 6386 6571
f 6571 6386 6384
f 4145 6294 4146
f 4146 6294 4804
f 6573 5262 6574
f 6574 5262 5265
f 4542 4541 6873
f 6873 4541 4559
f 4535 6872 4843
f 4843 6872 4844
f 4104 4103 6879
f 6879 4103 6343
f 4105 6293 6307
f 6307 6293 6876
f 4104 4956 4105
f 4105 4956 6293
f 4956 4104 4957
f 4957 4104 6879
f 4957 6879 6291
f 6291 6879 6309
f 4648 4988 4649
f 4649 4988 4953
f 4802 4803 4928
f 4928 4803 6550
f 6550 4803 6555
f 6555 4803 4951
f 1516 3173 4987
f 4987 3173 5006
f 6519 6518 6558
f 6558 6518 6510
f 6527 6519 6559
f 6559 6519 6558
f 6528 6560 6529
f 6529 6560 6541
f 6548 4625 6549
f 6549 4625 4624
f 6551 6552 4746
f 4746 6552 6505
f 6553 4711 6554
f 6554 4711 4710
f 4802 6551 4713
f 4713 6551 4746
f 6556 4973 4649
f 4649 4973 4646
f 6557 4949 6548
f 6548 4949 4625
f 4648 4647 6553
f 6553 4647 4711
f 6549 4624 4987
f 4987 4624 4838
f 6552 6518 6505
f 6505 6518 6507
f 6561 4372 6529
f 6529 4372 6514
f 6562 4369 6561
f 6561 4369 4372
f 3142 3482 6562
f 6562 3482 4369
f 6556 4952 6878
f 6878 4952 6874
f 4951 4950 6878
f 6878 4950 4974
f 3168 440 3952
f 4204 4203 5341
f 5341 4203 6364
f 4219 4222 6429
f 6429 4222 4383
f 4319 4322 6506
f 6506 4322 4747
f 4340 4714 4341
f 4341 4714 4384
f 4375 4377 6388
f 6388 4377 6546
f 4378 4381 6311
f 6311 4381 4720
f 4449 4341 4387
f 4387 4341 4384
f 4473 4472 4477
f 4477 4472 4474
f 4492 4491 4487
f 4487 4491 4488
f 4523 4491 4522
f 4522 4491 4490
f 4492 4538 4493
f 4493 4538 4555
f 4538 4553 4555
f 4555 4553 4556
f 4620 4615 4621
f 4621 4615 4618
f 4652 4651 4368
f 4368 4651 4365
f 4523 4655 4524
f 4524 4655 4656
f 4553 4667 4556
f 4556 4667 4571
f 4651 1210 4365
f 4365 1210 1209
f 4698 4697 5223
f 5223 4697 6344
f 4340 4339 4322
f 4322 4339 4747
f 4726 4729 5287
f 5287 4729 4198
f 4381 4380 4737
f 4737 4380 6368
f 4836 4835 4451
f 4451 4835 4709
f 4910 6367 4911
f 4911 6367 6366
f 4912 4915 6450
f 6450 4915 6449
f 4927 4836 4450
f 4450 4836 4451
f 4930 4929 4439
f 4439 4929 4436
f 4936 4935 4459
f 4459 4935 4456
f 4473 4655 4470
f 4470 4655 4510
f 4942 4583 4943
f 4943 4583 4572
f 4948 4601 4947
f 4947 4601 4584
f 4949 4835 4625
f 4625 4835 4626
f 4966 4969 6289
f 6289 4969 4695
f 4971 4652 4926
f 4926 4652 4368
f 4203 4977 6364
f 6364 4977 6365
f 4990 4989 4443
f 4443 4989 4440
f 4990 4991 4478
f 4478 4991 4512
f 4992 4991 4528
f 4528 4991 4515
f 4992 4993 4527
f 4527 4993 4485
f 4994 4993 4502
f 4502 4993 4503
f 4994 4995 4482
f 4482 4995 4550
f 4543 4996 4544
f 4544 4996 4995
f 4999 4998 4567
f 4567 4998 4578
f 5000 4998 4575
f 4575 4998 4997
f 5002 5001 4592
f 4592 5001 4574
f 5003 5004 4614
f 4614 5004 4611
f 3483 4215 1755
f 1755 4215 4698
f 5274 5277 4195
f 4195 5277 4223
f 4726 5295 4727
f 4727 5295 6350
f 5309 5342 5310
f 5310 5342 6363
f 5315 5314 5316
f 5316 5314 5317
f 5339 6362 5340
f 5340 6362 5363
f 5310 6363 5339
f 5339 6363 6362
f 4204 5309 4201
f 4201 5309 5308
f 4915 5345 6449
f 6449 5345 6448
f 5345 5315 6448
f 6448 5315 5316
f 5348 5347 6351
f 6351 5347 6352
f 5365 4263 5340
f 5340 4263 4262
f 6295 6298 4733
f 4733 6298 4734
f 4969 6306 4695
f 4695 6306 4696
f 6306 4378 4696
f 4696 4378 6311
f 6369 6372 6544
f 6544 6372 6545
f 4375 6390 4373
f 4373 6390 4374
f 6421 6422 4911
f 4911 6422 4908
f 4910 4909 4737
f 4737 4909 4736
f 5277 4219 4223
f 4223 4219 6429
f 4697 4222 6344
f 6344 4222 4221
f 6436 6361 6437
f 6437 6361 6360
f 6438 6440 6437
f 6437 6440 6434
f 6438 6359 6441
f 6441 6359 6358
f 6442 6441 6357
f 6357 6441 6358
f 6442 6444 6443
f 6443 6444 6445
f 6446 6444 6355
f 6355 6444 6356
f 6446 4912 6447
f 6447 4912 6450
f 6436 6435 5365
f 5365 6435 4263
f 5314 5347 5317
f 5317 5347 5346
f 4319 6512 4320
f 4320 6512 6513
f 6520 6512 6521
f 6521 6512 6508
f 6528 6520 6527
f 6527 6520 6521
f 6532 6539 6533
f 6533 6539 6535
f 6533 6535 6537
f 6537 6535 6534
f 6538 6543 6537
f 6537 6543 6536
f 6295 4377 6296
f 6296 4377 4376
f 4989 4930 4440
f 4440 4930 4439
f 4927 4929 4422
f 4422 4929 4455
f 4449 4936 4388
f 4388 4936 4459
f 4472 4935 4474
f 4474 4935 4932
f 4942 4940 4947
f 4947 4940 4939
f 5001 5000 4574
f 4574 5000 4575
f 4669 4943 4666
f 4666 4943 4667
f 4996 4999 4547
f 4547 4999 4567
f 4948 4946 4620
f 4620 4946 4615
f 5003 5002 4591
f 4591 5002 4592
f 6557 4971 6554
f 6554 4971 4926
f 6532 6560 6539
f 6539 6560 6559
f 6390 6372 4374
f 4374 6372 6371
f 4966 6298 4967
f 4967 6298 6297
f 6538 6526 6369
f 6369 6526 6370
f 6585 6589 4621
f 4621 6589 4619
f 6597 6578 6598
f 6598 6578 6577
f 6606 6583 6607
f 6607 6583 6603
f 6611 6602 6598
f 6598 6602 6596
f 6585 6584 6606
f 6606 6584 6583
f 6597 6580 5004
f 5004 6580 4611
f 6607 6603 6730
f 6730 6603 6732
f 6776 6785 6777
f 6777 6785 6784
f 6785 6776 6792
f 6792 6776 6782
f 6815 6814 6812
f 6812 6814 6813
f 6817 6814 6795
f 6795 6814 6796
f 6825 6784 6827
f 6827 6784 6783
f 6830 6815 6832
f 6832 6815 6812
f 6817 6795 6835
f 6835 6795 6837
f 6792 6782 6730
f 6730 6782 6728
f 6858 6825 6860
f 6860 6825 6827
f 6863 6830 6857
f 6857 6830 6832
f 6864 6863 6856
f 6856 6863 6857
f 6866 6858 6867
f 6867 6858 6860
f 6866 6864 6855
f 6855 6864 6856
f 6835 6837 6611
f 6611 6837 6602
f 6560 6528 6559
f 6559 6528 6527
f 4949 6557 4710
f 4710 6557 6554
f 4430 4090 4175
f 4175 4090 4089
f 4777 4113 4155
f 4155 4113 4086
f 4175 4089 4176
f 4176 4089 4142
f 4199 4271 4200
f 4200 4271 4798
f 4199 4095 4272
f 4272 4095 5273
f 4406 4405 4404
f 4404 4405 4346
f 4410 4409 6877
f 6877 4409 6876
f 4409 4413 6876
f 6876 4413 6307
f 4415 4148 4416
f 4416 4148 4147
f 4690 4405 4344
f 4344 4405 4342
f 4693 4692 4352
f 4352 4692 4349
f 4701 4700 6337
f 6337 4700 6338
f 4778 4777 4081
f 4081 4777 4155
f 4821 4406 4809
f 4809 4406 4404
f 4176 4142 4181
f 4181 4142 4415
f 4760 4970 4399
f 4399 4970 4692
f 4200 5007 4096
f 4096 5007 4078
f 5266 4693 5269
f 5269 4693 4352
f 5270 5007 5361
f 5361 5007 4797
f 4778 5270 4779
f 4779 5270 5361
f 6285 4410 6875
f 6875 4410 6877
f 6308 4413 4687
f 4687 4413 4412
f 6480 6320 6481
f 6481 6320 6880
f 4701 2878 4702
f 4702 2878 3472
f 6339 6347 6340
f 6340 6347 6348
f 6341 6342 6346
f 6346 6342 6345
f 4416 6308 4414
f 4414 6308 4687
f 6385 4690 6381
f 6381 4690 4344
f 5282 6341 5280
f 5280 6341 6339
f 4700 6342 6338
f 6338 6342 5281
f 6340 6348 4272
f 4272 6348 4270
f 6480 6479 4828
f 4828 6479 4829
f 6490 6479 6489
f 6489 6479 6478
f 4090 4430 6490
f 6490 4430 4429
f 6563 6564 4970
f 4970 6564 4815
f 4694 6566 4366
f 4366 6566 6563
f 6572 6385 6568
f 6568 6385 6381
f 4821 6285 4822
f 4822 6285 6875
f 6572 5266 6569
f 6569 5266 5269
f 3482 3103 4369
f 4369 3103 4370
f 3121 4730 3485
f 3485 4730 4327
f 6277 6280 6273
f 6273 6280 6272
f 6267 6276 6278
f 6278 6276 6279
f 6278 6279 6277
f 6277 6279 6280
f 6279 6256 6280
f 6280 6256 6255
f 6256 3857 6255
f 6255 3857 3754
f 3857 3856 3754
f 3754 3856 3755
f 3856 3703 3755
f 3755 3703 3863
f 3703 3702 3863
f 3863 3702 3759
f 3702 3706 3759
f 3759 3706 3670
f 3706 3705 3670
f 3670 3705 3668
f 3705 3773 3668
f 3668 3773 3882
f 3882 3773 3883
f 3883 3773 3707
f 3707 3708 3883
f 3883 3708 3880
f 3708 3710 3880
f 3880 3710 3881
f 3709 5241 3710
f 3710 5241 3881
f 5241 3709 5234
f 5234 3709 3786
f 3693 3712 3786
f 3786 3712 5234
f 4051 4055 4052
f 4052 4055 4056
f 4056 4055 4057
f 4057 4055 4054
f 4066 5238 5236
f 5236 5238 3989
f 4066 4069 5238
f 5238 4069 4035
f 6881 3962 3960
f 3960 3962 3957
f 6883 4070 6882
f 6882 4070 3941
f 4070 6883 4071
f 4071 6883 6884
f 4071 6884 4072
f 4072 6884 6885
f 6885 6886 4072
f 4072 6886 4031
f 3955 6881 3956
f 3956 6881 3960
f 6884 3991 6885
f 6885 3991 3990
f 6883 6887 6884
f 6884 6887 3991
f 6887 6888 3991
f 3991 6888 3992
f 6888 6887 6889
f 6889 6887 6890
f 6887 6883 6890
f 6890 6883 6882
f 4058 5240 3953
f 3953 5240 3954
f 5236 6888 5239
f 5239 6888 6889
f 5237 6886 3990
f 3990 6886 6885
f 4034 4031 5237
f 5237 4031 6886
f 6881 6882 3962
f 3962 6882 3941
f 6881 3955 6882
f 6882 3955 6890
f 3955 3954 6890
f 6890 3954 6889
f 5239 6889 5240
f 5240 6889 3954
f 6888 5236 3992
f 3992 5236 3989
f 3869 3868 3888
f 3888 3868 4015
f 3868 4012 4015
f 4015 4012 4010
f 4012 4022 4010
f 4010 4022 4009
f 4022 4021 4009
f 4009 4021 4018
f 4020 3974 4001
f 4001 3974 3996
f 4021 4020 4029
f 4029 4020 4001
f 4085 4156 4086
f 4086 4156 4155
f 4113 4777 4114
f 4114 4777 4776
f 4130 4129 4094
f 4094 4129 4091
f 4139 4773 4140
f 4140 4773 4772
f 4149 4178 4150
f 4150 4178 5225
f 4160 4159 4087
f 4087 4159 4088
f 4149 4148 4179
f 4179 4148 4141
f 4085 4084 4183
f 4183 4084 6315
f 4179 4141 4159
f 4159 4141 4088
f 4192 4130 4162
f 4162 4130 4094
f 4197 5288 4198
f 4198 5288 5287
f 4229 4766 4230
f 4230 4766 4771
f 4245 4246 4242
f 4242 4246 4249
f 4183 6315 4418
f 4418 6315 6314
f 4679 4178 4680
f 4680 4178 4177
f 4724 4798 4725
f 4725 4798 4271
f 4728 5275 4729
f 4729 5275 5274
f 4230 4771 4249
f 4249 4771 4242
f 4724 4723 4799
f 4799 4723 5355
f 4823 4824 4891
f 4891 4824 6327
f 4823 4192 4161
f 4161 4192 4162
f 4893 4767 4229
f 4229 4767 4766
f 4894 4895 4898
f 4898 4895 4899
f 4106 4150 4103
f 4103 4150 5225
f 4680 4894 4677
f 4677 4894 4898
f 6420 4977 5301
f 5301 4977 4976
f 4679 4678 5226
f 5226 4678 4427
f 5228 5008 4893
f 4893 5008 4767
f 5285 6354 5286
f 5286 6354 5343
f 5289 5352 5290
f 5290 5352 5349
f 5290 5349 5295
f 5295 5349 5348
f 5302 5299 4202
f 4202 5299 4976
f 4725 4271 5311
f 5311 4271 4270
f 5325 4723 5326
f 5326 4723 4722
f 5335 5355 5325
f 5325 5355 4723
f 5326 4722 5286
f 5286 4722 5283
f 4799 5357 4797
f 4797 5357 5361
f 5359 5356 5335
f 5335 5356 5355
f 4775 4774 5356
f 5356 4774 5357
f 5359 5358 4092
f 4092 5358 4093
f 6316 4740 6317
f 6317 4740 4739
f 6318 4827 6316
f 6316 4827 4740
f 6319 4828 6318
f 6318 4828 4827
f 6320 6480 6319
f 6319 6480 4828
f 6484 6322 6485
f 6485 6322 6321
f 6487 6324 6331
f 6331 6324 6323
f 6331 6323 6330
f 6330 6323 6325
f 6325 6326 6330
f 6330 6326 6329
f 6326 6328 6329
f 6329 6328 5231
f 4824 4685 5228
f 5228 4685 5008
f 5226 6343 5225
f 5225 6343 4103
f 4728 4727 6349
f 6349 4727 5284
f 6350 6351 5285
f 5285 6351 6354
f 4247 4246 6418
f 6418 4246 6365
f 6400 6402 6401
f 6401 6402 6459
f 4197 4196 6409
f 6409 4196 6426
f 6412 4897 6328
f 6328 4897 5231
f 6413 4133 6412
f 6412 4133 4897
f 6414 4134 6413
f 6413 4134 4133
f 6415 4225 6414
f 6414 4225 4134
f 6416 4252 6415
f 6415 4252 4225
f 6417 4253 6416
f 6416 4253 4252
f 4253 6417 6366
f 6366 6417 6419
f 6366 6419 4911
f 4911 6419 6421
f 6422 6423 4908
f 4908 6423 5298
f 5298 6423 6396
f 6396 6423 6424
f 6409 6426 6425
f 6425 6426 6397
f 5300 5299 6399
f 6399 5299 6400
f 6465 6408 6401
f 6401 6408 6398
f 6424 6399 6425
f 6425 6399 6398
f 6349 5284 5311
f 5311 5284 5283
f 6465 6464 5289
f 5289 6464 5352
f 6488 6483 6492
f 6492 6483 6482
f 6486 6491 6482
f 6482 6491 6492
f 6491 4895 6492
f 6492 4895 4157
f 6488 4160 6489
f 6489 4160 4087
f 6501 6502 4418
f 4418 6502 4417
f 6504 6500 6317
f 6317 6500 6314
f 3497 3496 6501
f 6501 3496 6502
f 3499 3498 6504
f 6504 3498 6500
f 4729 5274 4198
f 4198 5274 4195
f 6418 6365 6420
f 6420 6365 4977
f 5295 5348 6350
f 6350 5348 6351
f 5301 6422 6420
f 6420 6422 6421
f 4113 4112 4086
f 4086 4112 4083
f 6320 4112 6880
f 6880 4112 4111
f 4091 4772 4092
f 4092 4772 4775
f 4129 4140 4091
f 4091 4140 4772
f 4137 4140 4128
f 4128 4140 4129
f 4128 6324 4137
f 4137 6324 6321
f 6324 6487 6321
f 6321 6487 6485
f 6487 6486 6485
f 6485 6486 6482
f 4774 4773 4779
f 4779 4773 4776
f 4773 4139 4776
f 4776 4139 4114
f 4139 4138 4114
f 4114 4138 4111
f 4138 6322 4111
f 4111 6322 6880
f 6322 6484 6880
f 6880 6484 6481
f 6484 6483 6481
f 6481 6483 6478
f 6879 6343 6309
f 6309 6343 4428
f 4106 4105 4900
f 4900 4105 6307
f 3500 3167 6495
f 6495 3167 6496
f 3500 6495 3070
f 3070 6495 5368
f 3502 5235 3501
f 3501 5235 4813
f 3024 3503 6473
f 6473 3503 6474
f 3503 3023 6474
f 6474 3023 6374
f 3504 1770 4348
f 4348 1770 4345
f 3502 3505 5235
f 5235 3505 4810
f 3498 3497 6500
f 6500 3497 6501
f 3496 3075 6502
f 6502 3075 6275
f 6299 4254 3174
f 3174 4254 3017
f 1769 3501 4814
f 4814 3501 4813
f 3506 3018 6476
f 6476 3018 4257
f 3507 3499 6499
f 6499 3499 6504
f 3030 4216 3483
f 3483 4216 4215
f 3077 3507 6333
f 6333 3507 6499
f 1784 3160 5249
f 5249 3160 6523
f 3015 3506 4240
f 4240 3506 6476
f 3508 3504 6383
f 6383 3504 4348
f 3509 3016 6477
f 6477 3016 4239
f 3028 3509 6467
f 6467 3509 6477
f 3022 1785 5246
f 5246 1785 5247
f 3161 3508 6570
f 6570 3508 6383
f 3150 3149 4694
f 4694 3149 6566
f 1327 4807 3510
f 3510 4807 4811
f 3510 4811 3505
f 3505 4811 4810
f 3146 3511 4816
f 4816 3511 4350
f 3511 1808 4350
f 4350 1808 4351
f 3485 4327 3159
f 3159 4327 4330
f 1326 3512 4806
f 4806 3512 6310
f 3512 1331 6310
f 6310 1331 4688

